PERSON_ID,NAME_LIST,LABEL,DES,N_DES
PERSON#152,宋江,梁山,宋江，字公明，古典名著《水浒传》中的人物。生性重义，好结识江湖上的好汉。绰号呼保义、及时雨、孝义黑三郎。梁山一百单八将之首，上应天魁星。原为山东郓城县押司，因平日仗义疏财、扶危济困而声名远扬。他私放了劫走生辰纲的晁盖一行，后怒杀不守妇道的阎婆惜，到清风寨投奔花荣，却在观灯时遭知寨刘高之妻陷害入狱，押送青州途中被燕顺等人解救。宋父在书信中谎称自己病逝，宋江独自奔丧却被抓住，发配江州，途中又结识了不少好汉。一日醉酒，在江州浔阳楼题反诗，被判死刑，处决那天获梁山人马解救，遂上山落草。每当梁山泊有战事，宋江都主动请缨出征，无往不利，在山寨的威望日益上涨。晁盖兵败曾头市身死，宋江被众人推举坐上第一把交椅，继续壮大山寨直至天罡地煞齐聚。后两胜童贯、三胜高俅。接受招安后，宋江带领梁山人马南征北战，先后平定辽国、河北田虎、淮西王庆、江南方腊，功成获封，却遭朝中奸臣陷害，饮下毒酒，葬于蓼儿洼。,[PERSON#152]，字公明，生性重义，好结识江湖上的好汉。绰号[PERSON#152]、[PERSON#152]、[PERSON#152]。[LOCATION#752]一百单八将之首，上应天魁星。原为[LOCATION#66]押司，因平日仗义疏财、扶危济困而声名远扬。他私放了劫走生辰纲的[PERSON#959]一行，后怒杀不守妇道的[PERSON#183]，到[LOCATION#159]投奔[PERSON#399]，却在观灯时遭知寨[PERSON#131]之妻陷害入狱，押送[LOCATION#234]途中被[PERSON#637]等人解救。宋父在书信中谎称自己病逝，[PERSON#152]独自奔丧却被抓住，发配[LOCATION#131]，途中又结识了不少好汉。一日醉酒，在[LOCATION#131][LOCATION#150]题反诗，被判死刑，处决那天获[LOCATION#752]人马解救，遂上山落草。每当[LOCATION#752]有战事，[PERSON#152]都主动请缨出征，无往不利，在山寨的威望日益上涨。[PERSON#959]兵败[LOCATION#108]身死，[PERSON#152]被众人推举坐上第一把交椅，继续壮大山寨直至天罡地煞齐聚。后两胜[PERSON#398]、三胜[PERSON#974]。接受招安后，[PERSON#152]带领[LOCATION#752]人马南征北战，先后平定[LOCATION#213]、[LOCATION#142][PERSON#1003]、[LOCATION#155][PERSON#363]、[LOCATION#130][PERSON#598]，功成获封，却遭朝中奸臣陷害，饮下毒酒，葬于[LOCATION#204]。
PERSON#546,吴用,梁山,吴用，表字学究，道号“加亮先生”，古典名著《水浒传》中的人物。一百单八将之一，绰号“智多星”。出场于第十四回“赤发鬼醉卧灵官殿 晁天王认义东溪村”。原为东溪村的私塾先生，与保正晁盖等人七星聚义，谋划劫取十万贯生辰纲，事发被官府追捕，上梁山落草。智激林冲杀死王伦后，与众人推举晁盖为梁山之主，吴用则成为军师，为梁山出谋划策，招揽各路英雄。在攻打祝家庄、大闹华州城等战役中都献有奇策。晁盖死后，吴用又与林冲、公孙胜拥戴宋江坐第一把交椅。梁山大聚义时，排名第三位，上应天机星，为掌管机密军师第一名。征方腊回朝授武胜军承宣使，后在梦中得知宋江被害，自缢于宋江墓前。吴用为全书主要人物之一，扮演着军事谋略家的角色，具有一定的理想化色彩。作为贫苦知识分子的典型，吴用图的是一世快活，最终却也为忠义而死。他的事迹在民间流传极广，为戏剧、小说以及影视剧所广泛演绎。,[PERSON#546]，表字[PERSON#546]，道号“[PERSON#546]”，绰号“[PERSON#546]”。出场于“[PERSON#925]醉卧灵官殿 [PERSON#959]认义[LOCATION#8]”。原为[LOCATION#8]的私塾先生，与保正[PERSON#959]等人七星聚义，谋划劫取十万贯生辰纲，事发被官府追捕，上[LOCATION#752]落草。智激[PERSON#699]杀死[PERSON#320]后，与众人推举[PERSON#959]为[LOCATION#752]之主，[PERSON#546]则成为军师，为[LOCATION#752]出谋划策，招揽各路英雄。在攻打[LOCATION#185]、大闹[LOCATION#33]等战役中都献有奇策。[PERSON#959]死后，[PERSON#546]又与[PERSON#699]、[PERSON#204]拥戴[PERSON#152]坐第一把交椅。[LOCATION#752]大聚义时，排名第三位，上应天机星，为掌管机密军师第一名。征[PERSON#598]回朝授武胜军承宣使，后在梦中得知[PERSON#152]被害，自缢于[PERSON#152]墓前。[PERSON#546]为全书主要人物之一，扮演着军事谋略家的角色，具有一定的理想化色彩。作为贫苦知识分子的典型，[PERSON#546]图的是一世快活，最终却也为忠义而死。他的事迹在民间流传极广，为戏剧、小说以及影视剧所广泛演绎。
PERSON#614,李逵,梁山,李逵，古典名著《水浒传》中的人物。一百单八将之一，生得黝黑粗壮，绰号“黑旋风”。沂州沂水县人氏，因打死了人，逃亡在外，被戴宗留在江州当牢子，结识了宋江。为救宋江，与梁山众人大闹江州。落草之后，本想带老母上山享福，老母却在沂岭被老虎所害，于是李逵怒杀一窝四虎。梁山大聚义时，排第二十二位，上应天杀星，为步军头领第五位。受招安后，跟随宋江南征北战，回朝受封镇江润州都统制。宋江饮下奸臣送来的毒酒后，担心李逵造反复仇，设法使其也饮下毒酒。李逵亦是元杂剧“水浒戏”中的重要角色之一。,[PERSON#614]，生得黝黑粗壮，绰号“[PERSON#614]”。[LOCATION#136][LOCATION#137]人氏，因打死了人，逃亡在外，被[PERSON#968]留在[LOCATION#131]当牢子，结识了[PERSON#152]。为救[PERSON#152]，与[LOCATION#752]众人大闹[LOCATION#131]。落草之后，本想带老母上山享福，老母却在[LOCATION#135]被老虎所害，于是[PERSON#614]怒杀一窝四虎。[LOCATION#752]大聚义时，排第二十二位，上应天杀星，为步军头领第五位。受招安后，跟随[PERSON#152]南征北战，回朝受封[LOCATION#227][LOCATION#153]都统制。[PERSON#152]饮下奸臣送来的毒酒后，担心[PERSON#614]造反复仇，设法使其也饮下毒酒。[PERSON#614]亦是元杂剧“水浒戏”中的重要角色之一。
PERSON#622,石秀,梁山,石秀，古典名著《水浒传》中的人物。一百单八将之一，绰号“拼命三郎”。初登场于第四十四回“锦豹子小径逢戴宗，病关索长街遇石秀”。江南人氏，祖籍金陵建康府。本随叔父贩卖羊马，叔父却半途染病亡故，无钱还乡，流落蓟州。因打抱不平结识杨雄，并与其结为兄弟，随后在杨雄的帮助下开设一家肉铺。得知嫂子潘巧云与和尚裴如海通奸，他告知杨雄，却反被潘巧云诬陷。石秀杀死裴如海，使杨雄得知真相。二人清算潘巧云后偶遇时迁，决定一同前往梁山落草。途中三人与祝家庄起冲突，时迁被捉，石秀、杨雄便随梁山人马三打祝家庄，救出时迁，正式入伙。攻打大名府前，石秀与杨雄一同打探消息，得知卢俊义即将问斩，石秀只身劫法场，保下卢俊义，自己也因寡不敌众被抓，直到吴用等人攻破大名府得救。梁山大聚义时，排第三十三位，上应天慧星，担任步兵头领之一。梁山受招安后，随宋江四处征战，颇有战功。征方腊过程中在昱岭关被乱箭射死，追封忠武郎。石秀是《水浒传,[PERSON#622]，绰号“[PERSON#622]”。初登场于“[PERSON#717]小径逢[PERSON#968]，[PERSON#87]长街遇[PERSON#622]”。[LOCATION#130]人氏，祖籍[LOCATION#224]建康府。本随叔父贩卖羊马，叔父却半途染病亡故，无钱还乡，流落[LOCATION#202]。因打抱不平结识[PERSON#87]，并与其结为兄弟，随后在[PERSON#87]的帮助下开设一家肉铺。得知嫂子[PERSON#387]与和尚[PERSON#104]通奸，他告知[PERSON#87]，却反被[PERSON#387]诬陷。[PERSON#622]杀死[PERSON#104]，使[PERSON#87]得知真相。二人清算[PERSON#387]后偶遇[PERSON#896]，决定一同前往[LOCATION#752]落草。途中三人与[LOCATION#185]起冲突，[PERSON#896]被捉，[PERSON#622]、[PERSON#87]便随[LOCATION#752]人马三打[LOCATION#185]，救出[PERSON#896]，正式入伙。攻打大名府前，[PERSON#622]与[PERSON#87]一同打探消息，得知[PERSON#156]即将问斩，[PERSON#622]只身劫法场，保下[PERSON#156]，自己也因寡不敌众被抓，直到[PERSON#546]等人攻破大名府得救。[LOCATION#752]大聚义时，排第三十三位，上应天慧星，担任步兵头领之一。[LOCATION#752]受招安后，随[PERSON#152]四处征战，颇有战功。征[PERSON#598]过程中在[LOCATION#104]被乱箭射死，追封忠武郎。[PERSON#622]是《水浒传
PERSON#87,杨雄,梁山,杨雄，古典名著《水浒传》中的人物。一百单八将之一，绰号病关索。初登场于第四十四回“锦豹子小径逢戴宗，病关索长街遇石秀”。  河南府人士，蓟州两院押狱兼行刑刽子。在被一帮军汉纠缠时得石秀仗义相助，二人相谈甚欢结为兄弟。石秀发觉杨雄妻子潘巧云出轨，暗中搜集证据，让杨雄带潘巧云前往翠屏山，知道事情经过后，杨雄怒杀潘巧云。随即偶遇时迁，三人决定一同投靠梁山。途经祝家庄时，时迁偷鸡致使被捉，杨雄二人前往梁山求援，在攻打祝家庄的战役立下功勋。  梁山大聚义时，排第三十二位，上应天牢星，担任步军头领之一，守卫梁山泊西山一关。梁山受招安后，杨雄随宋江征讨辽国，斩杀副统军贺重宝。攻征河北田虎时，随耿恭夺取高平县。讨淮西王庆时，斩杀将领段五。在平定江南方腊回程途中病逝，追封忠武郎。  杨雄性格鲁莽冲动，与石秀的胆大心细形成对比。他的事迹在民间流传较广，成为戏剧、小说以及影视剧中广泛演绎的角色。,[PERSON#87]，绰号[PERSON#87]。初登场于“[PERSON#717]小径逢[PERSON#968]，[PERSON#87]长街遇[PERSON#622]”。  [LOCATION#147]人士，[LOCATION#202]两院押狱兼行刑刽子。在被一帮军汉纠缠时得[PERSON#622]仗义相助，二人相谈甚欢结为兄弟。[PERSON#622]发觉[PERSON#87]妻子[PERSON#387]出轨，暗中搜集证据，让[PERSON#87]带[PERSON#387]前往[LOCATION#192]，知道事情经过后，[PERSON#87]怒杀[PERSON#387]。随即偶遇[PERSON#896]，三人决定一同投靠[LOCATION#752]。途经[LOCATION#185]时，[PERSON#896]偷鸡致使被捉，[PERSON#87]二人前往[LOCATION#752]求援，在攻打[LOCATION#185]的战役立下功勋。  [LOCATION#752]大聚义时，排第三十二位，上应天牢星，担任步军头领之一，守卫[LOCATION#752]西山一关。[LOCATION#752]受招安后，[PERSON#87]随[PERSON#152]征讨[LOCATION#213]，斩杀副统军[PERSON#281]。攻征[LOCATION#142][PERSON#1003]时，随耿恭夺取[LOCATION#240]。讨[LOCATION#155][PERSON#363]时，斩杀将领[PERSON#365]。在平定[LOCATION#130][PERSON#598]回程途中病逝，追封忠武郎。  [PERSON#87]性格鲁莽冲动，与[PERSON#622]的胆大心细形成对比。他的事迹在民间流传较广，成为戏剧、小说以及影视剧中广泛演绎的角色。
PERSON#156,卢俊义,梁山,卢俊义，古典名著《水浒传》中的人物。一百单八将之一，绰号“玉麒麟”。仪表堂堂，重情重义，武艺高强，棍棒、枪法天下无双，有“河北三绝”的美誉。祖居北京大名府，原本是大名府富商、大财主、员外，浪子燕青是其心腹家仆。其管家李固与妻子贾氏的奸情被吴用等人利用，使计赚上梁山。梁山大聚义时，排名第二位，上应天罡星。受招安后，先后征讨辽国、田虎、王庆、方腊，回朝加授武功大夫、庐州安抚使兼兵马副总管。蔡京、高俅等奸臣容不得他，命人把水银放在皇帝赐给他的饭菜中，卢俊义在坐船回庐州途中失足落水身亡。在《说岳全传》中，卢俊义是周侗的徒弟，与林冲、岳飞是师兄弟，这种说法流传极广。而后世的大量评书等衍生文学作品中，又加入了史文恭是卢俊义师兄弟的说法。,[PERSON#156]，绰号“[PERSON#156]”。仪表堂堂，重情重义，武艺高强，棍棒、枪法天下无双，有“[LOCATION#142]三绝”的美誉。祖居[LOCATION#30]，原本是大名府富商、大财主、员外，[PERSON#350][PERSON#350]是其心腹家仆。其管家[PERSON#907]与妻子[PERSON#30]的奸情被[PERSON#546]等人利用，使计赚上[LOCATION#752]。[LOCATION#752]大聚义时，排名第二位，上应天罡星。受招安后，先后征讨[LOCATION#213]、[PERSON#1003]、[PERSON#363]、[PERSON#598]，回朝加授武功大夫、[LOCATION#79]安抚使兼兵马副总管。[PERSON#369]、[PERSON#974]等奸臣容不得他，命人把水银放在皇帝赐给他的饭菜中，[PERSON#156]在坐船回[LOCATION#79]途中失足落水身亡。在[BOOK#33]中，[PERSON#156]是[PERSON#241]的徒弟，与[PERSON#699]、[PERSON#242]是师兄弟，这种说法流传极广。而后世的大量评书等衍生文学作品中，又加入了[PERSON#976]是[PERSON#156]师兄弟的说法。
PERSON#959,晁盖,梁山,晁盖，古典小说《水浒传》中的人物。本是山东郓城县东溪村保正、本乡财主，因将青石宝塔夺了过来在东溪村放下，人称“托塔天王”。后与刘唐、吴用、公孙胜、阮氏三雄合谋智取生辰纲，事发遭官府追杀，投奔梁山泊落草，然梁山泊寨主王伦忌才，不能相容，在林冲火并王伦后，大家推举晁盖为寨主。宋江在浔阳楼题反诗而遇险时，晁盖率领梁山好汉劫了江州法场，将宋江、戴宗救出。后在讨伐曾头市战役中，晁盖被史文恭的一支毒箭射中，中毒身亡。,[PERSON#959]，本是[LOCATION#66][LOCATION#8]保正、本乡财主，因将青[PERSON#288]塔夺了过来在[LOCATION#8]放下，人称“[PERSON#959]”。后与[PERSON#925]、[PERSON#546]、[PERSON#204]、[PERSON#435]合谋智取生辰纲，事发遭官府追杀，投奔[LOCATION#752]落草，然[LOCATION#752]寨主[PERSON#320]忌才，不能相容，在[PERSON#699]火并[PERSON#320]后，大家推举[PERSON#959]为寨主。[PERSON#152]在[LOCATION#150]题反诗而遇险时，[PERSON#959]率领[LOCATION#752]好汉劫了[LOCATION#131]法场，将[PERSON#152]、[PERSON#968]救出。后在讨伐[LOCATION#108]战役中，[PERSON#959]被[PERSON#976]的一支毒箭射中，中毒身亡。
PERSON#968,戴宗,梁山,戴宗，古典名著《水浒传》中的人物。一百单八将之一，会使神行法，绰号“神行太保”。出场于第三十八回“及时雨会神行太保，黑旋风斗浪里白条”。本是江州两院押牢节级官员，在吴用的引荐下结识宋江。在宋江受陷被捕之时，提出装疯逃过追查。为救宋江，戴宗假传信件，然而信件被识破，自己也被关入牢中。晁盖等人劫了法场，戴宗便与宋江上梁山。高唐州之战，前往蓟州请回公孙胜，为破高廉立下大功。梁山大聚义时，排第二十位，上应天速星，担任总探声息头领。征方腊回朝授武节将军和兖州府都统制，后辞官出家，在泰安州岳庙安详离世。戴宗道术精奇，乐与人交，且办事精明，为人诚实。其形象还出现在小说《水浒后传》、京剧《浔阳楼》等各类衍生作品之中。,[PERSON#968]，会使神行法，绰号“[PERSON#968]”。出场于“[PERSON#152]会[PERSON#968]，[PERSON#614]斗[PERSON#17]”。本是[LOCATION#131]两院押牢节级官员，在[PERSON#546]的引荐下结识[PERSON#152]。在[PERSON#152]受陷被捕之时，提出装疯逃过追查。为救[PERSON#152]，[PERSON#968]假传信件，然而信件被识破，自己也被关入牢中。[PERSON#959]等人劫了法场，[PERSON#968]便与[PERSON#152]上[LOCATION#752]。[LOCATION#239]之战，前往[LOCATION#202]请回[PERSON#204]，为破[PERSON#489]立下大功。[LOCATION#752]大聚义时，排第二十位，上应天速星，担任总探声息头领。征[PERSON#598]回朝授武节将军和兖州府都统制，后辞官出家，在[LOCATION#148]岳庙安详离世。[PERSON#968]道术精奇，乐与人交，且办事精明，为人诚实。其形象还出现在小说[BOOK#24]、京剧[BOOK#27]等各类衍生作品之中。
PERSON#392,金翠莲,百姓,金翠莲是古典小说《水浒传》中的虚构人物，东京人氏，父亲为金二，先后与郑屠、赵员外结为配偶。金翠莲随父母至渭州投亲未果，因母亲病故欠下郑屠债务，被其虚钱实契强占为妾，三月后遭郑妻驱逐流落街头卖唱还债。鲁智深与史进等听闻其遭遇后赠银相助，并在护送父女离开时拳打郑屠致其身亡。金老返乡途中改道北上至雁门县，经邻居介绍将金翠莲嫁给赵员外作外宅，父女每日焚香供奉鲁达牌位以表感恩。鲁达逃至雁门时被金老汉认出，最终赵员外将其安顿至五台山出家。该人物经历展现了封建社会中弱势群体的生存困境，其命运转折间接促成鲁智深落发为僧的情节发展。,[PERSON#392]是[BOOK#22]中的虚构人物，[LOCATION#2]人氏，父亲为金二，先后与[PERSON#359]、[PERSON#276]结为配偶。[PERSON#392]随父母至[LOCATION#161]投亲未果，因母亲病故欠下[PERSON#359]债务，被其虚钱实契强占为妾，三月后遭郑妻驱逐流落街头卖唱还债。[PERSON#532]与[PERSON#277]等听闻其遭遇后赠银相助，并在护送父女离开时拳打[PERSON#359]致其身亡。[PERSON#928]返乡途中改道北上至雁门县，经邻居介绍将[PERSON#392]嫁给[PERSON#276]作外宅，父女每日焚香供奉[PERSON#532]牌位以表感恩。[PERSON#532]逃至雁门时被[PERSON#928]汉认出，最终[PERSON#276]将其安顿至[LOCATION#18]出家。该人物经历展现了封建社会中弱势群体的生存困境，其命运转折间接促成[PERSON#532]落发为僧的情节发展。
PERSON#350,燕青,梁山,燕青，又名燕小乙，古典名著《水浒传》中的人物。一百单八将之一，绰号“浪子”。北京人氏，原是北京富户卢俊义的心腹家仆。文武双全，多才多艺，忠心耿耿。后随卢俊义上梁山。梁山大聚义时，排第三十六位，上应“天巧星”，担任步军头领。曾在东京李师师处面见宋徽宗，促成梁山招安。征方腊后退隐江湖。续书《水浒后传》中，燕青参与抵抗金军入侵，后在海外辅佐李俊创立基业，是书中主角之一。,[PERSON#350]，又名[PERSON#350]，绰号“[PERSON#350]”。[LOCATION#30]人氏，原是[LOCATION#30]富户[PERSON#156]的心腹家仆。文武双全，多才多艺，忠心耿耿。后随[PERSON#156]上[LOCATION#752]。[LOCATION#752]大聚义时，排第三十六位，上应“天巧星”，担任步军头领。曾在[LOCATION#2][PERSON#416]处面见[PERSON#571]，促成[LOCATION#752]招安。征[PERSON#598]后退隐江湖。续书[BOOK#24]中，[PERSON#350]参与抵抗金军入侵，后在海外辅佐[PERSON#66]创立基业，是书中主角之一。
PERSON#399,花荣,梁山,花荣，古典名著《水浒传》中的人物。一百单八将之一，绰号“小李广”。原是清风寨武知寨，使一杆银枪，善骑烈马，能开硬弓，有“百步穿杨”的功夫。只因为义兄宋江抱不平而被文知寨刘高陷害，后得清风山好汉相救，上了梁山。梁山大聚义时，排名第九位，上应天英星，为马军八骠骑兼先锋使之首。征方腊回朝授应天府兵马都统制。宋江被奸臣害死后，花荣与吴用一同在蓼儿洼自缢身亡。,[PERSON#399]，绰号“[PERSON#399]”。原是[LOCATION#159]武知寨，使一杆银枪，善骑烈马，能开硬弓，有“百步穿杨”的功夫。只因为义兄[PERSON#152]抱不平而被文知寨[PERSON#131]陷害，后得[LOCATION#160]好汉相救，上了[LOCATION#752]。[LOCATION#752]大聚义时，排名第九位，上应天英星，为马军八骠骑兼先锋使之首。征[PERSON#598]回朝授[LOCATION#80]兵马都统制。[PERSON#152]被奸臣害死后，[PERSON#399]与[PERSON#546]一同在[LOCATION#204]自缢身亡。
PERSON#18,武松,梁山,武松，古典名著《水浒传》中的人物。一百单八将之一，绰号“行者”。清河县人氏，在家中排行第二，又叫“武二郎”。因在景阳冈上空手打死一只吊睛白额虎而声名远扬，于阳谷县杀死奸夫淫妇，替兄报仇。血溅鸳鸯楼后，为躲避官府抓捕，改作头陀打扮，与鲁智深、杨志等人聚义二龙山。三山聚义后加入梁山。 梁山大聚义时，排第十四位，上应天伤星，司职步军头领。征方腊过程中被包道乙用飞剑所伤，痛失左臂。回朝授清忠祖师，最终在杭州六和寺病逝，寿至八十。 武松亦在《金瓶梅》等衍生小说中登场。,[PERSON#18]为中国古代军职名，始设于唐代中期，初为诸军统帅称谓。唐僖宗时，宦官组建神策新军五十四都，每都由都将（亦称[PERSON#18]）统辖。晚唐至五代，军队普遍采用“都”为编制单位，如忠武军分八都、朱瑾建“雁子都”等，[PERSON#18]逐渐成为指挥使下属官职。宋代以降，[PERSON#18]降为低级军官，隶属各军指挥使，分设马兵军使及步兵[PERSON#18]等职，每都编制约百人。南宋时期其军事职能弱化，元代演变为村一级治安组织，如[LOCATION#49]一都、[LOCATION#29]二都等，由[PERSON#18]负责基层治安事务。宋代县级地方武装亦以[PERSON#18]为头领，统辖乡兵捕快，实际承担县辖治安管理职责。
PERSON#605,柴进,梁山,柴进，古典名著《水浒传》中的人物。一百单八将之一，绰号“小旋风”。出场于第九回“柴进门招天下客 林冲棒打洪教头”。柴进世居沧州，乃后周世宗嫡系子孙。平生仗义疏财，喜好结交四方豪杰。林冲被发配沧州时，柴进给予关照，又举荐走投无路的林冲上梁山。后殷天锡想要霸占柴皇城的房产，柴进带李逵前往讨回公道，不料李逵打死殷天赐，柴进因私放李逵，被打入死牢。获救之后，落草梁山。梁山大聚义时，排名第十位，上应天贵星，担任掌管钱粮头领。征讨方腊时，柴进化名柯引，成为方腊驸马，决战中临阵倒戈，斩杀方杰。回朝授横海军沧州都统制，后辞官回乡，得以善终。柴进是一个独特的义侠形象，凡是英雄豪杰，他都做生死之交，对宋江以义字当先，不违兄命。其形象还出现在衍生小说、评书、京剧及影视剧当中。,[PERSON#605]，绰号“[PERSON#605]”。出场于“[PERSON#605]门招天下客 [PERSON#699]棒打[PERSON#229]”。[PERSON#605]世居[LOCATION#139]，乃后周世宗嫡系子孙。平生仗义疏财，喜好结交四方豪杰。[PERSON#699]被发配[LOCATION#139]时，[PERSON#605]给予关照，又举荐走投无路的[PERSON#699]上[LOCATION#752]。后[PERSON#746]想要霸占柴皇城的房产，[PERSON#605]带[PERSON#614]前往讨回公道，不料[PERSON#614]打死殷天赐，[PERSON#605]因私放[PERSON#614]，被打入死牢。获救之后，落草[LOCATION#752]。[LOCATION#752]大聚义时，排名第十位，上应天贵星，担任掌管钱粮头领。征讨[PERSON#598]时，[PERSON#605]化名柯引，成为[PERSON#598]驸马，决战中临阵倒戈，斩杀[PERSON#161]。回朝授横海军[LOCATION#139]都统制，后辞官回乡，得以善终。[PERSON#605]是一个独特的义侠形象，凡是英雄豪杰，他都做生死之交，对[PERSON#152]以义字当先，不违兄命。其形象还出现在衍生小说、评书、京剧及影视剧当中。
PERSON#925,刘唐,梁山,刘唐，古典名著《水浒传》中的人物。一百单八将之一，绰号“赤发鬼”。东潞州人氏，自幼闯荡江湖，多与做私商的来往，结交天下好汉。得知梁中书要将金银宝贝送给蔡太师，他便前往东溪村告知晁盖，途中因酒醉被雷横当作盗贼捉拿，幸得晁盖相助脱险。他与晁盖等人成功劫取生辰纲，事发一同上梁山落草。曾下山送信给宋江，间接引发宋江怒杀阎婆惜的事件。梁山大聚义时，排第二十一位，上应天异星，职司步兵头领。征方腊时死于候潮门下，追封忠武郎。,[PERSON#925]，绰号“[PERSON#925]”。[LOCATION#9]人氏，自幼闯荡江湖，多与做私商的来往，结交天下好汉。得知[PERSON#116]要将金银宝贝送给蔡太师，他便前往[LOCATION#8]告知[PERSON#959]，途中因酒醉被[PERSON#303]当作盗贼捉拿，幸得[PERSON#959]相助脱险。他与[PERSON#959]等人成功劫取生辰纲，事发一同上[LOCATION#752]落草。曾下山送信给[PERSON#152]，间接引发[PERSON#152]怒杀[PERSON#183]的事件。[LOCATION#752]大聚义时，排第二十一位，上应天异星，职司步兵头领。征[PERSON#598]时死于[LOCATION#24]下，追封忠武郎。
PERSON#699,林冲,梁山,林冲，古典名著《水浒传》中的人物。一百单八将之一，绰号“豹子头”。东京（河南开封）人氏，原是八十万禁军枪棒教头，因妻子被太尉高俅的养子高衙内看上而屡遭陷害，最终被逼上梁山落草。后火并王伦，推举晁盖为梁山寨主；晁盖身死，他又以元老的身份推宋江坐第一把交椅。作为主力参与了梁山一系列大小战役，为山寨的壮大立下了汗马功劳。梁山大聚义时，排名第六位，上应天雄星，位列马军五虎将，把守正西旱寨。在抗击来围剿梁山军的官军、侵略北宋的辽国，和剿灭国内造反的田虎、王庆、方腊势力时屡立战功。征方腊后病逝于杭州六和寺，追封忠武郎。林冲的事迹如“误入白虎堂”“棒打洪教头”“风雪山神庙”等通过评书、戏曲等方式在民间广为流传，在扬州评话中有单独的《林十回》。,[PERSON#699]，绰号“[PERSON#699]”。[LOCATION#2]（[LOCATION#145]）人氏，原是八十万禁军枪棒教头，因妻子被太尉[PERSON#974]的养子[PERSON#459]看上而屡遭陷害，最终被逼上[LOCATION#752]落草。后火并[PERSON#320]，推举[PERSON#959]为[LOCATION#752]寨主；[PERSON#959]身死，他又以元老的身份推[PERSON#152]坐第一把交椅。作为主力参与了[LOCATION#752]一系列大小战役，为山寨的壮大立下了汗马功劳。[LOCATION#752]大聚义时，排名第六位，上应天雄星，位列马军五虎将，把守正西旱寨。在抗击来围剿[LOCATION#752]军的官军、侵略北宋的[LOCATION#213]，和剿灭国内造反的[PERSON#1003]、[PERSON#363]、[PERSON#598]势力时屡立战功。征[PERSON#598]后病逝于[LOCATION#112]，追封忠武郎。[PERSON#699]的事迹如“误入[LOCATION#178]”“棒打[PERSON#229]”“风雪山神庙”等通过评书、戏曲等方式在民间广为流传，在[LOCATION#94]评话中有单独的[BOOK#19]。
PERSON#104,裴如海,百姓,裴如海是古典名著《水浒传》中的人物，别称海公、海阇黎，由刘小溪、谭俏、王楠分别在1998年央视版《水浒传》、2009年电影《杨雄与石秀》及2011年版《水浒传》中饰演。其原为裴家绒线铺小官人，后拜潘巧云父亲为干爷出家为蓟州报恩寺和尚，法名海阇黎，年长潘巧云两岁。裴如海因与杨雄之妻潘巧云有奸情，诬陷石秀反遭其设计杀死。潘巧云最初曾勾搭石秀未果，后与裴如海相好并嫌石秀碍眼，遂向杨雄诬陷石秀调戏自己。杨雄依据《宋刑统·贼盗律》“夜入人家”条，在裴如海夜入民宅偷情时将其杀死可免责。裴如海作为报恩寺阇黎，以唱经方式讲解经文，演奏铙钹为特点。石秀智杀裴如海后，促使杨雄将潘巧云诱至翠屏山对质，最终杨雄杀妻投奔梁山。该角色故事涉及两宋法乐流派中的北五台派东路，展现古代法律条文在文学作品中的运用。,[PERSON#104]，别称[PERSON#104]、[PERSON#104]，其原为裴家绒线铺小官人，后拜[PERSON#387]父亲为干爷出家为[LOCATION#203]和尚，法名[PERSON#104]，年长[PERSON#387]两岁。[PERSON#104]因与[PERSON#87]之妻[PERSON#387]有奸情，诬陷[PERSON#622]反遭其设计杀死。[PERSON#387]最初曾勾搭[PERSON#622]未果，后与[PERSON#104]相好并嫌[PERSON#622]碍眼，遂向[PERSON#87]诬陷[PERSON#622]调戏自己。[PERSON#87]依据[BOOK#12]“夜入人家”条，在[PERSON#104]夜入民宅偷情时将其杀死可免责。[PERSON#104]作为[LOCATION#96]阇黎，以唱经方式讲解经文，演奏铙钹为特点。[PERSON#622]智杀[PERSON#104]后，促使[PERSON#87]将[PERSON#387]诱至[LOCATION#192]对质，最终[PERSON#87]杀妻投奔[LOCATION#752]。该角色故事涉及两宋法乐流派中的北五台派东路，展现古代法律条文在文学作品中的运用。
PERSON#244,潘公,百姓,潘公是古典名著《水浒传》中人物，首次出现于第四十四回“杨雄醉骂潘巧云石秀智杀裴如海”，属梁山一百零八将之外的角色。潘公为石秀长辈，在其发现店铺关闭欲辞行时解释因女儿前夫王押司二周年忌日需做法事，承诺继续供养石秀并委托其协助操办法事。次日潘公家中设道场期间，报恩寺和尚裴如海携礼来访，与潘公之女潘巧云异常互动引发石秀怀疑。潘公作为法事主导者，其安排直接引出裴如海与潘巧云私通事件，成为后续石秀杀裴、杨雄弑妻等情节的重要导火索。,[PERSON#244]，首次出现于“[PERSON#87]醉骂[PERSON#387][PERSON#622]智杀[PERSON#104]”，属[LOCATION#752]一百零八将之外的角色。[PERSON#244]为[PERSON#622]长辈，在其发现店铺关闭欲辞行时解释因女儿前夫王押司二周年忌日需做法事，承诺继续供养[PERSON#622]并委托其协助操办法事。次日[LOCATION#162]设道场期间，[LOCATION#96]和尚[PERSON#104]携礼来访，与[PERSON#244]之女[PERSON#387]异常互动引发[PERSON#622]怀疑。[PERSON#244]作为法事主导者，其安排直接引出[PERSON#104]与[PERSON#387]私通事件，成为后续[PERSON#622]杀裴、[PERSON#87]弑妻等情节的重要导火索。
PERSON#204,公孙胜,梁山,公孙胜，古典名著《水浒传》中的人物。一百单八将之一，绰号“入云龙”。蓟州人氏，道号一清，能呼风唤雨、驾雾腾云。常年云游在外。他与晁盖、吴用等人七星聚义，一同劫取生辰纲，事发上梁山落草。后离开梁山，回乡探母，直到大破高唐州时方被戴宗请回。梁山大聚义时，排名第四位，上应天闲星，担任掌管机密军师。征方腊前返回蓟州，潜心修道。,[PERSON#204]，绰号“[PERSON#204]”。[LOCATION#202]人氏，道号一清，能呼风唤雨、驾雾腾云。常年云游在外。他与[PERSON#959]、[PERSON#546]等人七星聚义，一同劫取生辰纲，事发上[LOCATION#752]落草。后离开[LOCATION#752]，回乡探母，直到大破[LOCATION#239]时方被[PERSON#968]请回。[LOCATION#752]大聚义时，排名第四位，上应天闲星，担任掌管机密军师。征[PERSON#598]前返回[LOCATION#202]，潜心修道。
PERSON#434,呼延灼,梁山,呼延灼，古典名著《水浒传》中的人物。一百单八将之一，绰号“双鞭”。宋朝开国名将呼延赞嫡派子孙，祖籍并州太原（今属山西太原）。原为汝宁郡都统制，奉命攻打梁山，曾摆下连环马阵，令宋江望而生畏。后中伏被擒，感宋江之忠义，归顺梁山。梁山大聚义时，排名第八位，上应“天威星”，为“马军五虎将”第四员。受招安后，随宋江南征北战，回朝受封御营兵马指挥使。后来率领大军，大破金兀术四太子，杀至淮西阵亡。,[PERSON#434]，绰号“[PERSON#434]”。宋朝开国名将[PERSON#260]嫡派子孙，祖籍[LOCATION#74]（今属[LOCATION#68]）。原为汝宁郡都统制，奉命攻打[LOCATION#752]，曾摆下连环马阵，令[PERSON#152]望而生畏。后中伏被擒，感[PERSON#152]之忠义，归顺[LOCATION#752]。[LOCATION#752]大聚义时，排名第八位，上应“天威星”，为“马军五虎将”第四员。受招安后，随[PERSON#152]南征北战，回朝受封御营兵马指挥使。后来率领大军，大破[PERSON#261]四太子，杀至[LOCATION#155]阵亡。
PERSON#702,关胜,梁山,关胜，古典名著《水浒传》中的人物。一百单八将之一，绰号“大刀”。河东解良（今山西运城）人，三国名将关羽的后人。精通兵法，惯使一口青龙偃月刀。原是蒲东巡检，由宣赞推荐给蔡京，领兵攻打梁山以解北京之围。之后呼延灼诈降，引关胜兵马进入宋江大寨，关胜被挠钩拖下马鞍活捉。大帐中，宋江亲自为关胜松绑，关胜感其忠义，归顺梁山。梁山大聚义时，排名第五位，上应天勇星，位居马军五虎将第一位。受招安后，随宋江南征北战，回朝被封为大名府正兵马总管。一日醉酒落马得病，不治身亡。,[PERSON#702]，绰号“[PERSON#702]”。[LOCATION#140][LOCATION#211]（今[LOCATION#69]）人，三国名将[PERSON#245]的后人。精通兵法，惯使一口青龙偃月刀。原是[LOCATION#201]巡检，由[PERSON#905]推荐给[PERSON#369]，领兵攻打[LOCATION#752]以解[LOCATION#30]之围。之后[PERSON#434]诈降，引[PERSON#702]兵马进入[PERSON#152]大寨，[PERSON#702]被挠钩拖下马鞍活捉。大帐中，[PERSON#152]亲自为[PERSON#702]松绑，[PERSON#702]感其忠义，归顺[LOCATION#752]。[LOCATION#752]大聚义时，排名第五位，上应天勇星，位居马军五虎将第一位。受招安后，随[PERSON#152]南征北战，回朝被封为大名府正兵马总管。一日醉酒落马得病，不治身亡。
PERSON#86,索超,梁山,索超，古典名著《水浒传》中的人物。一百单八将之一，绰号“急先锋”。河北人氏，本是北京大名府（今河北省大名县）留守司正牌军，惯使一把金蘸斧。在梁山攻打大名府时被设计擒获，归顺梁山。梁山大聚义时，排第十九位，上应天空星，任马军八骠骑兼先锋使之一。征方腊时在杭州死于石宝之手，追封忠武郎。,[PERSON#86]，绰号“[PERSON#86]”。[LOCATION#142]人氏，本是[LOCATION#30]（今[LOCATION#144]）留守司正牌军，惯使一把金蘸斧。在[LOCATION#752]攻打大名府时被设计擒获，归顺[LOCATION#752]。[LOCATION#752]大聚义时，排第十九位，上应天空星，任马军八骠骑兼先锋使之一。征[PERSON#598]时在[LOCATION#111]死于[PERSON#288]之手，追封忠武郎。
PERSON#94,李成,朝廷,李成是《水浒传》中的虚构人物，任北京大名府留守梁中书麾下都监，绰号“李天王”，与“闻大刀”闻达是好友兼搭档，与杨志、索超也有一定的交情。其原型可追溯至南宋初年反复降叛的流寇将领。小说中，他作为军事将领镇守大名府，曾借战马协助索超比武，并与闻达共同抵御梁山军进攻。在梁山攻破大名府时，率军掩护梁中书突围，展现出决断力与武艺。作为梁中书阵营的核心武将，与闻达并称“双雄”，职责侧重战略指挥而非单挑战绩。原著虽未详述其结局，但提及他在掩护梁中书逃亡后下落不明。其历史原型曾自称“李天王”，拥兵三十万劫掠淮西地区，最终投靠伪齐政权，这一背景被施耐庵移植到小说角色塑造中。,[PERSON#94]，任[LOCATION#30]留守[PERSON#116]麾下都监，绰号“[PERSON#94]”，与“[PERSON#313]”[PERSON#313]是好友兼搭档，与[PERSON#924]、[PERSON#86]也有一定的交情。其原型可追溯至南宋初年反复降叛的流寇将领。小说中，他作为军事将领镇守大名府，曾借战马协助[PERSON#86]比武，并与[PERSON#313]共同抵御[LOCATION#752]军进攻。在[LOCATION#752]攻破大名府时，率军掩护[PERSON#116]突围，展现出决断力与武艺。作为[PERSON#116]阵营的核心武将，与[PERSON#313]并称“双雄”，职责侧重战略指挥而非单挑战绩。原著虽未详述其结局，但提及他在掩护[PERSON#116]逃亡后下落不明。其历史原型曾自称“[PERSON#94]”，拥兵三十万劫掠[LOCATION#155]，最终投靠伪齐政权，这一背景被[PERSON#409]移植到小说角色塑造中。
PERSON#116,梁世杰,朝廷,"梁世杰是古典小说《水浒传》虚构人物，官居北京大名府留守司，因系太师蔡京女婿被尊称为""梁中书""。他在小说中主导押送生辰纲被劫事件，直接导致晁盖等人上梁山；后续擒拿卢俊义、石秀等行动又引发梁山三打大名府的关键情节。其官职设定符合宋代陪都军政长官""留守""制度，姓名""梁中书""暗含与梁山叙事关联的文学隐喻。","[PERSON#116]，官居[LOCATION#30]留守司，因系太师[PERSON#369]女婿被尊称为""""[PERSON#116]""""。他在小说中主导押送生辰纲被劫事件，直接导致[PERSON#959]等人上[LOCATION#752]；后续擒拿[PERSON#156]、[PERSON#622]等行动又引发[LOCATION#752]三打大名府的关键情节。其官职设定符合宋代陪都军政长官""""留守""""制度，姓名""""[PERSON#116]""""暗含与[LOCATION#752]叙事关联的文学隐喻。"
PERSON#66,李俊,梁山,李俊，古典名著《水浒传》中的人物。一百单八将之一，绰号“混江龙”。庐州人氏，原为扬子江艄公，兼贩私盐，是揭阳岭一霸。后参与营救宋江，大闹江州，是白龙庙二十九英雄之一。梁山大聚义时，排第二十六位，上应天寿星，担任水军头领。在征四寇过程中统领水军，屡立战功。平定方腊后诈病归隐，与童威、童猛等人远赴海外，成为暹罗国主。续书《水浒后传》中，李俊率领梁山幸存好汉扬帆出海，最终在海外创立基业，是该书主角之一。,[PERSON#66]，绰号“[PERSON#66]”。[LOCATION#79]人氏，原为[LOCATION#93]艄公，兼贩私盐，是[LOCATION#97]一霸。后参与营救[PERSON#152]，大闹[LOCATION#131]，是[LOCATION#179]二十九英雄之一。[LOCATION#752]大聚义时，排第二十六位，上应天寿星，担任水军头领。在征四寇过程中统领水军，屡立战功。平定[PERSON#598]后诈病归隐，与[PERSON#569]、[PERSON#855]等人远赴海外，成为[LOCATION#107]主。续书[BOOK#24]中，[PERSON#66]率领[LOCATION#752]幸存好汉扬帆出海，最终在海外创立基业，是该书主角之一。
PERSON#17,张顺,梁山,张顺，古典小说《水浒传》中的人物。一百单八将之一，绰号“浪里白条(又作浪里白跳)”。江州人氏，早年与哥哥张横同霸浔阳江，后到江州做渔牙。他参与营救宋江，大闹江州，是白龙庙二十九英雄之一。山寨大聚义时，排第三十位，上应天损星，职司水军头领，在对抗官军的水战中生擒高俅。征方腊时战死于杭州涌金门，因“魂捉方天定”有功，追封金华将军。,[PERSON#17]，绰号“[PERSON#17](又作[PERSON#17])”。[LOCATION#131]人氏，早年与哥哥[PERSON#688]同霸[LOCATION#151]，后到[LOCATION#131]做渔牙。他参与营救[PERSON#152]，大闹[LOCATION#131]，是[LOCATION#179]二十九英雄之一。山寨大聚义时，排第三十位，上应天损星，职司水军头领，在对抗官军的水战中生擒[PERSON#974]。征[PERSON#598]时战死于[LOCATION#114]，因“魂捉[PERSON#545]”有功，追封金华将军。
PERSON#532,鲁智深,梁山,鲁智深，本名鲁达，古典名著《水浒传》中的人物。一百单八将之一，绰号“花和尚”。原是渭州经略府提辖，因打抱不平，三拳打死了郑屠，为躲避官府缉捕，出家做了和尚，法名智深。又因不守清规，无法在五台山容身，只得携智真长老书信到东京大相国寺看菜园子。后于野猪林搭救义弟林冲，流落江湖，与杨志、武松等人一同在二龙山落草，三山聚义后加入梁山泊。梁山大聚义时，排第十三位，上应天孤星，担任步军头领。梁山接受招安后，鲁智深参与了征四寇的战役。生擒方腊后，在杭州六和寺圆寂，追赠义烈昭暨禅师。,[PERSON#532]，本名[PERSON#532]，绰号“[PERSON#532]”。原是[LOCATION#161]经略府提辖，因打抱不平，三拳打死了[PERSON#359]，为躲避官府缉捕，出家做了和尚，法名[PERSON#532]。又因不守清规，无法在[LOCATION#18]容身，只得携[PERSON#246]书信到[LOCATION#2][LOCATION#3]看[PERSON#718]。后于[LOCATION#222]搭救义弟[PERSON#699]，流落江湖，与[PERSON#924]、[PERSON#18]等人一同在[LOCATION#16]落草，三山聚义后加入[LOCATION#752]。[LOCATION#752]大聚义时，排第十三位，上应天孤星，担任步军头领。[LOCATION#752]接受招安后，[PERSON#532]参与了征四寇的战役。生擒[PERSON#598]后，在[LOCATION#112]圆寂，追赠义烈昭暨禅师。
PERSON#924,杨志,梁山,杨志，古典名著《水浒传》中的人物。一百单八将之一，绰号“青面兽”。杨家将后人，武举出身，曾任殿帅府制使，因失陷花石纲流落江湖。后在东京谋求复职不果，穷困卖刀，杀死泼皮牛二，被刺配大名府，得到梁中书的赏识，提拔为管军提辖使。梁中书令他护送生辰纲，却又被劫取，只得上二龙山落草。三山聚义后加入梁山。梁山大聚义时，排第十七位，上应天暗星，位列马军八骠骑兼先锋使。征方腊时病逝于丹徒县，追封忠武郎。,[PERSON#924]，绰号“[PERSON#924]”。杨家将后人，武举出身，曾任殿帅府制使，因失陷花石纲流落江湖。后在[LOCATION#2]谋求复职不果，穷困卖刀，杀死泼皮[PERSON#697]，被刺配大名府，得到[PERSON#116]的赏识，提拔为管军提辖使。[PERSON#116]令他护送生辰纲，却又被劫取，只得上[LOCATION#16]落草。三山聚义后加入[LOCATION#752]。[LOCATION#752]大聚义时，排第十七位，上应天暗星，位列马军八骠骑兼先锋使。征[PERSON#598]时病逝于[LOCATION#12]，追封忠武郎。
PERSON#320,王伦,梁山,王伦，古典名著《水浒传》中的人物。本是个不及第的书生，在小旋风柴进的资助下成为梁山泊的首任寨主，绰号“白衣秀士”，麾下有杜迁、宋万、朱贵等头领。其为人心胸狭窄，难以容忍能力比他大的人，屡次刁难前来投奔的林冲，不愿接纳实力雄厚的晁盖一行。后来在晁盖的送行宴上，被林冲火并。,[PERSON#320]，本是个不及第的书生，在[PERSON#605][PERSON#605]的资助下成为[LOCATION#752]的首任寨主，绰号“[PERSON#320]”，麾下有[PERSON#484]、[PERSON#65]、[PERSON#427]等头领。其为人心胸狭窄，难以容忍能力比他大的人，屡次刁难前来投奔的[PERSON#699]，不愿接纳实力雄厚的[PERSON#959]一行。后来在[PERSON#959]的送行宴上，被[PERSON#699]火并。
PERSON#398,童贯,朝廷,童贯（1054年-1126年），字道夫，一作道辅，开封（今属河南省）人。北宋权宦，“六贼”之一。童贯与蔡京结交，推荐被贬职的蔡京为皇家搜购书画，使蔡京受到宋徽宗赏识，得以复官，后做了宰相。而童贯又因蔡京之力飞黄腾达，进而掌握军权。1111年，童贯进检校太尉，宋徽宗命他出使辽朝的燕京。童贯使辽见到契丹人的腐败，乃产生与金人结盟攻辽的念头。童贯返回宋朝，迅速升迁，先是以太尉为陕西、河东、河北宣抚使，接着又命为开府仪同三司，签书枢密院河西、河北两房，领枢密院事、更九镇、太傅、泾国公。1120年，童贯受命领军镇压方腊农民起义，后来以功进为太师。1122年，金人已陷东京、上京、中京三道，宋朝决心北伐，但皆以失败告终。宋朝以岁币输银从金人手中换回燕京空城，建立燕山府。宋徽宗认为童贯立下了大功，命其为燕山府宣抚使，下诏解其节钺为真三公，加封徐、豫两国，后又封广阳郡王。1125年，宋钦宗赵桓受禅即位，下诏,[PERSON#398]（1054年-1126年），字[PERSON#398]，一作[PERSON#398]，[LOCATION#82]（今属[LOCATION#147]）人。北宋权宦，“六贼”之一。[PERSON#398]与[PERSON#369]结交，推荐被贬职的[PERSON#369]为皇家搜购书画，使[PERSON#369]受到[PERSON#571]赏识，得以复官，后做了宰相。而[PERSON#398]又因[PERSON#369]之力飞黄腾达，进而掌握军权。1111年，[PERSON#398]进检校太尉，[PERSON#571]命他出使辽朝的[LOCATION#165]。[PERSON#398]使辽见到契丹人的腐败，乃产生与金人结盟攻辽的念头。[PERSON#398]返回宋朝，迅速升迁，先是以太尉为[LOCATION#232]、[LOCATION#140]、[LOCATION#142]宣抚使，接着又命为开府仪同三司，签书枢密院河西、[LOCATION#142]两房，领枢密院事、更九镇、太傅、泾国公。1120年，[PERSON#398]受命领军镇压[PERSON#598]农民起义，后来以功进为太师。1122年，金人已陷[LOCATION#2]、上京、[LOCATION#10]三道，宋朝决心北伐，但皆以失败告终。宋朝以岁币输银从金人手中换回[LOCATION#165]空城，建立[LOCATION#166]。[PERSON#571]认为[PERSON#398]立下了大功，命其为[LOCATION#166]宣抚使，下诏解其节钺为真三公，加封徐、豫两国，后又封[LOCATION#78]郡王。1125年，[PERSON#1001][PERSON#1001]受禅即位，下诏
PERSON#850,赵佶,朝廷,宋徽宗赵佶（1082年11月2日—1135年6月4日），号宣和主人，北宋第八位皇帝（1100年2月23日～1126年1月18日在位），书画家。宋神宗赵顼第十一子、宋哲宗赵煦之弟，母为钦慈皇后陈氏。先后被封为遂宁王、端王。元符三年（1100年）正月，宋哲宗驾崩，由于哲宗无子，于是向太后立赵佶为帝，次年改年号“建中靖国”。宋徽宗即位后启用新法，但是宋徽宗重用的蔡京等打着绍述新法的旗号，无恶不作，政治形势一落千丈。过分追求奢侈生活，在南方采办“花石纲”，在汴京修建“艮岳”。宋徽宗尊信道教，大建宫观，自称“教主道君皇帝”。重和元年（1118年），置道官二十六等、道职八等。宣和三年（1121年），令三京置女道录、副道录各一员，始立道学制度。在宋徽宗集团的腐朽统治下，内部农民起义风起云涌，宋江起义和方腊起义先后爆发，北宋统治危机四伏。靖康元年（1126年），金军兵临城下，受李纲之言，禅让给太子赵桓，靖,[PERSON#571]（1082年11月2日—1135年6月4日），号[PERSON#571]，北宋第八位皇帝（1100年2月23日～1126年1月18日在位），书画家。[PERSON#278]第十一子、[PERSON#388]之弟，母为[PERSON#110]。先后被封为[LOCATION#215]王、[PERSON#571]。元符三年（1100年）正月，宋哲宗驾崩，由于哲宗无子，于是向太后立[PERSON#571]为帝，次年改年号“建中靖国”。[PERSON#571]即位后启用新法，但是[PERSON#571]重用的[PERSON#369]等打着绍述新法的旗号，无恶不作，政治形势一落千丈。过分追求奢侈生活，在南方采办“花石纲”，在[LOCATION#133]修建“[LOCATION#193]”。[PERSON#571]尊信道教，大建宫观，自称“教主道君皇帝”。重和元年（1118年），置道官二十六等、道职八等。宣和三年（1121年），令三京置女道录、副道录各一员，始立道学制度。在[PERSON#571]集团的腐朽统治下，内部农民起义风起云涌，[PERSON#152]起义和[PERSON#598]起义先后爆发，北宋统治危机四伏。靖康元年（1126年），金军兵临城下，受李纲之言，禅让给太子[PERSON#1001]，靖康二年（1127年）三月，与钦宗[PERSON#1001]被金人掳去。金天会十三年（1135年）死于五国城，时年五十四岁。南宋绍兴十二年（1142年）三月，棺椁被迎回南宋，葬于绍兴永佑陵。[PERSON#571]发展了宫廷绘画，广集画家，创造了宣和画院，培养王希孟等一批杰出画家，其组织编撰的《宣和书谐》[BOOK#14]和《宣和博古图》，更是美术史研究中的珍贵史籍。其自创书法字体，被后世称为“瘦金体”。[PERSON#571]的艺术造诣也很高，代表作有《芙蓉锦鸡图》《红蓼白鹅图》《池塘秋晚图》等。
PERSON#534,谢都管,朝廷,谢都管，小说《水浒传》中人物，原为东京蔡太师府奶公，后任北京大名府留守梁中书府都管，受命协助杨志押送生辰纲。押运途中因与杨志发生激烈矛盾，于黄泥冈以资历压制杨志指挥权，导致团队内部分裂。生辰纲被劫后，联合随行虞候将责任推诿于杨志，设计诬陷其失职，直接促成杨志背负罪名。谢都管利用身份干预押运事务的行为，加剧了杨志与团队的冲突。其诬陷行径成为杨志人生转折的关键诱因，客观呈现了《水浒传》中底层官吏在权力架构中的生存策略。,[PERSON#534]，原为[LOCATION#2][LOCATION#246]奶公，后任[LOCATION#30]留守[PERSON#116]府都管，受命协助[PERSON#924]押送生辰纲。押运途中因与[PERSON#924]发生激烈矛盾，于[LOCATION#244]以资历压制[PERSON#924]指挥权，导致团队内部分裂。生辰纲被劫后，联合随行虞候将责任推诿于[PERSON#924]，设计诬陷其失职，直接促成[PERSON#924]背负罪名。[PERSON#534]利用身份干预押运事务的行为，加剧了[PERSON#924]与团队的冲突。其诬陷行径成为[PERSON#924]人生转折的关键诱因，客观呈现了[BOOK#22]中底层官吏在权力架构中的生存策略。
PERSON#469,时文彬,朝廷,时文彬是古典小说《水浒传》中虚构的郓城知县，被塑造为少数清正文官的代表人物。其贤能形象通过小说叙事与赞语形式体现，在腐败的官僚体系中具有对比意义。该角色于第十三回出场，承担杨志与晁盖故事线的过渡功能，其叙事位置被学者视为探究《水浒传》成书过程的线索。,[PERSON#469]是[BOOK#22]中虚构的[LOCATION#219]知县，被塑造为少数清正文官的代表人物。其贤能形象通过小说叙事与赞语形式体现，在腐败的官僚体系中具有对比意义。该角色于书中，承担[PERSON#924]与[PERSON#959]故事线的过渡功能，其叙事位置被学者视为探究[BOOK#22]成书过程的线索。
PERSON#604,阮小七,梁山,阮小七，古典名著《水浒传》中的人物。一百单八将之一，绰号“活阎罗”。与兄长阮小二、阮小五并称“阮氏三雄”。初登场于第十五回“吴学究说三阮撞筹，公孙胜应七星聚义”。因为参与计夺生辰纲事发，与晁盖等人一同上梁山落草。梁山大聚义时，排第三十一位，上应天败星，为四寨水军头领第六位。征方腊回朝受封盖天军都统制，但因曾经穿上方腊龙袍戏耍，事发被剥夺官职，回到石碣村打渔为生，至六十方死。,[PERSON#604]，绰号“[PERSON#604]”。与兄长[PERSON#949]、[PERSON#38]并称“[PERSON#435]”。初登场于“[PERSON#546]说三阮撞筹，[PERSON#204]应七星聚义”。因为参与计夺生辰纲事发，与[PERSON#959]等人一同上[LOCATION#752]落草。[LOCATION#752]大聚义时，排第三十一位，上应天败星，为四寨水军头领第六位。征[PERSON#598]回朝受封[LOCATION#181]都统制，但因曾经穿上[PERSON#598]龙袍戏耍，事发被剥夺官职，回到[LOCATION#184]打渔为生，至六十方死。
PERSON#949,阮小二,梁山,阮小二，古典名著《水浒传》中的人物。一百单八将之一，绰号“立地太岁”。阮小二、阮小五、阮小七三兄弟是梁山泊旁边石碣村人，个个武艺出众，义气当先，敢为兄弟赴汤蹈火。赤发鬼刘唐浪迹江湖，探听到生辰纲的消息 ，吴用说服三阮入伙，与晁盖、公孙胜一起，在黄泥冈智取了生辰纲。济州府派何涛到城县捉拿晁盖等，幸亏有宋江事先通知，众好汉避到石碣村。官军追到时，被三阮在芦苇港全部消灭干净。七人一同上梁山落草。梁山大聚义时，排第二十七位，上应天剑星，为梁山四寨水军头领第二位。高俅等奸臣几次攻打梁山泊，阮小二兄弟率水军大出风头。梁山受招安后，阮小二随宋江南征北战。征方腊时在乌龙岭兵败自刎，追封忠武郎。,[PERSON#949]，绰号“[PERSON#949]”。[PERSON#949]、[PERSON#38]、[PERSON#604]三兄弟是[LOCATION#752]旁边[LOCATION#184]人，个个武艺出众，义气当先，敢为兄弟赴汤蹈火。[PERSON#925][PERSON#925]浪迹江湖，探听到生辰纲的消息 ，[PERSON#546]说服三阮入伙，与[PERSON#959]、[PERSON#204]一起，在[LOCATION#244]智取了生辰纲。[LOCATION#149]派[PERSON#263]到[LOCATION#40]捉拿[PERSON#959]等，幸亏有[PERSON#152]事先通知，众好汉避到[LOCATION#184]。官军追到时，被三阮在芦苇港全部消灭干净。七人一同上[LOCATION#752]落草。[LOCATION#752]大聚义时，排第二十七位，上应天剑星，为[LOCATION#752]四寨水军头领第二位。[PERSON#974]等奸臣几次攻打[LOCATION#752]，[PERSON#949]兄弟率水军大出风头。[LOCATION#752]受招安后，[PERSON#949]随[PERSON#152]南征北战。征[PERSON#598]时在[LOCATION#13]兵败自刎，追封忠武郎。
PERSON#107,宋清,梁山,宋清，古典名著《水浒传》中的人物。一百单八将之一，绰号“铁扇子”。宋江的弟弟，为人恭敬孝顺。梁山大聚义时，排第七十六位，上应地俊星，掌管排设筵席之事。征方腊回朝受封武奕郎。宋江去世后，宋清获得承袭其名爵的权利，但宋清婉拒，只愿回家务农。宋徽宗怜其孝道，赐钱十万贯，田三千亩。后宋清得一子宋安平，应过科举，官至秘书学士。,[PERSON#107]，绰号“[PERSON#107]”。[PERSON#152]的弟弟，为人恭敬孝顺。[LOCATION#752]大聚义时，排第七十六位，上应地俊星，掌管排设筵席之事。征[PERSON#598]回朝受封武奕郎。[PERSON#152]去世后，[PERSON#107]获得承袭其名爵的权利，但[PERSON#107]婉拒，只愿回家务农。[PERSON#571]怜其孝道，赐钱十万贯，田三千亩。后[PERSON#107]得一子[PERSON#383]，应过科举，官至秘书学士。
PERSON#435,阮氏三雄,梁山,阮氏三雄是《水浒传》中阮小二、阮小五、阮小七三兄弟的合称，原为山东济州石碣村渔民，因参与吴用策划的智取生辰纲投奔梁山，成为水军头领。三人绰号分别为立地太岁、短命二郎、活阎罗，位列梁山天罡星第27、29、31位，曾参与劫江州法场、大破高俅水军等战役。其事迹最早可追溯至南宋《宋江三十六人赞》与元《大宋宣和遗事》。阮小二在征方腊时被困乌龙岭自刎身亡，阮小五在清溪县被娄敏中所杀，阮小七因穿方腊龙袍遭贬为庶民，归乡终老。三人性格各异：阮小二沉稳、阮小五好赌、阮小七率直，金圣叹评阮小七为“上上人物”。后世作品《水浒后传》及京剧《打渔杀家》均延续其故事。,[PERSON#435]是[BOOK#22]中[PERSON#949]、[PERSON#38]、[PERSON#604]三兄弟的合称，原为[LOCATION#65][LOCATION#149][LOCATION#184]渔民，因参与[PERSON#546]策划的智取生辰纲投奔[LOCATION#752]，成为水军头领。三人绰号分别为[PERSON#949]、[PERSON#38]、[PERSON#604]，位列[LOCATION#752]天罡星第27、29、31位，曾参与劫[LOCATION#131]法场、大破[PERSON#974]水军等战役。其事迹最早可追溯至南宋[BOOK#13]与元[BOOK#9]。[PERSON#949]在征[PERSON#598]时被困[LOCATION#13]自刎身亡，[PERSON#38]在[LOCATION#157]被[PERSON#165]所杀，[PERSON#604]因穿[PERSON#598]龙袍遭贬为庶民，归乡终老。三人性格各异：[PERSON#949]沉稳、[PERSON#38]好赌、[PERSON#604]率直，金圣叹评[PERSON#604]为“上上人物”。后世作品[BOOK#24]及京剧[BOOK#17]均延续其故事。
PERSON#142,朱仝,梁山,朱仝，古典名著《水浒传》中的人物。一百单八将之一，绰号“美髯公”。郓城县人氏，出身富户。原为县马兵都头，曾先后义释晁盖、宋江等人。后改任当牢节级，又义释亲自押解的雷横，被刺配沧州。因失却沧州府小衙内，被迫上梁山落草。梁山大聚义时，排第十二位，上应天满星，担任马军八骠骑兼先锋使。征方腊后授保定府都统制，最终官至太平军节度使。,[PERSON#142]，绰号“[PERSON#142]”。[LOCATION#219]县人氏，出身富户。原为县马兵[PERSON#18]，曾先后义释[PERSON#959]、[PERSON#152]等人。后改任当牢节级，又义释亲自押解的[PERSON#303]，被刺配[LOCATION#139]。因失却[LOCATION#139]小衙内，被迫上[LOCATION#752]落草。[LOCATION#752]大聚义时，排第十二位，上应天满星，担任马军八骠骑兼先锋使。征[PERSON#598]后授[LOCATION#23]都统制，最终官至太平军节度使。
PERSON#303,雷横,梁山,雷横，古典名著《水浒传》中的人物。一百单八将之一，绰号“插翅虎”。郓城县人氏，铁匠出身。原为县步兵都头，因打死侮辱母亲的白秀英而获罪，幸得朱仝释放，遂上梁山落草。梁山大聚义时，排第二十五位，上应天退星，任步军头领之一。征方腊时战死于德清县，追封忠武郎。,[PERSON#303]，绰号“[PERSON#303]”。[LOCATION#219]县人氏，铁匠出身。原为县步兵[PERSON#18]，因打死侮辱母亲的[PERSON#560]而获罪，幸得[PERSON#142]释放，遂上[LOCATION#752]落草。[LOCATION#752]大聚义时，排第二十五位，上应天退星，任步军头领之一。征[PERSON#598]时战死于[LOCATION#88]，追封忠武郎。
PERSON#588,宋太公,百姓,宋太公，古典名著《水浒传》中人物，北宋末年山东郓城宋家村人，宋江与次子宋清之父。宋江因广结江湖人物，恐祸及老父，遂请其至郓城县衙状告自己忤逆不孝，以此脱离父子关系。后宋江杀阎婆惜潜逃返家，公差搜捕时，宋太公出示官府文书以证父子关系已断。其庄院占地二十余亩，后花园建有直通佛堂地道的宋江井。宋江上梁山后将其接至山寨奉养，晁盖派人烧毁庄院。该人物在1998年央视版《水浒传》由任大惠饰演，2011年电视剧版由张连喜饰演。,[PERSON#588]，[BOOK#22]中人物，北宋末年[LOCATION#67]人，[PERSON#152]与次子[PERSON#107]之父。[PERSON#152]因广结江湖人物，恐祸及老父，遂请其至[LOCATION#219]县衙状告自己忤逆不孝，以此脱离父子关系。后[PERSON#152]杀[PERSON#183]潜逃返家，公差搜捕时，[PERSON#588]出示官府文书以证父子关系已断。其庄院占地二十余亩，后花园建有直通佛堂地道的[LOCATION#54]。[PERSON#152]上[LOCATION#752]后将其接至山寨奉养，[PERSON#959]派人烧毁庄院。
PERSON#688,张横,梁山,张横，古典名著《水浒传》中的人物。一百单八将之一，绰号“船火儿”。江州人氏，原为浔阳江艄公，与弟弟张顺同为当地一霸。后参与营救宋江，大闹江州，是白龙庙二十九英雄之一。梁山大聚义时，排第二十八位，上应天竟星（一作天平星），职司为水军头领。征方腊时病死于杭州，追封忠武郎。,[PERSON#688]，绰号“[PERSON#688]”。[LOCATION#131]人氏，原为[LOCATION#151]艄公，与弟弟[PERSON#17]同为当地一霸。后参与营救[PERSON#152]，大闹[LOCATION#131]，是[LOCATION#179]二十九英雄之一。[LOCATION#752]大聚义时，排第二十八位，上应天竟星（一作天平星），职司为水军头领。征[PERSON#598]时病死于[LOCATION#111]，追封忠武郎。
PERSON#859,白胜,梁山,白胜，古典名著《水浒传》中的人物。一百单八将之一，绰号“白日鼠”。原本是个闲汉，同晁盖等人智取生辰纲，案发后被何涛、何清兄弟抓捕，熬不过苦刑，供出了晁盖等人。后来在梁山人马的配合下出逃，上山落草。梁山大聚义时，排第一百零六位，上应地耗星，担任走报机密步军头领。在征方腊中途病故，追封义节郎。,[PERSON#859]，绰号“[PERSON#859]”。原本是个闲汉，同[PERSON#959]等人智取生辰纲，案发后被[PERSON#263]、[PERSON#731]兄弟抓捕，熬不过苦刑，供出了[PERSON#959]等人。后来在[LOCATION#752]人马的配合下出逃，上山落草。[LOCATION#752]大聚义时，排第一百零六位，上应地耗星，担任走报机密步军头领。在征[PERSON#598]中途病故，追封义节郎。
PERSON#38,阮小五,梁山,阮小五，古典名著《水浒传》中的人物。一百单八将之一，绰号“短命二郎”。从小生长在石碣村，打鱼谋生，在阮氏三兄弟中排行第二。与晁盖、吴用、公孙胜七星聚义，在黄泥冈劫取生辰纲，事发后兄弟几个一起打败何涛，同晁盖等人上梁山落草。梁山大聚义时，排第二十九位，上应天罪星，为四寨水军头领第四位，与童威一起驻守梁山东北水寨。征讨方腊时被娄敏中发现是细作，死于清溪县。,[PERSON#38]，绰号“[PERSON#38]”。从小生长在[LOCATION#184]，打鱼谋生，在阮氏三兄弟中排行第二。与[PERSON#959]、[PERSON#546]、[PERSON#204]七星聚义，在[LOCATION#244]劫取生辰纲，事发后兄弟几个一起打败[PERSON#263]，同[PERSON#959]等人上[LOCATION#752]落草。[LOCATION#752]大聚义时，排第二十九位，上应天罪星，为四寨水军头领第四位，与[PERSON#569]一起驻守[LOCATION#121]。征讨[PERSON#598]时被[PERSON#165]发现是细作，死于[LOCATION#157]。
PERSON#195,薛霸,朝廷,薛霸，古典小说《水浒传》及衍生作品中的人物，原为开封府包公手下的差人之一。东京开封府押送公人，为人欺软怕硬又贪财。曾和董超一起押送林冲去沧州，受贿要在野猪林结果林冲，却被鲁智深阻止，回开封府后被高太尉寻事刺配北京大名府。后又和董超一起押送卢俊义去沙门岛，同样受贿要结果卢俊义，结果被卢俊义的仆从燕青杀死。,[PERSON#195]，原为[LOCATION#82]府包公手下的差人之一。[LOCATION#2][LOCATION#82]府押送公人，为人欺软怕硬又贪财。曾和[PERSON#716]一起押送[PERSON#699]去[LOCATION#139]，受贿要在[LOCATION#222]结果[PERSON#699]，却被[PERSON#532]阻止，回[LOCATION#82]府后被[PERSON#763]寻事刺配[LOCATION#30]。后又和[PERSON#716]一起押送[PERSON#156]去[LOCATION#138]，同样受贿要结果[PERSON#156]，结果被[PERSON#156]的仆从[PERSON#350]杀死。
PERSON#716,董超,朝廷,董超是古典小说《水浒传》中的人物，北宋东京开封府差役，汉族男性，与薛霸搭档押解犯人，最终被燕青所杀。该角色在影视作品中由邢国洲（1998年电视剧《水浒传》）、韩明寰（2013年电影《玉麒麟卢俊义》）、蔡嘉诚（2018年电视剧《小戏骨：水浒传》）、张涛（2019年电影《智深传2》）等演员饰演。董超与薛霸两次受命押送林冲、卢俊义，均收受贿赂企图加害。押送林冲时被鲁智深阻止，押送卢俊义时被燕青射杀。董超在《包公案》中为正面差役，在《水浒传》中则被塑造为酷吏象征，常以欺压犯人形象出现。影视形象涵盖多部《水浒传》改编作品，突出其贪婪阴险的性格特征。,[PERSON#716]是北宋[LOCATION#2][LOCATION#82]府差役，汉族男性，与[PERSON#195]搭档押解犯人，最终被[PERSON#350]所杀。[PERSON#716]与[PERSON#195]两次受命押送[PERSON#699]、[PERSON#156]，均收受贿赂企图加害。押送[PERSON#699]时被[PERSON#532]阻止，押送[PERSON#156]时被[PERSON#350]射杀。[PERSON#716]在[BOOK#4]中为正面差役，在[BOOK#22]中则被塑造为酷吏象征，常以欺压犯人形象出现。影视形象涵盖多部[BOOK#22]改编作品，突出其贪婪阴险的性格特征。
PERSON#26,宿元景,朝廷,宿元景，别称宿太尉，是古典小说《水浒传》中的虚构人物，宋徽宗心腹官员，官拜北宋殿前太尉。他性情宽厚，反对权臣童贯、蔡京，主张招安梁山泊，曾借御香金铃吊挂助宋江攻破华州救出史进、鲁智深。宿元景促成宋徽宗下诏招安梁山，并亲赴济州宣读诏书。梁山受招安后，他推动宋江率军征讨辽国，陈桥驿事件中协助化解朝廷与梁山矛盾。征讨田虎期间举荐陈瓘为监军，最终奏请敕封宋江为“忠烈义济灵应侯”，并主持修建梁山泊靖忠庙。宿元景曾接受梁山金银贿赂但仍被描述为正面形象。,[PERSON#26]，别称[PERSON#26]，是[BOOK#22]中的虚构人物，[PERSON#571]心腹官员，官拜北宋殿前太尉。他性情宽厚，反对权臣[PERSON#398]、[PERSON#369]，主张招安[LOCATION#752]，曾借御香金铃吊挂助[PERSON#152]攻破[LOCATION#33]救出[PERSON#277]、[PERSON#532]。[PERSON#26]促成[PERSON#571]下诏招安[LOCATION#752]，并亲赴[LOCATION#149]宣读诏书。[LOCATION#752]受招安后，他推动[PERSON#152]率军征讨[LOCATION#213]，[LOCATION#231]事件中协助化解[LOCATION#753]与[LOCATION#752]矛盾。征讨[PERSON#1003]期间举荐[PERSON#269]为监军，最终奏请敕封[PERSON#152]为“忠烈义济灵应侯”，并主持修建[LOCATION#752]靖忠庙。[PERSON#26]曾接受[LOCATION#752]金银贿赂但仍被描述为正面形象。
PERSON#369,蔡京,朝廷,蔡京，古典小说《水浒传》中的人物，98版电视剧中由林连昆饰演。蔡京，宋朝宰相，权倾朝野，与高俅、童贯、杨戬被称为四大奸臣。蔡京过生日的时候，女婿梁中书进献给他价值十万贯的金银财宝，却被晁盖等人所劫并在梁山落草，因此与梁山结下了仇。后来宋江在蔡京第九子蔡得章管辖的江州地界提反诗被抓，行刑当天被晁盖带人劫法场救走并加入了梁山的队伍。宋江接受朝廷招安后，蔡京与高俅等奸臣合谋害死了宋江、卢俊义。,[PERSON#369]，宋朝宰相，权倾朝野，与[PERSON#974]、[PERSON#398]、[PERSON#164]被称为四大奸臣。[PERSON#369]过生日的时候，女婿[PERSON#116]进献给他价值十万贯的金银财宝，却被[PERSON#959]等人所劫并在[LOCATION#752]落草，因此与[LOCATION#752]结下了仇。后来[PERSON#152]在[PERSON#369]第九子[PERSON#144]管辖的[LOCATION#131]地界提反诗被抓，行刑当天被[PERSON#959]带人劫法场救走并加入了[LOCATION#752]的队伍。[PERSON#152]接受[LOCATION#753]招安后，[PERSON#369]与[PERSON#974]等奸臣合谋害死了[PERSON#152]、[PERSON#156]。
PERSON#251,施恩,梁山,施恩，古典名著《水浒传》中的人物。一百单八将之一，绰号“金眼彪”。出场于第二十八回“武松威镇安平寨，施恩义夺快活林”，后于第五十八回“三山聚义打青州，众虎同心归水泊”随二龙山头领上梁山。梁山大聚义时，排第八十五位，上应地伏星，司职步军将校，巡逻营步军头领。征方腊攻常熟时落水而死，追封义节郎。,[PERSON#251]，绰号“[PERSON#251]”。出场于“[PERSON#18]威镇[LOCATION#53]，[PERSON#251]义夺[LOCATION#90]”，后于书中“三山聚义打[LOCATION#234]，众虎同心归水泊”情节中，随[LOCATION#16]头领上[LOCATION#752]。[LOCATION#752]大聚义时，排第八十五位，上应地伏星，司职步军将校，巡逻营步军头领。征[PERSON#598]攻[LOCATION#73]时落水而死，追封义节郎。
PERSON#253,秦明,梁山,秦明，古典名著《水浒传》中的人物。一百单八将之一，绰号“霹雳火”。初登场于第三十四回“镇三山大闹青州道，霹雳火夜走瓦砾场”。山后开州人，出身军官之家。原本任青州指挥司统制，攻打清风山时中了宋江的计策，被俘后无家可归，只得归顺。自上梁山，秦明凭借手中烽火狼牙棒，屡立战功。梁山大聚义时，排名第七位，上应“天猛星”，为“马军五虎将”第三员。受招安后，秦明随宋江南征北战。在征方腊接近尾声的清溪县之战死于方杰之手，追封忠武郎.秦明武力高强，然性格急躁。他原本以消灭农民义军为己任，但被客观形势逼得无路可走，只得上山落草.其事迹在民间流传极广，成为戏剧、小说以及影视剧广泛演绎的角色。,[PERSON#253]，绰号“[PERSON#253]”。初登场于“[PERSON#966]大闹[LOCATION#234]道，[PERSON#253]夜走[LOCATION#174]”。山后[LOCATION#83]人，出身军官之家。原本任[LOCATION#234]指挥司统制，攻打[LOCATION#160]时中了[PERSON#152]的计策，被俘后无家可归，只得归顺。自上[LOCATION#752]，[PERSON#253]凭借手中烽火狼牙棒，屡立战功。[LOCATION#752]大聚义时，排名第七位，上应“天猛星”，为“马军五虎将”第三员。受招安后，[PERSON#253]随[PERSON#152]南征北战。在征[PERSON#598]接近尾声的[LOCATION#157]之战死于[PERSON#161]之手，追封忠武郎.[PERSON#253]武力高强，然性格急躁。他原本以消灭农民义军为己任，但被客观形势逼得无路可走，只得上山落草.其事迹在民间流传极广，成为戏剧、小说以及影视剧广泛演绎的角色。
PERSON#313,闻达,朝廷,闻达，古典小说《水浒传》中的人物。宋朝武将，官职北京大名府都监，绰号“闻大刀”。长期为大名府留守梁中书效力，常与大名府另一名都监“李天王”李成搭档。他与杨志、索超等梁山好汉有一定的交情，也曾作为梁山军队的对手与其交战。闻达在多部《水浒传》著名续书中都有出场，如在《荡寇志》中，闻达是三十六雷将之一。,[PERSON#313]，宋朝武将，官职[LOCATION#30]都监，绰号“[PERSON#313]”。长期为大名府留守[PERSON#116]效力，常与大名府另一名都监“[PERSON#94]”[PERSON#94]搭档。他与[PERSON#924]、[PERSON#86]等[LOCATION#752]好汉有一定的交情，也曾作为[LOCATION#752]军队的对手与其交战。[PERSON#313]在多部[BOOK#22]著名续书中都有出场，如在[BOOK#32]中，[PERSON#313]是三十六雷将之一。
PERSON#336,徐宁,梁山,徐宁，古典名著《水浒传》中的人物。一百单八将之一，绰号“金枪手”。东京人氏，原是禁军金枪班教师，善使钩镰枪。后被表弟汤隆赚上梁山，大破呼延灼的铁甲连环马。梁山大聚义时，排第十八位，上应天佑星，为马军八骠骑兼先锋使第二位，把守正东旱寨。征方腊时在杭州被毒箭射伤，不治身亡，追封忠武郎。,[PERSON#336]，绰号“[PERSON#336]”。[LOCATION#2]人氏，原是禁军金枪班教师，善使钩镰枪。后被表弟[PERSON#749]赚上[LOCATION#752]，大破[PERSON#434]的铁甲连环马。[LOCATION#752]大聚义时，排第十八位，上应天佑星，为马军八骠骑兼先锋使第二位，把守正东旱寨。征[PERSON#598]时在[LOCATION#111]被毒箭射伤，不治身亡，追封忠武郎。
PERSON#472,李应,梁山,李应，古典名著《水浒传》中的人物。一百单八将之一，绰号“扑天雕”。郓州人氏，原为李家庄庄主。他曾修书给祝家庄，索要时迁，却被祝家庄拒绝，与祝彪交战时又被暗箭所伤，因而与祝家庄交恶。梁山攻灭祝家庄后，将他全家赚上梁山。梁山大聚义时，排第十一位，上应天富星，掌管钱粮。征方腊回朝授中山府郓州都统制，后辞官回乡，重做富豪。,[PERSON#472]，绰号“[PERSON#472]”。[LOCATION#220]人氏，原为[LOCATION#109]庄主。他曾修书给[LOCATION#185]，索要[PERSON#896]，却被[LOCATION#185]拒绝，与[PERSON#698]交战时又被暗箭所伤，因而与[LOCATION#185]交恶。[LOCATION#752]攻灭[LOCATION#185]后，将他全家赚上[LOCATION#752]。[LOCATION#752]大聚义时，排第十一位，上应天富星，掌管钱粮。征[PERSON#598]回朝授[LOCATION#11][LOCATION#220]都统制，后辞官回乡，重做富豪。
PERSON#358,邓飞,梁山,邓飞，古典名著《水浒传》中的人物。一百单八将之一，因双睛红赤，绰号“火眼狻猊”。襄阳府人氏，原是饮马川二寨主，后因认识杨林，受到戴宗招纳，遂加入梁山。梁山大聚义时，排第四十九位，上应地阖星，职司为马军小彪将兼远探出哨头领。征方腊时在杭州被石宝所杀，追封义节郎。,[PERSON#358]，因双睛红赤，绰号“[PERSON#358]”。[LOCATION#208]人氏，原是[LOCATION#238]二寨主，后因认识[PERSON#717]，受到[PERSON#968]招纳，遂加入[LOCATION#752]。[LOCATION#752]大聚义时，排第四十九位，上应地阖星，职司为马军小彪将兼远探出哨头领。征[PERSON#598]时在[LOCATION#111]被[PERSON#288]所杀，追封义节郎。
PERSON#279,李云,梁山,李云，古典名著《水浒传》中的人物。一百单八将之一，绰号“青眼虎”。沂水县人氏，原是县衙都头，后因押解的李逵被朱贵、朱富劫去，被迫投奔梁山。梁山大聚义时，排第九十七位，上应地察星，负责起造修缉房舍。征方腊时战死于歙州，追封义节郎。,[PERSON#279]，绰号“[PERSON#279]”。[LOCATION#137]人氏，原是县衙[PERSON#18]，后因押解的[PERSON#614]被[PERSON#427]、[PERSON#671]劫去，被迫投奔[LOCATION#752]。[LOCATION#752]大聚义时，排第九十七位，上应地察星，负责起造修缉房舍。征[PERSON#598]时战死于[LOCATION#126]，追封义节郎。
PERSON#427,朱贵,梁山,朱贵，古典名著《水浒传》中的人物。一百单八将之一，绰号“旱地忽律”。沂州沂水县人氏，朱富的哥哥。原是梁山小头目，在林冲上山后才坐了第五把交椅，是山寨的开山元老之一。但在晁盖、宋江在位时期，地位不断下降。梁山大聚义时，排第九十二位，上应地囚星，与杜兴经营南山酒店。征方腊时病逝于杭州，追封义节郎。,[PERSON#427]，绰号“[PERSON#427]”。[LOCATION#136][LOCATION#137]人氏，[PERSON#671]的哥哥。原是[LOCATION#752]小头目，在[PERSON#699]上山后才坐了第五把交椅，是山寨的开山元老之一。但在[PERSON#959]、[PERSON#152]在位时期，地位不断下降。[LOCATION#752]大聚义时，排第九十二位，上应地囚星，与[PERSON#311]经营南山酒店。征[PERSON#598]时病逝于[LOCATION#111]，追封义节郎。
PERSON#311,杜兴,梁山,杜兴，古典名著《水浒传》中的人物。一百单八将之一，绰号“鬼脸儿”。中山府人氏，在蓟州做买卖时因打死同伙客人被抓，为杨雄所救。宋江三打祝家庄后，杜兴随李应入伙梁山。梁山大聚义时，排第八十九位，上应地全星，为山寨四店打听消息、邀请来宾八头领之一。征方腊后，随李应还乡做了一处富豪。,[PERSON#311]，绰号“[PERSON#311]”。[LOCATION#11]人氏，在[LOCATION#202]做买卖时因打死同伙客人被抓，为[PERSON#87]所救。[PERSON#152]三打[LOCATION#185]后，[PERSON#311]随[PERSON#472]入伙[LOCATION#752]。[LOCATION#752]大聚义时，排第八十九位，上应地全星，为山寨四店打听消息、邀请来宾八头领之一。征[PERSON#598]后，随[PERSON#472]还乡做了一处富豪。
PERSON#880,朱武,梁山,朱武，古典名著《水浒传》中的人物。一百单八将之一，精通阵法，绰号“神机军师”。定远人氏，因被官司逼迫，与陈达、杨春一同在少华山落草。陈达攻打史家庄，被史进打败，朱武与杨春求史进放了陈达，由此与之结交。后史进被困华州城，朱武等人配合梁山军马大闹华州，上梁山入伙。梁山大聚义时，排第三十七位，上应地魁星，为同参赞军务头领。受招安后，担任卢俊义的军师，为幸存偏将之一。后与樊瑞去投公孙胜学道。,[PERSON#880]，精通阵法，绰号“[PERSON#880]”。[LOCATION#57]人氏，因被官司逼迫，与[PERSON#714]、[PERSON#975]一同在[LOCATION#64]落草。[PERSON#714]攻打史家庄，被[PERSON#277]打败，[PERSON#880]与[PERSON#975]求[PERSON#277]放了[PERSON#714]，由此与之结交。后[PERSON#277]被困[LOCATION#33]，[PERSON#880]等人配合[LOCATION#752]军马大闹[LOCATION#33]，上[LOCATION#752]入伙。[LOCATION#752]大聚义时，排第三十七位，上应地魁星，为同参赞军务头领。受招安后，担任[PERSON#156]的军师，为幸存偏将之一。后与[PERSON#958]去投[PERSON#204]学道。
PERSON#416,李师师,百姓,李师师是古典小说《水浒传》中的人物，首次登场于第七十二回，身份为东京名妓，宋徽宗宠幸之人。文中以“沉鱼落雁之容，闭月羞花之貌”等诗句刻画其出众姿容，并通过琵琶才艺展现聪慧特质。宋江为促成梁山招安，两次派燕青以重金求见李师师。初因李逵闹事未果，后借其引见使燕青得以向宋徽宗奏明招安意图。最终回中，宋徽宗梦游梁山泊时，李师师借奏对暗示宋江之死，推动朝廷追封梁山众人，完成招安叙事闭环。李师师以青楼女子身份贯穿庙堂与江湖的联结，三次关键出场分别对应招安的受阻、实现与善后，成为施耐庵讽喻朝政腐败的镜像符号。其结局通过君臣对话呼应全书忠义主题，未脱离小说虚构框架。,[PERSON#416]，身份为[LOCATION#2]名妓，[PERSON#571]宠幸之人。文中以“沉鱼落雁之容，闭月羞花之貌”等诗句刻画其出众姿容，并通过琵琶才艺展现聪慧特质。[PERSON#152]为促成[LOCATION#752]招安，两次派[PERSON#350]以重金求见[PERSON#416]。初因[PERSON#614]闹事未果，后借其引见使[PERSON#350]得以向[PERSON#571]奏明招安意图。最终回中，[PERSON#571]梦游[LOCATION#752]时，[PERSON#416]借奏对暗示[PERSON#152]之死，推动[LOCATION#753]追封[LOCATION#752]众人，完成招安叙事闭环。[PERSON#416]以青楼女子身份贯穿庙堂与江湖的联结，三次关键出场分别对应招安的受阻、实现与善后，成为[PERSON#409]讽喻朝政腐败的镜像符号。其结局通过君臣对话呼应全书忠义主题，未脱离小说虚构框架。
PERSON#678,闻焕章,朝廷,闻焕章，男，中国古典小说《水浒传》及衍生作品中的人物。登场于第79回、第81回。闻焕章，精通兵法谋略，被委任为高俅的参谋，但高俅未用，最后被梁山军马杀得大败。后被高俅留在梁山作为人质，并协助宋江致信太尉宿元景，帮助梁山招安。续书《水浒后传》中，闻焕章收了呼延灼的儿子呼延钰和徐宁的儿子徐晟为徒，跟着梁山众人远渡重洋到了金鳌岛，最后还把女儿嫁给了成为暹罗国主的混江龙李俊，成为了对方的岳父。,[PERSON#678]，男，中国[BOOK#22]及衍生作品中的人物。[PERSON#678]，精通兵法谋略，被委任为[PERSON#974]的参谋，但[PERSON#974]未用，最后被[LOCATION#752]军马杀得大败。后被[PERSON#974]留在[LOCATION#752]作为人质，并协助[PERSON#152]致信太尉[PERSON#26]，帮助[LOCATION#752]招安。续书[BOOK#24]中，[PERSON#678]收了[PERSON#434]的儿子[PERSON#234]和[PERSON#336]的儿子[PERSON#233]为徒，跟着[LOCATION#752]众人远渡重洋到了[LOCATION#225]，最后还把女儿嫁给了成为[LOCATION#107]主的[PERSON#66][PERSON#66]，成为了对方的岳父。
PERSON#974,高俅,朝廷,高俅（？—1126年），北宋末年官员。高俅因善蹴鞠，获宠于端王赵佶（即徽宗）。高俅官居太尉，没有战功，他恃宠营私，“侵夺军营，以广私第，多占禁军，以充力役”，导致禁军“纪律废弛”“军政不修”，以至于金兵来袭之时，禁军一哄而散。金兵南下侵宋之后，高俅、童贯、蔡攸等人和宋徽宗一路南逃。靖康元年（1126年），高俅去世。高俅写得一手漂亮的毛笔字，有一定的诗词歌赋功底，会使枪弄棒，有一定的武功基础。对宋徽宗百般讨好，迎合宋徽宗好名贪功的喜好。,[PERSON#974]（？—1126年），北宋末年官员。[PERSON#974]因善蹴鞠，获宠于[PERSON#571][PERSON#571]（即[PERSON#571]）。[PERSON#974]官居太尉，没有战功，他恃宠营私，“侵夺军营，以广私第，多占禁军，以充力役”，导致禁军“纪律废弛”“军政不修”，以至于金兵来袭之时，禁军一哄而散。金兵南下侵宋之后，[PERSON#974]、[PERSON#398]、[PERSON#600]等人和[PERSON#571]一路南逃。靖康元年（1126年），[PERSON#974]去世。[PERSON#974]写得一手漂亮的毛笔字，有一定的诗词歌赋功底，会使枪弄棒，有一定的武功基础。对[PERSON#571]百般讨好，迎合[PERSON#571]好名贪功的喜好。
PERSON#576,段景住,梁山,段景住，古典名著《水浒传》中的人物。一百单八将之一，绰号“金毛犬”。涿州人氏，以盗马为生。他盗取金国王子的照夜玉狮子马，想献给宋江，却在途中被曾头市劫去，只得上梁山告知此事，间接引发了“晁盖身死、宋江上位”等事件。梁山大聚义时，排第一百零八位，上应地狗星，担任走报机密步军头领。征方腊时溺死于杭州外海，追封义节郎。,[PERSON#576]，绰号“[PERSON#576]”。[LOCATION#154]人氏，以盗马为生。他盗取金国王子的照夜玉狮子马，想献给[PERSON#152]，却在途中被[LOCATION#108]劫去，只得上[LOCATION#752]告知此事，间接引发了“[PERSON#959]身死、[PERSON#152]上位”等事件。[LOCATION#752]大聚义时，排第一百零八位，上应地狗星，担任走报机密步军头领。征[PERSON#598]时溺死于[LOCATION#113]，追封义节郎。
PERSON#277,史进,梁山,史进，古典名著《水浒传》中的人物。一百单八将之一，因身上纹有九条青龙，绰号“九纹龙”。史家村史太公之子，自小不务农业，只爱刺枪使棒，是东京八十万禁军教头王进的徒弟。史进和朱武、陈达、杨春聚义少华山之后，由于刺华州太守未果而身陷囹圄，后于五十九回“吴用赚金铃吊挂，宋江闹西岳华山”获救，少华山全伙上梁山。梁山大聚义时，排第二十三位，上应天微星，担任马军八虎骑兼先锋使。征方腊时在昱岭关前中箭身死，追封忠武郎。史进是《水浒传》全书第一个出场的梁山好汉。,[PERSON#277]，因身上纹有九条青龙，绰号“[PERSON#277]”。[LOCATION#37][PERSON#69]之子，自小不务农业，只爱刺枪使棒，是[LOCATION#2]八十万禁军教头[PERSON#370]的徒弟。[PERSON#277]和[PERSON#880]、[PERSON#714]、[PERSON#975]聚义[LOCATION#64]之后，由于刺[LOCATION#33]太守未果而身陷囹圄，后于“[PERSON#546]赚金铃吊挂，[PERSON#152]闹[LOCATION#209]”获救，[LOCATION#64]全伙上[LOCATION#752]。[LOCATION#752]大聚义时，排第二十三位，上应天微星，担任马军八虎骑兼先锋使。征[PERSON#598]时在[LOCATION#104]前中箭身死，追封忠武郎。
PERSON#30,贾氏,百姓,贾氏，古典小说《水浒传》中人物，河北大名府员外卢俊义之妻。作为宋代虚构角色，她因与管家李固通奸并合谋陷害丈夫私通梁山，成为推动原著情节发展的关键人物。贾氏与李固设计陷害卢俊义致其入狱，公堂上对受刑丈夫冷语相讥，迫使其屈打成招。后梁山好汉攻破大名府，贾氏被擒获押回梁山，由卢俊义亲自执行凌迟之刑。其婚姻初期与卢俊义琴瑟和谐，但因卢俊义专注武艺经商致情感疏离，加之李固诱惑，最终选择背叛。贾氏之死体现古代通俗小说对奸邪人物的严惩传统，其悲剧命运亦折射出封建社会对女性越轨行为的严苛审判与生存困境。,[PERSON#30]，[LOCATION#142]大名府员外[PERSON#156]之妻。作为宋代虚构角色，她因与管家[PERSON#907]通奸并合谋陷害丈夫私通[LOCATION#752]，成为推动原著情节发展的关键人物。[PERSON#30]与[PERSON#907]设计陷害[PERSON#156]致其入狱，公堂上对受刑丈夫冷语相讥，迫使其屈打成招。后[LOCATION#752]好汉攻破大名府，[PERSON#30]被擒获押回[LOCATION#752]，由[PERSON#156]亲自执行凌迟之刑。其婚姻初期与[PERSON#156]琴瑟和谐，但因[PERSON#156]专注武艺经商致情感疏离，加之[PERSON#907]诱惑，最终选择背叛。[PERSON#30]之死体现古代通俗小说对奸邪人物的严惩传统，其悲剧命运亦折射出封建社会对女性越轨行为的严苛审判与生存困境。
PERSON#69,史太公,百姓,史太公是《水浒传》中史家村的里正，九纹龙史进的父亲，年近六旬时出场，须发皆白。他热情接待落难的王进母子，不仅提供食宿，还延医为王母治疗心痛病，并支持儿子向王进学习武艺。其善举促成史进掌握十八般武艺，成为梁山重要将领。他在王进离开半年后病逝，葬礼成为史进人生转折点。施耐庵通过其名字设定与华阴县背景，隐现对司马迁的致敬。,[PERSON#69]是[LOCATION#37]的里正，[PERSON#277][PERSON#277]的父亲，年近六旬时出场，须发皆白。他热情接待落难的[PERSON#370]母子，不仅提供食宿，还延医为王母治疗心痛病，并支持儿子向[PERSON#370]学习武艺。其善举促成[PERSON#277]掌握十八般武艺，成为[LOCATION#752]重要将领。他在[PERSON#370]离开半年后病逝，葬礼成为[PERSON#277]人生转折点。[PERSON#409]通过其名字设定与[LOCATION#34]背景，隐现对司马迁的致敬。
PERSON#577,西门庆,地方势力,西门庆，古典名著《水浒传》中的人物。初登场于第二十四回“王婆贪贿说风情，郓哥不忿闹茶肆”。其故事原型或来自于宋元小说话本《刎颈鸳鸯会》的商人朱秉中。西门庆原是阳谷县一个破落户财主，后发迹有钱，一日被美娘子潘金莲用收帘子的叉竿打中头，一见钟情于潘金莲。因常往茶坊来坐，西门庆心中所思被茶坊王婆看破，二人合谋设计，西门庆与潘金莲勾搭成奸，整日荒淫取乐。不料东窗事发，武大郎终究是撞破奸情。西门庆踢伤武大，又与潘金莲等人合谋毒害武大。之后，西门庆上下打点，并买通验尸的何九叔，想掩盖真相。武大给弟弟武松托梦，武松怀疑哥哥是被害死，先后找到何九叔、郓哥，并逼问潘金莲、王婆等人查明了真相，当场杀死潘金莲。西门庆根本不知武松的血性，被其从酒楼上摔至街上，而后被一刀割下了头。西门庆为人奸诈、放刁把滥，仗着财势勾通官吏，称霸一方。小说通过塑造西门庆这一反面形象，深刻地写出了市民最憎恨、最畏惧的城市恶霸的本质。其,[PERSON#577]，初登场于“[PERSON#950]贪贿说风情，[PERSON#126]不忿闹茶肆”。其故事原型或来自于宋元小说话本[BOOK#3]的商人[PERSON#353]。[PERSON#577]原是[LOCATION#228]一个破落户财主，后发迹有钱，一日被美娘子[PERSON#452]用收帘子的叉竿打中头，一见钟情于[PERSON#452]。因常往茶坊来坐，[PERSON#577]心中所思被茶坊[PERSON#950]看破，二人合谋设计，[PERSON#577]与[PERSON#452]勾搭成奸，整日荒淫取乐。不料东窗事发，[PERSON#447]终究是撞破奸情。[PERSON#577]踢伤[PERSON#447]，又与[PERSON#452]等人合谋毒害[PERSON#447]。之后，[PERSON#577]上下打点，并买通验尸的[PERSON#804]，想掩盖真相。[PERSON#447]给弟弟[PERSON#18]托梦，[PERSON#18]怀疑哥哥是被害死，先后找到[PERSON#804]、[PERSON#126]，并逼问[PERSON#452]、[PERSON#950]等人查明了真相，当场杀死[PERSON#452]。[PERSON#577]根本不知[PERSON#18]的血性，被其从酒楼上摔至街上，而后被一刀割下了头。[PERSON#577]为人奸诈、放刁把滥，仗着财势勾通官吏，称霸一方。小说通过塑造[PERSON#577]这一反面形象，深刻地写出了市民最憎恨、最畏惧的城市恶霸的本质。其形象在后世流传的各种作品中进一步完善和发展，如现实主义长篇小说[BOOK#36]，京剧《狮子楼》等。
PERSON#950,王婆,百姓,王婆，古典小说《水浒传》中的人物。山东省阳谷县人，家住紫石街武大郎家隔壁，在家开一个西瓜铺。为西门庆设计勾引潘金莲，并借自家作为二人的通奸场所。在武大郎捉奸被西门庆踢伤后，又设计杀害武大郎。有挨光、潘驴邓小闲等名句。最后被官府抓获，凌迟处死。王婆是《水浒传》中邪恶女性的典型代表，其被处决反映了传统社会民众维护社会秩序的朴素正义观。,[PERSON#950]，[LOCATION#65][LOCATION#228]人，家住[LOCATION#191][PERSON#447]家隔壁，在家开一个西瓜铺。为[PERSON#577]设计勾引[PERSON#452]，并借自家作为二人的通奸场所。在[PERSON#447]捉奸被[PERSON#577]踢伤后，又设计杀害[PERSON#447]。有挨光、潘驴邓小闲等名句。最后被官府抓获，凌迟处死。[PERSON#950]是[BOOK#22]中邪恶女性的典型代表，其被处决反映了传统社会民众维护社会秩序的朴素正义观。
PERSON#126,郓哥,百姓,郓哥，原名乔郓哥，是《水浒传》及其续书《水浒后传》中的虚拟人物，由李启芯在2021年电影《武松血战狮子楼》中饰演。其父在郓州当兵时生下他，故取名郓哥，后随父迁居阳谷县，以贩卖雪梨为生，常向西门庆兜售水果。郓哥因发现潘金莲与西门庆在王婆茶肆私通，欲找西门庆（卖梨）反遭王婆殴打，遂将奸情透露给武大郎，并定计协助其捉奸未果。武松归乡后，郓哥作为关键证人提供证词，促使武松查明武大郎被害真相。在《水浒后传》中，郓哥于李家道口经营酒馆时救助呼延钰、徐晟等人，参与郓城营救宋清之战，后随呼延钰前往暹罗国并娶共涛之女为妻。,[PERSON#126]，原名[PERSON#126]，是[BOOK#22]及其续书[BOOK#24]中的虚拟人物。其父在[LOCATION#220]当兵时生下他，故取名[PERSON#126]，后随父迁居[LOCATION#228]，以贩卖雪梨为生，常向[PERSON#577]兜售水果。[PERSON#126]因发现[PERSON#452]与[PERSON#577]在[PERSON#950]茶肆私通，欲找[PERSON#577]（卖梨）反遭[PERSON#950]殴打，遂将奸情透露给[PERSON#447]，并定计协助其捉奸未果。[PERSON#18]归乡后，[PERSON#126]作为关键证人提供证词，促使[PERSON#18]查明[PERSON#447]被害真相。在[BOOK#24]中，[PERSON#126]于[LOCATION#110]经营酒馆时救助[PERSON#234]、[PERSON#233]等人，参与[LOCATION#219]营救[PERSON#107]之战，后随[PERSON#234]前往[LOCATION#107]并娶[PERSON#270]之女为妻。
PERSON#447,武大郎,百姓,武大郎，古典名著《水浒传》中的人物，是施耐庵根据元朝无名氏的《大宋宣和遗事》以及元朝龚开《宋江三十六人赞》中描写的行者武松和武松打虎的故事进行衍生编撰出的新人物，诨名三寸钉谷树皮。河北清河县人，靠卖炊饼为生，娶妻潘金莲，是武松的哥哥，在武家排行老大，唤作武大郎。武大郎从小父母双亡，含辛茹苦将兄弟武松抚养成人。他的性格懦弱又胆小怕事，面对市井无赖的凌辱，往往选择退让，即使他发现潘金莲与西门庆的奸情后，还想息事宁人，最后落得个被妻毒杀的结局。后来武松为兄报仇，杀了西门庆和潘金莲。武大郎代表了封建社会最普通、最本分的劳动者形象：老实、厚道。同时，他也是流传于冀东南和鲁西北地区，深入民心的人物。他的故事靠说书、赶会、舞台表演等多种形式，在清河及周边县市的百姓心中，历千年绵延不断，代代相传。,[PERSON#447]，[BOOK#22]中的人物，是[PERSON#409]根据元朝无名氏的[BOOK#9]以及元朝[PERSON#238][BOOK#13]中描写的[PERSON#18][PERSON#18]和[PERSON#18]打虎的故事进行衍生编撰出的新人物，诨名三寸钉谷树皮。[LOCATION#143]人，靠卖炊饼为生，娶妻[PERSON#452]，是[PERSON#18]的哥哥，在武家排行老大，唤作[PERSON#447]。[PERSON#447]从小父母双亡，含辛茹苦将兄弟[PERSON#18]抚养成人。他的性格懦弱又胆小怕事，面对市井无赖的凌辱，往往选择退让，即使他发现[PERSON#452]与[PERSON#577]的奸情后，还想息事宁人，最后落得个被妻毒杀的结局。后来[PERSON#18]为兄报仇，杀了[PERSON#577]和[PERSON#452]。[PERSON#447]代表了封建社会最普通、最本分的劳动者形象：老实、厚道。同时，他也是流传于[LOCATION#26]和[LOCATION#241]地区，深入民心的人物。他的故事靠说书、赶会、舞台表演等多种形式，在清河及周边县市的[PERSON#1004]心中，历千年绵延不断，代代相传。
PERSON#376,穆弘,梁山,穆弘，古典名著《水浒传》中的人物。一百单八将之一，绰号“没遮拦”。江州人氏，原为揭阳镇富户，是当地一霸。后参与营救宋江，大闹江州，是白龙庙二十九英雄之一。梁山大聚义时，排第二十四位，上应天究星，担任马军八骠骑兼先锋使。征方腊时病死于杭州，追封忠武郎。,[PERSON#376]，绰号“[PERSON#376]”。[LOCATION#131]人氏，原为[LOCATION#98]富户，是当地一霸。后参与营救[PERSON#152]，大闹[LOCATION#131]，是[LOCATION#179]二十九英雄之一。[LOCATION#752]大聚义时，排第二十四位，上应天究星，担任马军八骠骑兼先锋使。征[PERSON#598]时病死于[LOCATION#111]，追封忠武郎。
PERSON#129,石勇,梁山,石勇，古典名著《水浒传》中的人物。一百单八将之一，绰号“石将军”。北京大名府（今河北省邯郸市大名县）人，因赌博打死了人，逃到柴进庄上避难，后欲投靠宋江，却得知宋江有事在逃，宋太公托其给宋江送信。石勇在对影山附近一酒店和宋江、燕顺相遇，便投奔了梁山。梁山大聚义时，排第九十九位，上应地丑星。在征讨方腊攻歙州时被王寅杀死，追封义节郎。,[PERSON#129]，绰号“[PERSON#129]”。[LOCATION#30]（今[LOCATION#144]）人，因赌博打死了人，逃到[LOCATION#116]上避难，后欲投靠[PERSON#152]，却得知[PERSON#152]有事在逃，[PERSON#588]托其给[PERSON#152]送信。[PERSON#129]在[LOCATION#62]附近一酒店和[PERSON#152]、[PERSON#637]相遇，便投奔了[LOCATION#752]。[LOCATION#752]大聚义时，排第九十九位，上应地丑星。在征讨[PERSON#598]攻[LOCATION#126]时被[PERSON#495]杀死，追封义节郎。
PERSON#492,蒋门神,地方势力,蒋门神是古典小说《水浒传》中的人物，本名蒋忠，作为走狗和帮凶，自己并无什么特殊的背景，但因身长九尺，一身好本领，使得好枪棒，曾自吹自擂是“普天之下，没我一般的了”，所以有了作为走狗和帮凶的资格和本钱，在封建统治阶级内部下级官吏之间为私利而相互倾轧中充当了一方的打手。,[PERSON#492]是本名[PERSON#492]，作为走狗和帮凶，自己并无什么特殊的背景，但因身长九尺，一身好本领，使得好枪棒，曾自吹自擂是“普天之下，没我一般的了”，所以有了作为走狗和帮凶的资格和本钱，在封建统治阶级内部下级官吏之间为私利而相互倾轧中充当了一方的打手。
PERSON#528,薛永,梁山,薛永，古典名著《水浒传》中的人物。一百单八将之一，绰号“病大虫”。河南洛阳人氏，在江湖使枪棒卖药为生，卖艺时结识宋江。后参与营救宋江，大闹江州，是白龙庙二十九英雄之一。梁山大聚义时，排第八十四位，上应地幽星，担任步军将校。征方腊时战死于昱岭关，追封义节郎。,[PERSON#528]，绰号“[PERSON#528]”。[LOCATION#146]人氏，在江湖使枪棒卖药为生，卖艺时结识[PERSON#152]。后参与营救[PERSON#152]，大闹[LOCATION#131]，是[LOCATION#179]二十九英雄之一。[LOCATION#752]大聚义时，排第八十四位，上应地幽星，担任步军将校。征[PERSON#598]时战死于[LOCATION#104]，追封义节郎。
PERSON#804,何九叔,百姓,何九叔，古典小说《水浒传》中的人物。出场于第二十六回“郓哥大闹授官厅，武松斗杀西门庆”。潘金莲与西门庆的奸情东窗事发后，二人与王婆合谋用砒霜害死了武大郎。西门庆企图买通负责验尸的团头何九叔，何九叔深知兹事体大，但暂且不发。武松不能接受哥哥猝死，一开始就怀疑是被人杀害。某夜，武大郎的冤魂向武松诉苦，武松遂前往验尸的何九叔家质问详情。得知始末的武松怒不可遏，隔日清晨即向官府告状，那县吏早被西门庆打点好，推说证据不足，难以办案。武松血性大发，干脆自己把潘金莲和王婆抓来审问，并召集邻里见证。潘金莲在武松的威逼下一五一十地全招了，当场就被武松揪倒在地、开胸剖肚，掏出心肝五脏祭兄。西门庆亦难逃一死。,[PERSON#804]，出场于“[PERSON#126]大闹授官厅，[PERSON#18]斗杀[PERSON#577]”。[PERSON#452]与[PERSON#577]的奸情东窗事发后，二人与[PERSON#950]合谋用砒霜害死了[PERSON#447]。[PERSON#577]企图买通负责验尸的团头[PERSON#804]，[PERSON#804]深知兹事体大，但暂且不发。[PERSON#18]不能接受哥哥猝死，一开始就怀疑是被人杀害。某夜，[PERSON#447]的冤魂向[PERSON#18]诉苦，[PERSON#18]遂前往验尸的[LOCATION#22]质问详情。得知始末的[PERSON#18]怒不可遏，隔日清晨即向官府告状，那县吏早被[PERSON#577]打点好，推说证据不足，难以办案。[PERSON#18]血性大发，干脆自己把[PERSON#452]和[PERSON#950]抓来审问，并召集邻里见证。[PERSON#452]在[PERSON#18]的威逼下一五一十地全招了，当场就被[PERSON#18]揪倒在地、开胸剖肚，掏出心肝五脏祭兄。[PERSON#577]亦难逃一死。
PERSON#158,济州知府,朝廷,济州知府是《水浒传》中掌管济州一地政务与司法的地方长官，其最主要的出场事件是与李逵相关的“闹江州”之后的后续处理，以及对梁山势力的多次审查与应对”。他在书中多作为官府体系的中层角色出现，承担上奉朝廷、下管地方的行政职责。人物性格上多表现为畏上欺下、谨慎圆滑，既害怕触怒朝廷与高俅等权贵，又忌惮梁山好汉的武力与声势。因此在与梁山及其相关人物的冲突处理中，经常表现出官僚式的敷衍与避祸心态，是《水浒传》中典型的地方官僚形象之一。,[PERSON#158]是[BOOK#22]中掌管[LOCATION#149]一地政务与司法的地方长官，其最主要的出场事件是与[PERSON#614]相关的“闹[LOCATION#131]”之后的后续处理，以及对[LOCATION#752]势力的多次审查与应对”。他在书中多作为官府体系的中层角色出现，承担上奉[LOCATION#753]、下管地方的行政职责。人物性格上多表现为畏上欺下、谨慎圆滑，既害怕触怒[LOCATION#753]与[PERSON#974]等权贵，又忌惮[LOCATION#752]好汉的武力与声势。因此在与[LOCATION#752]及其相关人物的冲突处理中，经常表现出官僚式的敷衍与避祸心态，是[BOOK#22]中典型的地方官僚形象之一。
PERSON#263,何涛,朝廷,何涛，古典小说《水浒传》中的人物，别名何观察，由演员杨猛饰演。其身份为北宋山东济州人，任济州府三都缉捕使臣（相当于刑警队长），在第十七回至第十九回登场。何涛奉命追查生辰纲劫案，逮捕白胜后赴郓城县捉拿晁盖等人，因宋江通风报信导致行动受阻。率兵追击至石竭村时，遭阮氏兄弟擒获并被割去双耳，最终以失败告终。第二十回提及何涛负伤后未能痊愈，所率五百官兵全军覆没。其官职观察使为宋代虚衔，实际职责为地方缉捕事务主管。人物结局凸显其在梁山好汉反抗官府过程中的挫败经历。,[PERSON#263]，别名[PERSON#263]，其身份为北宋[LOCATION#65][LOCATION#149]人，任[LOCATION#149]三都缉捕使臣（相当于刑警队长）。[PERSON#263]奉命追查生辰纲劫案，逮捕[PERSON#859]后赴[LOCATION#219]县捉拿[PERSON#959]等人，因[PERSON#152]通风报信导致行动受阻。率兵追击至[LOCATION#184]时，遭阮氏兄弟擒获并被割去双耳，最终以失败告终。后续提及[PERSON#263]负伤后未能痊愈，所率五百官兵全军覆没。其官职观察使为宋代虚衔，实际职责为地方缉捕事务主管。人物结局凸显其在[LOCATION#752]好汉反抗官府过程中的挫败经历。
PERSON#911,公孙胜的母亲,百姓,在《水浒传》中，戴宗和李逵在二仙山所见到的这位婆婆，正是梁山好汉“入云龙”公孙胜的母亲。她是一位气质不凡、充满智慧的女性。书中通过戴宗的眼睛，描绘了这位婆婆的外貌：“苍然古貌，鹤发酡颜”。她白发红颜，眼睛如秋月下的薄雾，眉毛似晨霜映日，穿着素雅，整体气质宛如一位不食人间烟火的仙人，被形容为“形如天上翔云鹤，貌似山中傲雪松”。当戴宗表明来意想请公孙胜出山相助时，她出于对儿子的爱护，不希望他再卷入江湖纷争，便以“出外云游未归”为由婉拒。这展现了这位母亲希望儿子能远离是非、安心生活的寻常百姓心态，也反映出她处事的老练。后来，由于李逵以暴力相威胁，公孙胜不得不现身。在公孙胜随戴宗等人离开后，他的师傅罗真人曾对他说：“你的老母，我自使人早晚看视，勿得忧念。”这也间接促成了公孙胜最终能够全身而退，在征讨方腊前得以返回家乡，陪伴母亲安度晚年，成为梁山好汉中结局最为圆满的人物之一。,在[BOOK#22]中，[PERSON#968]和[PERSON#614]在[LOCATION#15]所见到的这位婆婆，正是[LOCATION#752]好汉“[PERSON#204]”[PERSON#911]。她是一位气质不凡、充满智慧的女性。书中通过[PERSON#968]的眼睛，描绘了这位婆婆的外貌：“苍然古貌，鹤发酡颜”。她白发红颜，眼睛如秋月下的薄雾，眉毛似晨霜映日，穿着素雅，整体气质宛如一位不食人间烟火的仙人，被形容为“形如天上翔云鹤，貌似山中傲雪松”。当[PERSON#968]表明来意想请[PERSON#204]出山相助时，她出于对儿子的爱护，不希望他再卷入江湖纷争，便以“出外云游未归”为由婉拒。这展现了这位母亲希望儿子能远离是非、安心生活的寻常[PERSON#1004]心态，也反映出她处事的老练。后来，由于[PERSON#614]以暴力相威胁，[PERSON#204]不得不现身。在[PERSON#204]随[PERSON#968]等人离开后，他的师傅[PERSON#658]曾对他说：“你的老母，我自使人早晚看视，勿得忧念。”这也间接促成了[PERSON#204]最终能够全身而退，在征讨[PERSON#598]前得以返回家乡，陪伴母亲安度晚年，成为[LOCATION#752]好汉中结局最为圆满的人物之一。
PERSON#222,蔡福,梁山,蔡福，古典名著《水浒传》中的人物。一百单八将之一，绰号“铁臂膊”。北京大名府人（今河北省大名县），原为大名府两院押狱兼行刑刽子手。梁山人马攻打大名府后，蔡福、蔡庆两兄弟上了梁山，专管杀人行刑之事。梁山大聚义时，排第九十四位，上应地平星。征方腊过程中阵亡，追封义节郎。,[PERSON#222]，绰号“[PERSON#222]”。[LOCATION#30]人（今[LOCATION#144]），原为大名府两院押狱兼行刑刽子手。[LOCATION#752]人马攻打大名府后，[PERSON#222]、[PERSON#342]两兄弟上了[LOCATION#752]，专管杀人行刑之事。[LOCATION#752]大聚义时，排第九十四位，上应地平星。征[PERSON#598]过程中阵亡，追封义节郎。
PERSON#342,蔡庆,梁山,蔡庆，古典名著《水浒传》中的人物。一百单八将之一，绰号“一枝花”。北京大名府人（今河北省大名县），大名府专管牢狱的押狱，是个有名的刽子手。与哥哥蔡福配合梁山攻打大名府，救卢俊义上山。梁山大聚义时，排第九十五位，上应地损星。在征方腊后幸存，返乡为民。,[PERSON#342]，绰号“[PERSON#342]”。[LOCATION#30]人（今[LOCATION#144]），大名府专管牢狱的押狱，是个有名的刽子手。与哥哥[PERSON#222]配合[LOCATION#752]攻打大名府，救[PERSON#156]上山。[LOCATION#752]大聚义时，排第九十五位，上应地损星。在征[PERSON#598]后幸存，返乡为民。
PERSON#372,黄安,朝廷,黄安是《水浒传》中登场的北宋军官形象，任济州府团练使，于晁盖等人占据梁山后率军征讨。他带领一千余官兵采用水陆并进策略，但被梁山好汉利用水战优势击溃，最终在混战中被刘唐、杜迁活捉。该角色反映了官府与梁山泊早期武装冲突的历史背景，其战败被俘事件标志着梁山势力初步具备对抗朝廷正规军的能力。,[PERSON#372]是北宋军官形象，任[LOCATION#149]团练使，于[PERSON#959]等人占据[LOCATION#752]后率军征讨。他带领一千余官兵采用水陆并进策略，但被[LOCATION#752]好汉利用水战优势击溃，最终在混战中被[PERSON#925]、[PERSON#484]活捉。该角色反映了官府与[LOCATION#752]早期武装冲突的历史背景，其战败被俘事件标志着[LOCATION#752]势力初步具备对抗[LOCATION#753]正规军的能力。
PERSON#216,彭玘,梁山,彭玘，古典名著《水浒传》中的人物。一百单八将之一，绰号“天目将”。东京人氏，原为颖州团练使。他随呼延灼征讨梁山，被扈三娘生擒，遂归顺梁山。梁山大聚义时，排第四十三位，上应地英星，任马军小彪将兼远探出哨头领，常与韩滔搭档。征方腊时战死于常州，追封义节郎。,[PERSON#216]，绰号“[PERSON#216]”。[LOCATION#2]人氏，原为[LOCATION#236]团练使。他随[PERSON#434]征讨[LOCATION#752]，被[PERSON#543]生擒，遂归顺[LOCATION#752]。[LOCATION#752]大聚义时，排第四十三位，上应地英星，任马军小彪将兼远探出哨头领，常与[PERSON#247]搭档。征[PERSON#598]时战死于[LOCATION#72]，追封义节郎。
PERSON#718,张青,梁山,张青，古典名著《水浒传》中的人物。一百单八将之一，绰号“菜园子”。第十七回“花和尚单打二龙山，青面兽双夺宝珠寺”首次由鲁智深提及。张青本在孟州道光明寺种菜，却因小事杀了光明寺的僧人，在大树坡做劫匪，结识了孙二娘。二人结为夫妻，在十字坡开设酒店，用蒙汗药杀死过往行人，做人肉包子的生意。先后与鲁智深、武松结义。后来跟随二龙山众头领加入梁山泊。 梁山大聚义时，排第一百零二位，上应地刑星，为打探声息、邀接来宾头领，管理“西山酒店”。征方腊时死于乱军之中，追封义节郎。,[PERSON#718]，绰号“[PERSON#718]”。“[PERSON#532]单打[LOCATION#16]，[PERSON#924]双夺[LOCATION#58]”首次由[PERSON#532]提及。[PERSON#718]本在[LOCATION#50][LOCATION#51]种菜，却因小事杀了光明寺的僧人，在[LOCATION#43]做劫匪，结识了[PERSON#395]。二人结为夫妻，在[LOCATION#32]开设酒店，用蒙汗药杀死过往行人，做人肉包子的生意。先后与[PERSON#532]、[PERSON#18]结义。后来跟随[LOCATION#16]众头领加入[LOCATION#752]。 [LOCATION#752]大聚义时，排第一百零二位，上应地刑星，为打探声息、邀接来宾头领，管理“西山酒店”。征[PERSON#598]时死于乱军之中，追封义节郎。
PERSON#658,罗真人,百姓,罗真人，古典名著《水浒传》中的虚拟人物，北宋道士，入云龙公孙胜之师。在简本水浒中，其原名被记载为罗澄。在2011年版电视剧《水浒传》中由刘典洲饰演，但央视版改编中删减了相关神怪情节。罗真人法力高深，曾授予公孙胜“五雷天心正法”以破解高廉妖术。后于宋江拜访时写下八句法语，暗藏梁山好汉命运结局。外道修士乔道清求见时，罗真人拒绝接见并预言其需历劫后方能悟道。该角色掌握卜算之术，通过法语预言梁山命运走向，展现其通晓阴阳的能力。其言行贯穿小说神怪情节主线，成为推动故事发展的重要世外高人形象。,[PERSON#658]，[BOOK#22]中的虚拟人物，北宋道士，[PERSON#204][PERSON#204]之师。在简本水浒中，其原名被记载为[PERSON#658]。但央视版改编中删减了相关神怪情节。[PERSON#658]法力高深，曾授予[PERSON#204]“五雷天心正法”以破解[PERSON#489]妖术。后于[PERSON#152]拜访时写下八句法语，暗藏[LOCATION#752]好汉命运结局。外道修士[PERSON#335]求见时，[PERSON#658]拒绝接见并预言其需历劫后方能悟道。该角色掌握卜算之术，通过法语预言[LOCATION#752]命运走向，展现其通晓阴阳的能力。其言行贯穿小说神怪情节主线，成为推动故事发展的重要世外高人形象。
PERSON#402,安道全,梁山,安道全，古典名著《水浒传》中的人物。一百单八将之一，绰号“神医”。建康府（今江苏南京）人氏，原为民间医士。宋江攻打大名府时突发背疽，张顺受命去请安道全前来医治。阴差阳错下，安道全的后路被张顺截断，只得加入梁山。梁山大聚义时，排第五十六位，星号地灵星，为专治诸疾内外科医士。征讨方腊时被京师取走，任太医院金紫医官。,[PERSON#402]，绰号“[PERSON#402]”。建康府（今[LOCATION#132]）人氏，原为民间医士。[PERSON#152]攻打大名府时突发背疽，[PERSON#17]受命去请[PERSON#402]前来医治。阴差阳错下，[PERSON#402]的后路被[PERSON#17]截断，只得加入[LOCATION#752]。[LOCATION#752]大聚义时，排第五十六位，星号地灵星，为专治诸疾内外科医士。征讨[PERSON#598]时被[LOCATION#21]取走，任太医院金紫医官。
PERSON#109,王定六,梁山,王定六，古典名著《水浒传》中的人物。一百单八将之一，绰号“活闪婆”。建康府人氏，在扬子江边开酒店为生。他非常倾慕梁山，后结识张顺，便投梁山入伙。梁山大聚义时，排第一百零四位，上应地劣星，担任北山酒店掌店头领。征方腊时战死于宣州，追封义节郎。,[PERSON#109]，绰号“[PERSON#109]”。建康府人氏，在[LOCATION#93]边开酒店为生。他非常倾慕[LOCATION#752]，后结识[PERSON#17]，便投[LOCATION#752]入伙。[LOCATION#752]大聚义时，排第一百零四位，上应地劣星，担任北山酒店掌店头领。征[PERSON#598]时战死于[LOCATION#59]，追封义节郎。
PERSON#901,孔亮,梁山,孔亮，古典名著《水浒传》中的人物。一百单八将之一，绰号“独火星”。青州人氏，原是孔家庄二少爷，与哥哥孔明同为宋江的徒弟。后在白虎山落草，在联合二龙山、桃花山攻打青州后加入梁山。梁山大聚义时，排第六十三位，上应地狂星，担任守护中军步军骁将。征方腊时战死于昆山，追封义节郎。概述图片来源：《戴敦邦新绘一百零八将》,[PERSON#901]，绰号“[PERSON#901]”。[LOCATION#234]人氏，原是[LOCATION#48]二少爷，与哥哥[PERSON#25]同为[PERSON#152]的徒弟。后在[LOCATION#178]落草，在联合[LOCATION#16]、[LOCATION#117]攻打[LOCATION#234]后加入[LOCATION#752]。[LOCATION#752]大聚义时，排第六十三位，上应地狂星，担任守护中军步军骁将。征[PERSON#598]时战死于[LOCATION#103]，追封义节郎。概述图片来源：[BOOK#16]
PERSON#318,解珍,梁山,解珍，古典名著《水浒传》中的人物。一百单八将之一，绰号“两头蛇”。原是登州猎户，与弟弟解宝因猎虎被地主毛太公陷害入狱。后越狱反登州，入伙梁山。梁山大聚义时，排第三十四位，上应天暴星，职司为步军头领。征方腊时战死于乌龙岭，追封忠武郎。,[PERSON#318]，绰号“[PERSON#318]”。原是[LOCATION#177]猎户，与弟弟[PERSON#677]因猎虎被地主[PERSON#95]陷害入狱。后越狱反[LOCATION#177]，入伙[LOCATION#752]。[LOCATION#752]大聚义时，排第三十四位，上应天暴星，职司为步军头领。征[PERSON#598]时战死于[LOCATION#13]，追封忠武郎。
PERSON#896,时迁,梁山,时迁，古典名著《水浒传》中的人物。一百单八将之一，绰号“鼓上蚤”。高唐州人氏，盗贼出身。在与杨雄、石秀投奔梁山途中，因偷鸡被祝家庄包围活捉，引发梁山三打祝家庄。曾到东京盗取雁翎金圈甲，赚徐宁上山，并在攻打大名府、曾头市的战役中立下大功。梁山大聚义时，排第一百零七位，上应“地贼星”，担任走报机密步军头领。征方腊后病死于杭州，追封义节郎。,[PERSON#896]，绰号“[PERSON#896]”。[LOCATION#239]人氏，盗贼出身。在与[PERSON#87]、[PERSON#622]投奔[LOCATION#752]途中，因偷鸡被[LOCATION#185]包围活捉，引发[LOCATION#752]三打[LOCATION#185]。曾到[LOCATION#2]盗取雁翎金圈甲，赚[PERSON#336]上山，并在攻打大名府、[LOCATION#108]的战役中立下大功。[LOCATION#752]大聚义时，排第一百零七位，上应“地贼星”，担任走报机密步军头领。征[PERSON#598]后病死于[LOCATION#111]，追封义节郎。
PERSON#28,乐和,梁山,乐和，古典名著《水浒传》中的人物。一百单八将之一，绰号“铁叫子”。茅州人氏，善奏乐演唱。因姐姐嫁与孙立为妻，凭借这层关系做了登州监狱的狱卒。解珍、解宝兄弟被毛太公陷害入狱后，乐和联系孙新、顾大嫂等人救出解家兄弟，一同上了梁山。梁山大聚义时，排第七十七位，上应地乐星，担任走报机密步军头领。征讨方腊前被王都尉要走，留在府中任用。,[PERSON#28]，绰号“[PERSON#28]”。[LOCATION#198]人氏，善奏乐演唱。因姐姐嫁与[PERSON#82]为妻，凭借这层关系做了[LOCATION#177]监狱的狱卒。[PERSON#318]、[PERSON#677]兄弟被[PERSON#95]陷害入狱后，[PERSON#28]联系[PERSON#348]、[PERSON#300]等人救出解家兄弟，一同上了[LOCATION#752]。[LOCATION#752]大聚义时，排第七十七位，上应地乐星，担任走报机密步军头领。征讨[PERSON#598]前被王都尉要走，留在府中任用。
PERSON#348,孙新,梁山,孙新，古典名著《水浒传》中的人物。一百单八将之一，绰号“小尉迟”。琼州人氏，出身军官子孙，随兄长孙立驻防登州，与妻子顾大嫂开酒店为生。后因搭救解珍、解宝，劫狱反登州，上梁山入伙，并参与祝家庄卧底。梁山大聚义时，排第一百位，上应地数星，担任东山酒店掌店头领。征方腊后授武奕郎，返回登州为官。,[PERSON#348]，绰号“[PERSON#348]”。[LOCATION#173]人氏，出身军官子孙，随兄长[PERSON#82]驻防[LOCATION#177]，与妻子[PERSON#300]开酒店为生。后因搭救[PERSON#318]、[PERSON#677]，劫狱反[LOCATION#177]，上[LOCATION#752]入伙，并参与[LOCATION#185]卧底。[LOCATION#752]大聚义时，排第一百位，上应地数星，担任东山酒店掌店头领。征[PERSON#598]后授武奕郎，返回[LOCATION#177]为官。
PERSON#82,孙立,梁山,孙立，古典名著《水浒传》中的人物。一百单八将之一，绰号“病尉迟”。原是登州兵马提辖，后在弟弟孙新、弟妇顾大嫂的胁迫下，参与营救解珍、解宝兄弟的劫牢行动。又与梁山里应外合，打破祝家庄作为进身之报。梁山大聚义时，排第三十九位，上应地勇星，担任马军小彪将兼远探出哨头领。征方腊后，与孙新、顾大嫂皆幸存，仍归登州。,[PERSON#82]，绰号“[PERSON#82]”。原是[LOCATION#177]兵马提辖，后在弟弟[PERSON#348]、弟妇[PERSON#300]的胁迫下，参与营救[PERSON#318]、[PERSON#677]兄弟的劫牢行动。又与[LOCATION#752]里应外合，打破[LOCATION#185]作为进身之报。[LOCATION#752]大聚义时，排第三十九位，上应地勇星，担任马军小彪将兼远探出哨头领。征[PERSON#598]后，与[PERSON#348]、[PERSON#300]皆幸存，仍归[LOCATION#177]。
PERSON#395,孙二娘,梁山,孙二娘，古典小说《水浒传》中的人物。一百单八将之一，绰号“母夜叉“。”山夜叉孙元的女儿，菜园子张青的妻子，梁山泊三女将之一。原本与丈夫张青在孟州大树十字坡下开黑店，武松刺配孟州途中，在其酒店中吃酒，她见武松包裹沉重，武松又为赚她，有意说些风话，她便在酒中下蒙汗药，武松识破并将她打翻在地。恰张青赶回，问知是武松，夫妻二人陪礼请罪，张青还与武松结拜为兄弟。武松于鸳鸯楼杀了张都监等人后，她帮助武松改扮行者，投二龙山，不久她与张青亦去入伙，三山聚义打青州时同归梁山，做了打听声息邀接来宾头领，仍开酒店为山寨做耳目，并常参与战斗与官军厮杀，有时还乔扮民妇，混入敌营，配合义军的军事行动。梁山大聚义时，排第一百零三位，上应地壮星。梁山全伙受招安后，征方腊攻清溪县时，她被杜微用飞刀杀死。追封为“旌德郡君”。,[PERSON#395]，绰号“[PERSON#395]“。”[PERSON#721][PERSON#721]的女儿，[PERSON#718][PERSON#718]的妻子，[LOCATION#752]三女将之一。原本与丈夫[PERSON#718]在[LOCATION#50][LOCATION#42]下开黑店，[PERSON#18]刺配[LOCATION#50]途中，在其酒店中吃酒，她见[PERSON#18]包裹沉重，[PERSON#18]又为赚她，有意说些风话，她便在酒中下蒙汗药，[PERSON#18]识破并将她打翻在地。恰[PERSON#718]赶回，问知是[PERSON#18]，夫妻二人陪礼请罪，[PERSON#718]还与[PERSON#18]结拜为兄弟。[PERSON#18]于[LOCATION#242]杀了[PERSON#610]等人后，她帮助[PERSON#18]改扮[PERSON#18]，投[LOCATION#16]，不久她与[PERSON#718]亦去入伙，三山聚义打[LOCATION#234]时同归[LOCATION#752]，做了打听声息邀接来宾头领，仍开酒店为山寨做耳目，并常参与战斗与官军厮杀，有时还乔扮民妇，混入敌营，配合义军的军事行动。[LOCATION#752]大聚义时，排第一百零三位，上应地壮星。[LOCATION#752]全伙受招安后，征[PERSON#598]攻[LOCATION#157]时，她被[PERSON#955]用飞刀杀死。追封为“旌德郡君”。
PERSON#865,董平,梁山,董平，古典名著《水浒传》中的人物。一百单八将之一，绰号“双枪将”。出场于第六十九回“东平府误陷九纹龙 宋公明义释双枪将”。河东上党郡人氏，原为东平府兵马都监，宋江施计将其生擒，董平归顺梁山。在跟随宋江攻打东昌府时，董平为了展示自己的武艺，出阵迎战张清，连躲两颗飞石。李逵元夜闹东京，董平等人引军到东京城外接应宋江回山寨。迎战琅玡彭城节度使项元镇时，董平被射伤右臂，为林冲等人所救。梁山大聚义时，排第十五位，上应天立星，为马军五虎将之一。征方腊夺取独松关时，急欲报仇，不慎被张韬从背后砍死。后追封忠武郎。武艺方面，董平可称为文武兼备，不可多得的猛将；但人品上，董平是个见风使舵，好色成性的小人。其事迹在民间流传较广，成为戏剧、小说以及影视剧广泛演绎的角色。,[PERSON#865]，绰号“[PERSON#865]”。出场于“[LOCATION#6]误陷[PERSON#277] [PERSON#152]义释[PERSON#865]”。[LOCATION#141]人氏，原为[LOCATION#6]兵马都监，[PERSON#152]施计将其生擒，[PERSON#865]归顺[LOCATION#752]。在跟随[PERSON#152]攻打[LOCATION#7]时，[PERSON#865]为了展示自己的武艺，出阵迎战[PERSON#786]，连躲两颗飞石。[PERSON#614]元夜闹[LOCATION#2]，[PERSON#865]等人引军到[LOCATION#2]外接应[PERSON#152]回山寨。迎战琅玡彭城节度使[PERSON#840]时，[PERSON#865]被射伤右臂，为[PERSON#699]等人所救。[LOCATION#752]大聚义时，排第十五位，上应天立星，为马军五虎将之一。征[PERSON#598]夺取[LOCATION#168]时，急欲报仇，不慎被张韬从背后砍死。后追封忠武郎。武艺方面，[PERSON#865]可称为文武兼备，不可多得的猛将；但人品上，[PERSON#865]是个见风使舵，好色成性的小人。其事迹在民间流传较广，成为戏剧、小说以及影视剧广泛演绎的角色。
PERSON#717,杨林,梁山,杨林，古典名著《水浒传》中的人物。一百单八将之一，绰号“锦豹子”。彰德府人氏，在绿林丛中安身。因结识公孙胜、戴宗，而到梁山入伙。其间与戴宗结拜为兄弟。梁山大聚义时，排第五十一位，上应地暗星，任马军小彪将兼远探出哨头领。征方腊回朝授武奕郎，后前往饮马川，受职求闲。,[PERSON#717]，绰号“[PERSON#717]”。[LOCATION#86]人氏，在绿林丛中安身。因结识[PERSON#204]、[PERSON#968]，而到[LOCATION#752]入伙。其间与[PERSON#968]结拜为兄弟。[LOCATION#752]大聚义时，排第五十一位，上应地暗星，任马军小彪将兼远探出哨头领。征[PERSON#598]回朝授武奕郎，后前往[LOCATION#238]，受职求闲。
PERSON#22,李妈妈,百姓,在《水浒传》中，李师师的养母，也就是大家熟知的李妈妈，是一位非常关键的人物。作为京城风月场的经营者，她的精明与世故给人留下深刻印象。李妈妈是北宋都城东京（今开封）的一位鸨母，经营着当时顶尖的交际场所。她作为名妓李师师的养母和监护人，日常负责打理人际关系和各项事务。在《水浒传》第七十二回中，宋江、燕青等人为招安大计，试图通过李师师结交宋徽宗，首先就需要与李妈妈打交道。面对燕青送上的厚礼，李妈妈态度圆滑，既保持警惕又不失礼数，展现出她精明务实、熟谙人情世故的一面。李妈妈为人精明而谨慎。当燕青代表“张员外”（宋江）前来拜访并送上重礼时，她一方面言语客气，表示“官家不时间来此私行，我家怎敢轻慢”；另一方面，她也仔细询问“员外”的所在，体现出其处事的老练和对潜在风险的考量。她深谙在那个时代和环境中如何保护自己和养女的利益，同时也为实际利益所动。,在[BOOK#22]中，[PERSON#416]的养母，也就是大家熟知的[PERSON#22]，是一位非常关键的人物。作为京城风月场的经营者，她的精明与世故给人留下深刻印象。[PERSON#22]是北宋都城[LOCATION#2]（今[LOCATION#82]）的一位鸨母，经营着当时顶尖的交际场所。她作为名妓[PERSON#416]的养母和监护人，日常负责打理人际关系和各项事务。在[BOOK#22]书中，[PERSON#152]、[PERSON#350]等人为招安大计，试图通过[PERSON#416]结交[PERSON#571]，首先就需要与[PERSON#22]打交道。面对[PERSON#350]送上的厚礼，[PERSON#22]态度圆滑，既保持警惕又不失礼数，展现出她精明务实、熟谙人情世故的一面。[PERSON#22]为人精明而谨慎。当[PERSON#350]代表“张员外”（[PERSON#152]）前来拜访并送上重礼时，她一方面言语客气，表示“官家不时间来此私行，我家怎敢轻慢”；另一方面，她也仔细询问“员外”的所在，体现出其处事的老练和对潜在风险的考量。她深谙在那个时代和环境中如何保护自己和养女的利益，同时也为实际利益所动。
PERSON#43,李达,百姓,李达是古典小说《水浒传》中的人物，为梁山好汉李逵的兄长。他长相瘦削，性情木讷，为人厚道，做事勤快，长期以扛活谋生，与母亲董氏及弟弟李逵相依为命。李逵上梁山后回乡接母亲时，李达曾试图劝阻母亲随行李逵，但未成功，最终导致李母在途中遇害。,[PERSON#43]是为[LOCATION#752]好汉[PERSON#614]的兄长。他长相瘦削，性情木讷，为人厚道，做事勤快，长期以扛活谋生，与母亲董氏及弟弟[PERSON#614]相依为命。[PERSON#614]上[LOCATION#752]后回乡接母亲时，[PERSON#43]曾试图劝阻母亲随行[PERSON#614]，但未成功，最终导致李母在途中遇害。
PERSON#637,燕顺,梁山,燕顺，古典名著《水浒传》中的人物。一百单八将之一，绰号“锦毛虎”。莱州人氏，羊马贩子出身，原为清风山大寨主，因救助宋江，大闹青州，而到梁山入伙。梁山大聚义时，排第五十位，上应地强星，担任马军小彪将兼远探出哨头领。征方腊时战死于乌龙岭，追封义节郎。,[PERSON#637]，绰号“[PERSON#637]”。[LOCATION#200]人氏，羊马贩子出身，原为[LOCATION#160]大寨主，因救助[PERSON#152]，大闹[LOCATION#234]，而到[LOCATION#752]入伙。[LOCATION#752]大聚义时，排第五十位，上应地强星，担任马军小彪将兼远探出哨头领。征[PERSON#598]时战死于[LOCATION#13]，追封义节郎。
PERSON#165,娄敏中,方腊,娄敏中，古典小说《水浒传》中的虚构人物，江南方腊政权左丞相。作为方腊核心幕僚，曾向方腊引荐梁山将领柴进、燕青并留其在相府任职，后又中计引见诈降的阮小五等人并委其管理水寨守船。宋军进攻清溪时，阮小五等人在城内放火与城外宋军里应外合，娄敏中察觉其诈降后斩杀阮小五，但未能挽回局势。清溪城破后，娄敏中于松林自缢身亡，其决策失误直接导致防线失守。该角色因误判敌方渗透策略，成为方腊政权覆灭的关键转折人物。,[PERSON#165]，[BOOK#22]中的虚构人物，[LOCATION#130][PERSON#598]政权左丞相。作为[PERSON#598]核心幕僚，曾向[PERSON#598]引荐[LOCATION#752]将领[PERSON#605]、[PERSON#350]并留其在相府任职，后又中计引见诈降的[PERSON#38]等人并委其管理水寨守船。宋军进攻[LOCATION#157]时，[PERSON#38]等人在城内放火与城外宋军里应外合，[PERSON#165]察觉其诈降后斩杀[PERSON#38]，但未能挽回局势。[LOCATION#157]城破后，[PERSON#165]于松林自缢身亡，其决策失误直接导致防线失守。该角色因误判敌方渗透策略，成为[PERSON#598]政权覆灭的关键转折人物。
PERSON#598,方腊,方腊,方腊，古典名著《水浒传》中的人物。农民起义军领袖，“四大寇”之一。樵夫出身，因贪官暴政，民不聊生，揭竿而起，得商人吕师囊资助，势力日盛，自立为帝，于清溪筑宫，势力遍及八州二十五县，成宋廷大患。方腊是宋江奉命征讨的最后也是最棘手的势力，梁山好汉于此役损失惨重。最终，方腊本人被鲁智深擒获，押送京师，凌迟处决。,[PERSON#598]，农民起义军领袖，“四大寇”之一。樵夫出身，因贪官暴政，民不聊生，揭竿而起，得商人[PERSON#232]资助，势力日盛，自立为帝，于[LOCATION#157]筑宫，势力遍及八州二十五县，成宋廷大患。[PERSON#598]是[PERSON#152]奉命征讨的最后也是最棘手的势力，[LOCATION#752]好汉于此役损失惨重。最终，[PERSON#598]本人被[PERSON#532]擒获，押送[LOCATION#21]，凌迟处决。
PERSON#557,卫忠,方腊,卫忠是《水浒传》中方腊阵营的虚构人物，官拜六军指挥使。该人物首次出现于原著第一百一十三回，属方腊麾下将领。卫忠曾率万余名士兵及十余名牙将救援常州，与吕枢密合兵驻守无锡县。面对宋江军队进攻时，他率部在北门外迎战李逵、鲍旭等梁山将领，因军阵未成而溃败，被迫退守无锡城中。后关胜率军破城，卫忠与许定等人从南门突围，最终败退至苏州。,[PERSON#557]是[BOOK#22]中[PERSON#598]阵营的虚构人物，官拜六军指挥使。该人物属[PERSON#598]麾下将领。[PERSON#557]曾率万余名士兵及十余名牙将救援[LOCATION#72]，与[PERSON#232]合兵驻守[LOCATION#102]。面对[PERSON#152]军队进攻时，他率部在[LOCATION#31]迎战[PERSON#614]、[PERSON#583]等[LOCATION#752]将领，因军阵未成而溃败，被迫退守[LOCATION#102]中。后[PERSON#702]率军破城，[PERSON#557]与许定等人从[LOCATION#36]突围，最终败退至[LOCATION#197]。
PERSON#232,吕师囊,方腊,吕师囊是古典小说《水浒传》中的虚构人物，原为歙州富户，因献钱粮资助方腊起义获封东厅枢密使。他善使丈八蛇矛，麾下有「江南十二神」统制官，统领五万南兵及三千战船驻守润州江岸。宋江率军征讨方腊时，吕师囊因梁山军假扮粮船诈降而失守润州，宋万、焦挺、陶宗旺在此役阵亡。退守常州期间，守将钱振鹏战死后副将金节降宋导致城破，吕师囊残部斩杀韩滔、彭玘后撤至无锡。最终在无锡城外与徐宁对战二十余合，被刺落马身亡。施耐庵通过润州、常州、无锡三次战役描写吕师囊与梁山军的对抗。,[PERSON#232]是[BOOK#22]中的虚构人物，原为[LOCATION#126]富户，因献钱粮资助[PERSON#598]起义获封东厅枢密使。他善使丈八蛇矛，麾下有「[LOCATION#130]十二神」统制官，统领五万南兵及三千战船驻守[LOCATION#153]江岸。[PERSON#152]率军征讨[PERSON#598]时，[PERSON#232]因[LOCATION#752]军假扮粮船诈降而失守[LOCATION#153]，[PERSON#65]、[PERSON#893]、[PERSON#701]在此役阵亡。退守[LOCATION#72]期间，守将[PERSON#322]战死后副将[PERSON#361]降宋导致城破，[PERSON#232]残部斩杀[PERSON#247]、[PERSON#216]后撤至[LOCATION#102]。最终在[LOCATION#102]外与[PERSON#336]对战二十余合，被刺落马身亡。[PERSON#409]通过[LOCATION#153]、[LOCATION#72]、[LOCATION#102]三次战役描写[PERSON#232]与[LOCATION#752]军的对抗。
PERSON#730,费保,地方势力,费保是《水浒传》中“太湖四杰”之一，绰号“赤须龙”。原为绿林中人，与倪云、卜青、狄成等好友在太湖从事海上劫掠活动，后因不愿效忠方腊改以打鱼为生。梁山军征讨方腊期间，李俊率部在太湖榆柳庄与费保等人相遇，双方结义为兄弟（费保三十四岁居首），约定次年率部投奔登州水军。该人物在原著第一百一十三回首次登场，协助梁山军攻破苏州城对抗方腊势力。平定方腊后，费保拒绝朝廷封赏，选择归隐出海。《水浒后传》延续其故事线，描绘费保与李俊等人在暹罗国的后续经历。其“世事有成必有败”的处世观成为人物核心特征，凸显淡泊名利的形象。,[PERSON#730]是[BOOK#22]中“[LOCATION#46]四杰”之一，绰号“[PERSON#730]”。原为绿林中人，与[PERSON#24]、[PERSON#751]、[PERSON#513]等好友在[LOCATION#46]从事海上劫掠活动，后因不愿效忠[PERSON#598]改以打鱼为生。[LOCATION#752]军征讨[PERSON#598]期间，[PERSON#66]率部在[LOCATION#46][LOCATION#124]与[PERSON#730]等人相遇，双方结义为兄弟（[PERSON#730]三十四岁居首），约定次年率部投奔[LOCATION#177]水军。该人物在原著中，协助[LOCATION#752]军攻破[LOCATION#197]对抗[PERSON#598]势力。平定[PERSON#598]后，[PERSON#730]拒绝[LOCATION#753]封赏，选择归隐出海。[BOOK#24]延续其故事线，描绘[PERSON#730]与[PERSON#66]等人在[LOCATION#107]的后续经历。其“世事有成必有败”的处世观成为人物核心特征，凸显淡泊名利的形象。
PERSON#503,李忠,梁山,李忠，古典名著《水浒传》中的人物。一百单八将之一，身材壮硕，绰号“打虎将”。濠州定远人氏，原是江湖卖艺人，后成为桃花山大寨主，联合二龙山、白虎山一同攻打青州，并一同加入梁山。梁山大聚义时，排第八十六位，上应地僻星，职司为步军将校。征方腊时战死于昱岭关，追封义节郎。,[PERSON#503]，身材壮硕，绰号“[PERSON#503]”。[LOCATION#164]人氏，原是江湖卖艺人，后成为[LOCATION#117]大寨主，联合[LOCATION#16]、[LOCATION#178]一同攻打[LOCATION#234]，并一同加入[LOCATION#752]。[LOCATION#752]大聚义时，排第八十六位，上应地僻星，职司为步军将校。征[PERSON#598]时战死于[LOCATION#104]，追封义节郎。
PERSON#246,智真长老,百姓,智真长老是古典名著《水浒传》中的虚构人物，作为五台山文殊院住持登场于原著第四回，在1998年、2011年电视剧版中分别由顾金水、马子俊饰演。他因力排众议剃度逃亡军官鲁达并赐名“智深”而推动剧情发展，虽面对鲁智深两度醉酒闹寺仍宽厚相待，最终将其打发至别处安身。该人物被设定为“当世活佛”，具有预知未来的能力，曾三次为鲁智深作出命运预言：剃度时断言“日后定成正果”，遣离时赠偈“遇林而起，遇山而富，遇水而兴，遇江而止”，最终圆寂前再赠“逢夏而擒，遇腊而执，听潮而圆，见信而寂”。其管理智慧体现在五台山下创建集镇规范僧人戒律，通过免租供资方式约束商户禁售酒水给僧人。原著通过智真长老对鲁智深的宽容处置，塑造出兼具佛门原则性与慈悲胸怀的长者形象，其预言能力贯穿角色命运脉络。,[PERSON#246]，身份是[LOCATION#18][LOCATION#100]住持。他因力排众议剃度逃亡军官[PERSON#532]并赐名“[PERSON#532]”而推动剧情发展，虽面对[PERSON#532]两度醉酒闹寺仍宽厚相待，最终将其打发至别处安身。该人物被设定为“当世活佛”，具有预知未来的能力，曾三次为[PERSON#532]作出命运预言：剃度时断言“日后定成正果”，遣离时赠偈“遇林而起，遇山而富，遇水而兴，遇江而止”，最终圆寂前再赠“逢夏而擒，遇腊而执，听潮而圆，见信而寂”。其管理智慧体现在[LOCATION#18]下创建集镇规范僧人戒律，通过免租供资方式约束商户禁售酒水给僧人。原著通过[PERSON#246]对[PERSON#532]的宽容处置，塑造出兼具佛门原则性与慈悲胸怀的长者形象，其预言能力贯穿角色命运脉络。
PERSON#4,周通,梁山,周通，古典名著《水浒传》中的人物。一百单八将之一，因相貌打扮酷似项羽，绰号“小霸王”。青州人氏，与“打虎将”李忠是好友，早先在桃花山落草为王，后为桃花山二寨主。他看中桃花村刘太公的女儿，想娶为压寨夫人，前去娶亲时醉入销金帐，被专门等候的鲁智深痛打一顿。后盗取呼延灼的踢雪乌骓马，间接引发三山聚义。梁山大聚义时，排第八十七位，上应地空星，为马军小彪将兼远探出哨头领第十六名。征讨方腊时被厉天闰杀死，追封义节郎。,[PERSON#4]，因相貌打扮酷似[PERSON#1005]，绰号“[PERSON#4]”。[LOCATION#234]人氏，与“[PERSON#503]”[PERSON#503]是好友，早先在[LOCATION#117]落草为王，后为[LOCATION#117]二寨主。他看中[LOCATION#118][PERSON#962]的女儿，想娶为压寨夫人，前去娶亲时醉入销金帐，被专门等候的[PERSON#532]痛打一顿。后盗取[PERSON#434]的踢雪乌骓马，间接引发三山聚义。[LOCATION#752]大聚义时，排第八十七位，上应地空星，为马军小彪将兼远探出哨头领第十六名。征讨[PERSON#598]时被[PERSON#375]杀死，追封义节郎。
PERSON#389,唐牛儿,百姓,唐牛儿，古典小说《水浒传》中人物，郓城县街头小帮闲，以卖糟腌为业，人称“唐二哥”。他与宋江交好，常受其接济并为其奔走效劳。次日见阎婆纠缠宋江，遂谎称有公事助其脱身，遭阎婆识破后当众被辱骂为“倒街卧巷的横死贼”，反被扭送官府。仍被县令以“故纵凶身”罪名脊杖二十，刺配五百里外。唐牛儿出身市井，最终沦为封建官场黑幕的牺牲品。施耐庵通过其遭遇揭露专制体制下小人物的生存困境，展现底层民众在权势倾轧中的悲剧命运。,[PERSON#389]，[LOCATION#219]县街头小帮闲，以卖糟腌为业，人称“[PERSON#389]”。他与[PERSON#152]交好，常受其接济并为其奔走效劳。次日见[PERSON#849]纠缠[PERSON#152]，遂谎称有公事助其脱身，遭[PERSON#849]识破后当众被辱骂为“倒街卧巷的横死贼”，反被扭送官府。仍被县令以“故纵凶身”罪名脊杖二十，刺配五百里外。[PERSON#389]出身市井，最终沦为封建官场黑幕的牺牲品。[PERSON#409]通过其遭遇揭露专制体制下小人物的生存困境，展现底层民众在权势倾轧中的悲剧命运。
PERSON#151,智清长老,百姓,智清长老，古典小说《水浒传》中的人物。东京大相国寺的方丈，五台山智真长老的师弟。他负责接收被五台山推荐的鲁智深，与寺院知事商议后安排其管理菜园。作为寺院管理体系的核心人物，智清长老展现了传统佛教寺院职事晋升机制中的管理智慧。,[PERSON#151]，[LOCATION#2][LOCATION#3]的方丈，[LOCATION#18][PERSON#246]的师弟。他负责接收被[LOCATION#18]推荐的[PERSON#532]，与寺院知事商议后安排其管理菜园。作为寺院管理体系的核心人物，[PERSON#151]展现了传统佛教寺院职事晋升机制中的管理智慧。
PERSON#419,崔道成,地方势力,崔道成是元末明初小说《水浒传》中的虚构人物，绰号“生铁佛”，原为山贼出身，与飞天夜叉丘小乙假扮僧道占据瓦罐寺。该角色在小说第六回首次登场，以武艺高强、行事凶残著称，通过劫掠寺院财物、欺压僧众引发展开核心剧情。其核心事迹始于霸占瓦罐寺后被鲁智深发现。初次交战时，因鲁智深处于饥饿状态，崔道成与丘小乙合力将其击退。后鲁智深得史进协助，二人再战时崔道成因体力不支，在桥上缠斗八九回合后被禅杖击落桥下身亡，丘小乙亦被史进斩杀。原著以“化作南柯一梦”的意象收束其结局。该角色作为绿林暴力的典型代表，通过占据寺院、迫害僧人等恶行，既突显鲁智深的侠义形象，也强化了小说“惩恶扬善”的主题脉络。其短暂的生命轨迹最终定格在瓦罐寺被焚毁的烈火中，成为水浒江湖暴力循环的缩影。,[PERSON#419]是元末明初小说[BOOK#22]中的虚构人物，绰号“[PERSON#419]”，原为山贼出身，与[PERSON#490][PERSON#490]假扮僧道占据[LOCATION#175]。该角色以武艺高强、行事凶残著称，通过劫掠寺院财物、欺压僧众引发展开核心剧情。其核心事迹始于霸占[LOCATION#175]后被[PERSON#532]发现。初次交战时，因[PERSON#532]处于饥饿状态，[PERSON#419]与[PERSON#490]合力将其击退。后[PERSON#532]得[PERSON#277]协助，二人再战时[PERSON#419]因体力不支，在桥上缠斗八九回合后被禅杖击落桥下身亡，[PERSON#490]亦被[PERSON#277]斩杀。原著以“化作南柯一梦”的意象收束其结局。该角色作为绿林暴力的典型代表，通过占据寺院、迫害僧人等恶行，既突显[PERSON#532]的侠义形象，也强化了小说“惩恶扬善”的主题脉络。其短暂的生命轨迹最终定格在[LOCATION#175]被焚毁的烈火中，成为水浒江湖暴力循环的缩影。
PERSON#491,包道乙,方腊,包道乙是《水浒传》中的虚构角色，绰号“灵应天师”，原为金华山道士，幼年出家习得左道法术，后投效方腊阵营，持玄天混元剑助其谋反。包道乙在宋江征讨方腊后期登场，曾施展飞剑之术斩断武松左臂。其惯用妖法作战，在睦州之战中与宋军斗法时被樊瑞破解，欲撤退时遭凌振用轰天炮发射火弹击中，身躯碎裂而亡。该角色最终结局见于《水浒传》第一百一十七回，相关情节集中描写于宋江军队与方腊势力的决战阶段。,[PERSON#491]是[BOOK#22]中的虚构角色，绰号“[PERSON#491]”，原为[LOCATION#223]道士，幼年出家习得左道法术，后投效[PERSON#598]阵营，持玄天混元剑助其谋反。[PERSON#491]在[PERSON#152]征讨[PERSON#598]后期登场，曾施展飞剑之术斩断[PERSON#18]左臂。其惯用妖法作战，在[LOCATION#183]之战中与宋军斗法时被[PERSON#958]破解，欲撤退时遭[PERSON#757]用轰天炮发射火弹击中，身躯碎裂而亡。该角色最终结局见于[BOOK#22]，相关情节集中描写于[PERSON#152]军队与[PERSON#598]势力的决战阶段。
PERSON#864,曾密,地方势力,曾密，古典小说《水浒传》中虚构人物，曾头市曾家五虎次子。兄弟五人依次为曾涂、曾密、曾索、曾魁、曾升，结局为遭梁山好汉朱仝戳死于乱军中。曾密身长八尺，性情鲁莽而力大无穷，但武艺平庸。晁盖率梁山军攻打曾头市期间，其人物形象映射曾头市武将集团轻敌冒进的战略缺陷，短暂出场即定格于败亡结局。新版《水浒传》电视剧由王彦茗饰演该角色。作为曾头市军事集团核心成员，其战力定位在曾家五虎中属二流水平。,[PERSON#864]，[BOOK#22]中虚构人物，[LOCATION#108]曾家五虎次子。兄弟五人依次为[PERSON#764]、[PERSON#864]、[PERSON#231]、[PERSON#551]、[PERSON#271]，结局为遭[LOCATION#752]好汉[PERSON#142]戳死于乱军中。[PERSON#864]身长八尺，性情鲁莽而力大无穷，但武艺平庸。[PERSON#959]率[LOCATION#752]军攻打[LOCATION#108]期间，其人物形象映射[LOCATION#108]武将集团轻敌冒进的战略缺陷，短暂出场即定格于败亡结局。作为[LOCATION#108]军事集团核心成员，其战力定位在曾家五虎中属二流水平。
PERSON#224,陆谦,朝廷,陆谦，古典小说《水浒传》中的人物。林冲的多年好友，因贪图富贵站在高俅这一边，多次设计陷害林冲，后在山神庙与富安等人火烧草料场，密谋时被林冲撞破，死于其刀下。相关章节：第六回《花和尚倒拔垂杨柳，豹子头误入白虎堂》，第九回《林教头风雪山神庙，陆虞候火烧草料场》。,[PERSON#224]，[PERSON#699]的多年好友，因贪图富贵站在[PERSON#974]这一边，多次设计陷害[PERSON#699]，后在山神庙与[PERSON#816]等人火烧[LOCATION#199]，密谋时被[PERSON#699]撞破，死于其刀下。相关章节：[BOOK#31]，[BOOK#20]。
PERSON#453,张教头,百姓,张教头是施耐庵所著古典长篇小说《水浒传》中的人物，为豹子头林冲的岳丈、林娘子的父亲。林冲遭高俅陷害被刺配沧州时，张教头为其买通官司，承诺接回林娘子赡养，并叮嘱林冲安心服刑以待团聚。后高太尉威逼林娘子成亲未果，林娘子自缢身亡，张教头因忧思成疾半月前病故。侍女锦儿招赘度日。,[PERSON#453]是[PERSON#409]所著古典长篇小说[BOOK#22]中的人物，为[PERSON#699][PERSON#699]的岳丈、[PERSON#537]的父亲。[PERSON#699]遭[PERSON#974]陷害被刺配[LOCATION#139]时，[PERSON#453]为其买通官司，承诺接回[PERSON#537]赡养，并叮嘱[PERSON#699]安心服刑以待团聚。后[PERSON#763]威逼[PERSON#537]成亲未果，[PERSON#537]自缢身亡，[PERSON#453]因忧思成疾半月前病故。侍女[PERSON#946]招赘度日。
PERSON#425,滕府尹,朝廷,"滕府尹是古典小说《水浒传》中的人物，担任北宋开封府尹，在1998年央视版电视剧中由宋春林饰演。其在第八回登场，负责审理林冲误入白虎堂案件，受高俅授意本欲判处死刑，最终接受当案孔目孙定的劝说，将林冲改判为刺配远恶军州。该角色审理案件时，既面临高俅""批仰定罪""的压力，又听取孙定""看林冲口词是个无罪的人""的劝谏，通过""腰悬利刃，误入节堂""的折中罪名，实现从死刑到流放的改判。作为司法官员，其行为展现北宋官僚体系内部权法博弈的典型状态。影视改编忠实呈现原著情节，通过""再三禀说林冲口词""等细节刻画其谨慎性格。该角色集中反映封建司法制度下官员在权势与法理间的权衡抉择。","[PERSON#425]是担任北宋[LOCATION#82]府尹。负责审理[PERSON#699]误入[LOCATION#178]案件，受[PERSON#974]授意本欲判处死刑，最终接受当案孔目[PERSON#524]的劝说，将[PERSON#699]改判为刺配远恶军州。该角色审理案件时，既面临[PERSON#974]""""批仰定罪""""的压力，又听取[PERSON#524]""""看[PERSON#699]口词是个无罪的人""""的劝谏，通过""""腰悬利刃，误入节堂""""的折中罪名，实现从死刑到流放的改判。作为司法官员，其行为展现北宋官僚体系内部权法博弈的典型状态。影视改编忠实呈现原著情节，通过""""再三禀说[PERSON#699]口词""""等细节刻画其谨慎性格。该角色集中反映封建司法制度下官员在权势与法理间的权衡抉择。"
PERSON#459,高衙内,朝廷,高衙内是古典名著《水浒传》中的虚拟人物，高俅的螟蛉之子，原为高俅叔伯兄弟，为攀附权贵改认义父。高衙内因高俅权势横行东京，以淫辱良家妇女闻名，曾在东岳庙调戏林冲之妻，后多次勾结陆谦、富安设计陷害林冲，最终导致林娘子自缢身亡、林冲被刺配沧州。其性格霸道任性，对林娘子的执着追求源于占有欲及当时权贵阶层将占有女性视为身份象征的社会风气。原著中高衙内因未能得到林娘子而相思成疾，未再提及后续结局。高俅为助其霸占林娘子主导陷害计划，陆谦等人推波助澜，使林冲家庭破裂并最终被逼上梁山，高衙内在核心冲突中主要承担导火索作用。,[PERSON#459]是[BOOK#22]中的虚拟人物，[PERSON#974]的螟蛉之子，原为[PERSON#974]叔伯兄弟，为攀附权贵改认义父。[PERSON#459]因[PERSON#974]权势横行[LOCATION#2]，以淫辱良家妇女闻名，曾在[LOCATION#5]调戏[PERSON#699]之妻，后多次勾结[PERSON#224]、[PERSON#816]设计陷害[PERSON#699]，最终导致[PERSON#537]自缢身亡、[PERSON#699]被刺配[LOCATION#139]。其性格霸道任性，对[PERSON#537]的执着追求源于占有欲及当时权贵阶层将占有女性视为身份象征的社会风气。原著中[PERSON#459]因未能得到[PERSON#537]而相思成疾，未再提及后续结局。[PERSON#974]为助其霸占[PERSON#537]主导陷害计划，[PERSON#224]等人推波助澜，使[PERSON#699]家庭破裂并最终被逼上[LOCATION#752]，[PERSON#459]在核心冲突中主要承担导火索作用。
PERSON#816,富安,朝廷,富安是元末明初施耐庵小说《水浒传》中的虚构人物，绰号“干鸟头”，系高俅部下。该角色曾于1998年央视版、2011年新版及2017年《小戏骨水浒传》中分别由刘巍、王信然、李冰城饰演。作为高衙内心腹，与陆谦合谋陷害林冲，以鉴赏宝刀为由将其诱入白虎节堂定罪，后参与策划火烧草料场企图灭口。其诡计被识破后逃亡时被林冲突袭刺死，头颅连同陆谦、差拨被供奉于山神庙祭台。角色通过连环毒计贯穿林冲被逼上梁山的核心事件，从白虎堂构陷到纵火追杀，展现出趋炎附势、阴险狡诈的性格特征，最终因作恶多端反遭诛杀。,[PERSON#816]绰号“[PERSON#816]”，系[PERSON#974]部下。作为[PERSON#459]心腹，与[PERSON#224]合谋陷害[PERSON#699]，以鉴赏宝刀为由将其诱入[LOCATION#178]定罪，后参与策划火烧[LOCATION#199]企图灭口。其诡计被识破后逃亡时被[PERSON#699]突袭刺死，头颅连同[PERSON#224]、[PERSON#556]被供奉于山神庙祭台。角色通过连环毒计贯穿[PERSON#699]被逼上[LOCATION#752]的核心事件，从[LOCATION#178]构陷到纵火追杀，展现出趋炎附势、阴险狡诈的性格特征，最终因作恶多端反遭诛杀。
PERSON#677,解宝,梁山,解宝，古典名著《水浒传》中的人物。一百单八将之一，绰号“双尾蝎”。原是登州猎户，与兄长解珍因猎虎被地主毛太公陷害入狱。后越狱反登州，入伙梁山。梁山大聚义时，排第三十五位，上应天哭星，职司为步军头领。征方腊时战死于乌龙岭，追封忠武郎。,[PERSON#677]，绰号“[PERSON#677]”。原是[LOCATION#177]猎户，与兄长[PERSON#318]因猎虎被地主[PERSON#95]陷害入狱。后越狱反[LOCATION#177]，入伙[LOCATION#752]。[LOCATION#752]大聚义时，排第三十五位，上应天哭星，职司为步军头领。征[PERSON#598]时战死于[LOCATION#13]，追封忠武郎。
PERSON#183,阎婆惜,百姓,阎婆惜，古典小说《水浒传》中的人物。年轻善唱，嫁给宋江后，不满意他的为人，便和张文远勾搭，为满足个人私欲，她抓住宋江和梁山好汉来往的把柄，百般刁难，终是触怒宋江底线，被杀死。,[PERSON#183]，年轻善唱，嫁给[PERSON#152]后，不满意他的为人，便和[PERSON#980]勾搭，为满足个人私欲，她抓住[PERSON#152]和[LOCATION#752]好汉来往的把柄，百般刁难，终是触怒[PERSON#152]底线，被杀死。
PERSON#849,阎婆,百姓,阎婆，古典小说《水浒传》中的人物。又名“虔婆”，阎婆惜的母亲（或为养母）。阎婆一家从东京流落到山东郓城，丈夫阎公病故，无钱安葬，宋江出钱助阎婆安葬了阎公。阎婆深知宋江在郓城县的声名，极力撮合其与自己的女儿阎婆惜。后来宋江与梁山泊来往的事情被阎婆惜发现，情急之下将阎婆惜杀死。悲愤的阎婆将宋江告发。,[PERSON#849]，又名“[PERSON#849]”，[PERSON#183]的母亲（或为养母）。[PERSON#849]一家从[LOCATION#2]流落到[LOCATION#66]，丈夫[PERSON#169]病故，无钱安葬，[PERSON#152]出钱助[PERSON#849]安葬了[PERSON#169]。[PERSON#849]深知[PERSON#152]在[LOCATION#219]县的声名，极力撮合其与自己的女儿[PERSON#183]。后来[PERSON#152]与[LOCATION#752]来往的事情被[PERSON#183]发现，情急之下将[PERSON#183]杀死。悲愤的[PERSON#849]将[PERSON#152]告发。
PERSON#35,韩存保,朝廷,韩存保是中国古典小说《水浒传》中的人物，汉族，宋朝云中雁门节度使，武器为方天画戟。身为韩忠彦侄儿，奉命参与征讨梁山泊，与呼延灼大战近一百回合不分胜负，后追赶敌方至溪边陷入缠斗，终被张清俘虏。宋江将其劝降后放归，但高俅认定此举为梁山诡计，欲斩韩存保未果，改为削职发配东京,[PERSON#35]是中国汉族，宋朝云中雁门节度使，武器为方天画戟。身为[PERSON#338]侄儿，奉命参与征讨[LOCATION#752]，与[PERSON#434]大战近一百回合不分胜负，后追赶敌方至溪边陷入缠斗，终被[PERSON#786]俘虏。[PERSON#152]将其劝降后放归，但[PERSON#974]认定此举为[LOCATION#752]诡计，欲斩[PERSON#35]未果，改为削职发配[LOCATION#2]
PERSON#298,郭盛,梁山,郭盛，古典名著《水浒传》中的人物。一百单八将之一，绰号“赛仁贵”。四川嘉陵人氏，原本从事水银买卖，船却在黄河翻了，回乡不得，后来听说对影山有个善使戟的强盗，便前往挑战。宋江等人路过对影山，见到白衣的郭盛和红衣的吕方在使戟比武，花荣当即用箭把戟的绳结射断，两人便停止武斗，一同上了梁山。梁山大聚义时，排第五十五位，上应地佑星。征方腊过程中，于乌龙岭被巨石砸死，追封义节郎。,[PERSON#298]，绰号“[PERSON#298]”。[LOCATION#39]人氏，原本从事水银买卖，船却在[LOCATION#243]翻了，回乡不得，后来听说[LOCATION#62]有个善使戟的强盗，便前往挑战。[PERSON#152]等人路过[LOCATION#62]，见到白衣的[PERSON#298]和红衣的[PERSON#761]在使戟比武，[PERSON#399]当即用箭把戟的绳结射断，两人便停止武斗，一同上了[LOCATION#752]。[LOCATION#752]大聚义时，排第五十五位，上应地佑星。征[PERSON#598]过程中，于[LOCATION#13]被巨石砸死，追封义节郎。
PERSON#761,吕方,梁山,吕方，古典名著《水浒传》中的人物。一百单八将之一，绰号“小温侯”。潭州人氏，善使朱红画杆方天戟。原为对影山寨主，在与郭盛争斗时结识宋江、花荣，决定加入梁山。梁山大聚义时，排第五十四位，上应地佐星，职司守护中军马军骁将。征方腊时于乌龙岭坠崖身亡，追封义节郎。,[PERSON#761]，绰号“[PERSON#761]”。[LOCATION#163]人氏，善使朱红画杆方天戟。原为[LOCATION#62]寨主，在与[PERSON#298]争斗时结识[PERSON#152]、[PERSON#399]，决定加入[LOCATION#752]。[LOCATION#752]大聚义时，排第五十四位，上应地佐星，职司守护中军马军骁将。征[PERSON#598]时于[LOCATION#13]坠崖身亡，追封义节郎。
PERSON#966,黄信,梁山,黄信，古典名著《水浒传》中的人物。一百单八将之一，绰号“镇三山”。原是青州兵马都监，与文知寨刘高设计擒获花荣，却在押送途中被清风山三人打跑。其师父秦明决定落草后，劝说黄信也投了宋江。梁山大聚义时，排第三十八位，上应地煞星，为马军小彪将兼远探出哨头领第一名。征方腊回朝授武奕郎，仍任青州。黄信亦在《水浒后传》等衍生小说中出场。,[PERSON#966]，绰号“[PERSON#966]”。原是[LOCATION#234]兵马都监，与文知寨[PERSON#131]设计擒获[PERSON#399]，却在押送途中被[LOCATION#160]三人打跑。其师父[PERSON#253]决定落草后，劝说[PERSON#966]也投了[PERSON#152]。[LOCATION#752]大聚义时，排第三十八位，上应地煞星，为马军小彪将兼远探出哨头领第一名。征[PERSON#598]回朝授武奕郎，仍任[LOCATION#234]。[PERSON#966]亦在[BOOK#24]等衍生小说中出场。
PERSON#697,牛二,百姓,牛二，古典小说《水浒传》中的人物。东京城内横行街市的泼皮无赖，绰号“没毛大虫”。他当街纠缠杨志验证宝刀特性，三次强行刁难：先逼其剁断铜钱，再拔自身头发试刀锋，最终以“杀人无血”为由抢夺兵器，却在争执中被杨志用刀杀死。其死后，杨志被发配大名府。施耐庵通过街坊凑钱资助杨志、官府从轻发配等细节，侧面反映牛二生前为祸一方的事实。作为强梁型泼皮代表，其蛮横挑衅与死亡结局既展现北宋末年底层社会矛盾，也成为推动杨志命运转折的关键节点。,[PERSON#697]，[LOCATION#2]内横行街市的泼皮无赖，绰号“[PERSON#697]”。他当街纠缠[PERSON#924]验证宝刀特性，三次强行刁难：先逼其剁断铜钱，再拔自身头发试刀锋，最终以“杀人无血”为由抢夺兵器，却在争执中被[PERSON#924]用刀杀死。其死后，[PERSON#924]被发配大名府。[PERSON#409]通过街坊凑钱资助[PERSON#924]、官府从轻发配等细节，侧面反映[PERSON#697]生前为祸一方的事实。作为强梁型泼皮代表，其蛮横挑衅与死亡结局既展现北宋末年底层社会矛盾，也成为推动[PERSON#924]命运转折的关键节点。
PERSON#240,赵能,朝廷,赵能是小说《水浒传》中郓城县的都头，与赵得同为县衙差役，负责缉拿要犯的武职工作。在宋江遭官府追捕的情节中，曾率兵围堵其藏身的九天玄女庙，试图擒拿藏于神像后的宋江。围捕期间庙内突现阴风怪雾、殿宇震动，士兵受困被迫撤离，折返时发现宋江已被青衣童子引入仙境，最终行动失败。作为推动剧情发展的次要角色，其奉命缉捕的情节引出宋江受九天玄女召见的奇幻经历，侧面烘托主角“天星临凡”的命运设定。该人物形象体现了宋代县级司法体系中的基层武官职能，其行动逻辑服务于小说天命观与世俗矛盾交织的叙事特色。,[PERSON#240]是[LOCATION#219]县的[PERSON#18]，与[PERSON#81]同为县衙差役，负责缉拿要犯的武职工作。在[PERSON#152]遭官府追捕的情节中，曾率兵围堵其藏身的[LOCATION#14]，试图擒拿藏于神像后的[PERSON#152]。围捕期间庙内突现阴风怪雾、殿宇震动，士兵受困被迫撤离，折返时发现[PERSON#152]已被青衣童子引入仙境，最终行动失败。作为推动剧情发展的次要角色，其奉命缉捕的情节引出[PERSON#152]受[PERSON#645]召见的奇幻经历，侧面烘托主角“天星临凡”的命运设定。该人物形象体现了宋代县级司法体系中的基层武官职能，其行动逻辑服务于小说天命观与世俗矛盾交织的叙事特色。
PERSON#139,陈宗善,朝廷,陈宗善是古典名著《水浒传》中的人物，宋徽宗时期的殿前太尉，奉命执行梁山招安事宜。其形象在1998年及2011年电视剧《水浒传》中分别由郑大年、金柯饰演。陈宗善受蔡京、高俅授意携诏书与御酒前往梁山泊，但随行的张干办、李虞候倚仗权势肆意挑衅，引发李逵撕毁诏书、泼洒御酒，致使招安失败。此前济州太守张叔夜曾劝阻其勿带二人同行，但未被采纳。蔡京借此推动武力征讨梁山，最终促成朝廷改招安为镇压的决策。,[PERSON#139]是[BOOK#22]中的人物，[PERSON#571]时期的殿前太尉，奉命执行[LOCATION#752]招安事宜。[PERSON#139]受[PERSON#369]、[PERSON#974]授意携诏书与御酒前往[LOCATION#752]，但随行的张干办、李虞候倚仗权势肆意挑衅，引发[PERSON#614]撕毁诏书、泼洒御酒，致使招安失败。此前[LOCATION#149]太守[PERSON#316]曾劝阻其勿带二人同行，但未被采纳。[PERSON#369]借此推动武力征讨[LOCATION#752]，最终促成[LOCATION#753]改招安为镇压的决策。
PERSON#535,王焕,朝廷,王焕，古典小说《水浒传》中的人物。一员老将，位居“十节度”之首。曾跟随高俅征讨梁山泊，与林冲大战七八十合不分胜败。王焕这一人物在更早的中国古典文学中已经产生。宋元时代以元杂剧《逞风流王焕百花亭》为代表的多部话本、戏文、杂剧之中，王焕都作为主角登场。但这些作品中，王焕是个年轻人，人称“风流王焕”。他与歌妓贺怜怜相爱，后被贺母赶出。贺怜怜被人强娶，但暗中帮助王焕到边地投军。王焕立下战功，被封为节度使，强娶贺怜怜的恶人受到惩罚。夫妻团圆，功成名就，皆大欢喜。有研究者认为，施耐庵应该就是将“风流王焕”成为节度使多年后的形象搬用进《水浒传》当中。,[PERSON#535]，一员老将，位居“十节度”之首。曾跟随[PERSON#974]征讨[LOCATION#752]，与[PERSON#699]大战七八十合不分胜败。[PERSON#535]这一人物在更早的中国古典文学中已经产生。宋元时代以元杂剧[BOOK#35]为代表的多部话本、戏文、杂剧之中，[PERSON#535]都作为主角登场。但这些作品中，[PERSON#535]是个年轻人，人称“[PERSON#535]”。他与歌妓[PERSON#235]相爱，后被贺母赶出。[PERSON#235]被人强娶，但暗中帮助[PERSON#535]到边地投军。[PERSON#535]立下战功，被封为节度使，强娶[PERSON#235]的恶人受到惩罚。夫妻团圆，功成名就，皆大欢喜。有研究者认为，[PERSON#409]应该就是将“[PERSON#535]”成为节度使多年后的形象搬用进[BOOK#22]当中。
PERSON#854,王文德,朝廷,王文德是《水浒传》中高俅征讨梁山泊时调遣的十位节度使之一，官拜京北弘农节度使。他在凤尾坡遭遇梁山好汉董平、张清的伏击，与董平交战三十回合不分胜负，后被张清以飞石击中盔顶败退，最终与杨温部队汇合脱险。其结局在征讨梁山的战斗中，被李俊、张横活捉献功。,[PERSON#854]是[BOOK#22]中[PERSON#974]征讨[LOCATION#752]时调遣的十位节度使之一，官拜京北弘农节度使。他在[LOCATION#28]遭遇[LOCATION#752]好汉[PERSON#865]、[PERSON#786]的伏击，与[PERSON#865]交战三十回合不分胜负，后被[PERSON#786]以飞石击中盔顶败退，最终与杨温部队汇合脱险。其结局在征讨[LOCATION#752]的战斗中，被[PERSON#66]、[PERSON#688]活捉献功。
PERSON#249,酆美,朝廷,酆美是古典小说《水浒传》中的虚构人物，为枢密使童贯麾下御前飞龙大将，擅使大杆刀，首次登场于第七十六回。其身份属朝廷官军阵营，主要参与童贯征讨梁山的战役。随童贯出征时，他献策以长蛇阵对阵梁山九宫八卦阵，并与朱仝、关胜等梁山将领交锋。在官军屡遭伏击时多次护主突围，最终掩护童贯撤退时被卢俊义生擒。宋江为表招安诚意将其释放，并托其转达归顺朝廷的意愿。评书版本中另有其与扈三娘交战时被红绒套索擒获的情节。作为朝廷武将，其战场表现凸显忠勇性格，被擒与释放在两赢童贯的战役中成为关键转折，侧面反映梁山“只反贪官不反朝廷”的政治诉求。武力值在民间评价中被定位为“中八骠”级别，与朱仝武力相当。,[PERSON#249]是[BOOK#22]中的虚构人物，为枢密使[PERSON#398]麾下御前飞龙大将，擅使大杆刀。其身份属[LOCATION#753]官军阵营，主要参与[PERSON#398]征讨[LOCATION#752]的战役。随[PERSON#398]出征时，他献策以长蛇阵对阵[LOCATION#752]九宫八卦阵，并与[PERSON#142]、[PERSON#702]等[LOCATION#752]将领交锋。在官军屡遭伏击时多次护主突围，最终掩护[PERSON#398]撤退时被[PERSON#156]生擒。[PERSON#152]为表招安诚意将其释放，并托其转达归顺[LOCATION#753]的意愿。评书版本中另有其与[PERSON#543]交战时被红绒套索擒获的情节。作为[LOCATION#753]武将，其战场表现凸显忠勇性格，被擒与释放在两赢[PERSON#398]的战役中成为关键转折，侧面反映[LOCATION#752]“只反贪官不反[LOCATION#753]”的政治诉求。武力值在民间评价中被定位为“中八骠”级别，与[PERSON#142]武力相当。
PERSON#122,王瑾,朝廷,王瑾，古典小说《水浒传》中的人物。济州府帅府的老吏，因性格克毒，得名“剜心王”。他在高俅因招安诏书犹豫时献策，通过篡改诏书断句诱杀宋江，得以被高俅任命为帅府长史。但此计最终被吴用识破，导致济州城埋伏失败。,[PERSON#122]，[LOCATION#149]帅府的老吏，因性格克毒，得名“[PERSON#122]”。他在[PERSON#974]因招安诏书犹豫时献策，通过篡改诏书断句诱杀[PERSON#152]，得以被[PERSON#974]任命为帅府长史。但此计最终被[PERSON#546]识破，导致[LOCATION#149]埋伏失败。
PERSON#932,牛邦喜,朝廷,牛邦喜，《水浒传》中人物，高俅的心腹。张横所抓，在解往山寨的途中被杀。,[PERSON#932]，[BOOK#22]中人物，[PERSON#974]的心腹。[PERSON#688]所抓，在解往山寨的途中被杀。
PERSON#952,黄文炳,朝廷,黄文炳，古典小说《水浒传》中的人物。黄文炳，绰号“黄蜂刺”，心胸狭窄、嫉妒贤能、趋炎附势、阿谀谄佞、妄图飞黄腾达。闻知蔡九知府是当朝蔡太师儿子，每每浸润他，时常过江来谒访知府，指望他引荐出职，再欲做官。他在浔阳楼上发现宋江题写的诗句后，向蔡九知府歪曲解读诗句，诬指宋江所题为“反诗”，将宋江捕获，后识破戴宗与梁山欲救宋江所定下的计策，劝蔡九知府将这二人就地杀害。梁山好汉劫法场，将其捉住并凌迟处死，心肝做成醒酒汤。,[PERSON#952]，[PERSON#952]，绰号“[PERSON#952]”，心胸狭窄、嫉妒贤能、趋炎附势、阿谀谄佞、妄图飞黄腾达。闻知[PERSON#832]是当朝蔡太师儿子，每每浸润他，时常过江来谒访知府，指望他引荐出职，再欲做官。他在[LOCATION#150]上发现[PERSON#152]题写的诗句后，向[PERSON#832]歪曲解读诗句，诬指[PERSON#152]所题为“反诗”，将[PERSON#152]捕获，后识破[PERSON#968]与[LOCATION#752]欲救[PERSON#152]所定下的计策，劝[PERSON#832]将这二人就地杀害。[LOCATION#752]好汉劫法场，将其捉住并凌迟处死，心肝做成醒酒汤。
PERSON#782,周昂,朝廷,周昂，北宋时期人物，出自《水浒传》，官至八十万禁军副教头、右义卫亲军指挥使、车骑将军。其形象描写为“戴一顶吞龙头撒青缨珠闪烁烂银盔，披一副损枪尖坏箭头衬香绵热钢甲”，与丘岳并称“累建奇功，名闻海外，深通武艺，威镇京师”。高俅三打梁山时，周昂受杨戬派遣率军助战，与丘岳领兵至济州。高俅草场遇袭，周昂曾与张清交战数合后撤退。后随高俅水路并进攻打梁山，于旱路遭遇卢俊义，交手二十余合未分胜负。因伏兵四起，周昂与王焕弃战退入济州。高俅被俘获释后，周昂随其返回东京。,[PERSON#782]，北宋时期人物，出自[BOOK#22]，官至八十万禁军副教头、右义卫亲军指挥使、车骑将军。其形象描写为“戴一顶吞龙头撒青缨珠闪烁烂银盔，披一副损枪尖坏箭头衬香绵热钢甲”，与[PERSON#280]并称“累建奇功，名闻海外，深通武艺，威镇[LOCATION#21]”。[PERSON#974]三打[LOCATION#752]时，[PERSON#782]受[PERSON#164]派遣率军助战，与[PERSON#280]领兵至[LOCATION#149]。[PERSON#974]草场遇袭，[PERSON#782]曾与[PERSON#786]交战数合后撤退。后随[PERSON#974]水路并进攻打[LOCATION#752]，于旱路遭遇[PERSON#156]，交手二十余合未分胜负。因伏兵四起，[PERSON#782]与[PERSON#535]弃战退入[LOCATION#149]。[PERSON#974]被俘获释后，[PERSON#782]随其返回[LOCATION#2]。
PERSON#280,丘岳,朝廷,丘岳是《水浒传》中北宋时期武将，官至八十万禁军都教头、左义卫亲军指挥使及护驾将军，曾随高俅征讨梁山泊，与周昂并称“累建奇功，名闻海外，深通武艺，威镇京师”。丘岳在东京出征时身披重甲骑胭脂马，引得百姓喝彩。梁山之战中先被张清飞石击伤面门，后指挥水军作战时遭阮氏三雄、李俊等诱敌深入，夺取空船却陷入埋伏。混战中被杨林砍杀身亡。,[PERSON#280]是[BOOK#22]中北宋时期武将，官至八十万禁军都教头、左义卫亲军指挥使及护驾将军，曾随[PERSON#974]征讨[LOCATION#752]，与[PERSON#782]并称“累建奇功，名闻海外，深通武艺，威镇[LOCATION#21]”。[PERSON#280]在[LOCATION#2]出征时身披重甲骑胭脂马，引得[PERSON#1004]喝彩。[LOCATION#752]之战中先被[PERSON#786]飞石击伤面门，后指挥水军作战时遭[PERSON#435]、[PERSON#66]等诱敌深入，夺取空船却陷入埋伏。混战中被[PERSON#717]砍杀身亡。
PERSON#786,张清,梁山,张清，古典名著《水浒传》中的人物。一百单八将之一，绰号“没羽箭”。出场于第七十回“没羽箭飞石打英雄，宋公明弃粮擒壮士”。彰德府人氏，原为东昌府守将。宋江攻打东昌府，张清连打梁山十五员战将，活捉刘唐。吴用献策诱张清上钩，成功将其生擒。诸将要求处死张清，宋江却力排众议，并折箭为誓，张清从而归顺梁山。梁山大聚义时，排第十六位，上应天捷星，担任马军八骠骑兼先锋使。征方腊时于独松关被厉天闰刺死，追封忠武郎。张清为人执着、忠诚，对待朋友真诚友好。其形象在民间流传较广，多出现在衍生小说、戏剧以及影视剧中。,[PERSON#786]，绰号“[PERSON#786]”。出场于“[PERSON#786]飞石打英雄，[PERSON#152]弃粮擒壮士”。[LOCATION#86]人氏，原为[LOCATION#7]守将。[PERSON#152]攻打[LOCATION#7]，[PERSON#786]连打[LOCATION#752]十五员战将，活捉[PERSON#925]。[PERSON#546]献策诱[PERSON#786]上钩，成功将其生擒。诸将要求处死[PERSON#786]，[PERSON#152]却力排众议，并折箭为誓，[PERSON#786]从而归顺[LOCATION#752]。[LOCATION#752]大聚义时，排第十六位，上应天捷星，担任马军八骠骑兼先锋使。征[PERSON#598]时于[LOCATION#168]被[PERSON#375]刺死，追封忠武郎。[PERSON#786]为人执着、忠诚，对待朋友真诚友好。其形象在民间流传较广，多出现在衍生小说、戏剧以及影视剧中。
PERSON#131,刘高,地方势力,刘高，古典小说《水浒传》中人物，清风寨文知寨，自上任以来无甚本事，专事诈骗乡间上户，乱行法度，无所不为，初次登场于小说第三十二回。刘高与武知寨花荣因职权划分存在矛盾。在元宵灯会期间，刘高诬陷宋江为山贼头目，据此将其逮捕并实施非法拘禁，直接引发花荣率众反叛。最终，刘高被花荣用刀剜心而死。刘高作为《水浒传》中昏聩官吏的典型，其恶行与结局深刻反映了宋代文武制衡机制下的官场腐败，成为宋江落草为寇的关键转折点。,[PERSON#131]，[LOCATION#159]文知寨，自上任以来无甚本事，专事诈骗乡间上户，乱行法度，无所不为，初次登场于小说。[PERSON#131]与武知寨[PERSON#399]因职权划分存在矛盾。在元宵灯会期间，[PERSON#131]诬陷[PERSON#152]为山贼头目，据此将其逮捕并实施非法拘禁，直接引发[PERSON#399]率众反叛。最终，[PERSON#131]被[PERSON#399]用刀剜心而死。[PERSON#131]作为[BOOK#22]中昏聩官吏的典型，其恶行与结局深刻反映了宋代文武制衡机制下的官场腐败，成为[PERSON#152]落草为寇的关键转折点。
PERSON#351,曹太公,地方势力,曹太公是《水浒传》中的人物。李逵在沂岭杀虎后，被曹太公用酒灌醉捉住。朱富、朱贵煮了许多肉，拌了药，在酒里也下了药，麻翻了押解李逵的兵士，救出李逵，同师傅李云、李逵一起上了梁山。,[PERSON#351]。[PERSON#614]在[LOCATION#135]杀虎后，被[PERSON#351]用酒灌醉捉住。[PERSON#671]、[PERSON#427]煮了许多肉，拌了药，在酒里也下了药，麻翻了押解[PERSON#614]的兵士，救出[PERSON#614]，同师傅[PERSON#279]、[PERSON#614]一起上了[LOCATION#752]。
PERSON#606,李鬼,百姓,李鬼，古典名著《水浒传》中的人物。登场于第四十三回“假李逵剪径劫单人，黑旋风沂岭杀四虎”。李鬼冒用“江湖上有名目，提起好汉大名，神鬼也怕”的黑旋风李逵名号，拦路抢劫，索要买路钱，后来遇到真李逵，被其割肉烧熟食用。,[PERSON#606]，登场于“假[PERSON#614]剪径劫单人，[PERSON#614][LOCATION#135]杀四虎”。[PERSON#606]冒用“江湖上有名目，提起好汉大名，神鬼也怕”的[PERSON#614][PERSON#614]名号，拦路抢劫，索要买路钱，后来遇到真[PERSON#614]，被其割肉烧熟食用。
PERSON#316,张叔夜,朝廷,张叔夜，古典小说《水浒传》中的人物，济州太守，梁山事务中的智囊与桥梁。在招抚与征剿的抉择间，他总能以平和之态，进谏良策。无论是陈太尉的招安初试，还是童贯的强势围剿，张叔夜皆以和为贵，智计为先，展现出其深谋远虑。再至宿太尉二度招安，他更忧心礼数，强调忠义之本。亲赴梁山，为招安铺路，其诚意与胆识令人敬佩。事成之后，面对宋江赠金，他廉洁自守，拒不接受，赢得“一廉水月更分明”之美誉，实乃当世之清流。,[PERSON#316]，[LOCATION#149]太守，[LOCATION#752]事务中的智囊与桥梁。在招抚与征剿的抉择间，他总能以平和之态，进谏良策。无论是陈太尉的招安初试，还是[PERSON#398]的强势围剿，[PERSON#316]皆以和为贵，智计为先，展现出其深谋远虑。再至[PERSON#26]二度招安，他更忧心礼数，强调忠义之本。亲赴[LOCATION#752]，为招安铺路，其诚意与胆识令人敬佩。事成之后，面对[PERSON#152]赠金，他廉洁自守，拒不接受，赢得“一廉水月更分明”之美誉，实乃当世之清流。
PERSON#903,杨太尉,朝廷,杨太尉是《水浒传》中的虚构官员角色，北宋殿帅府太尉，常伴随宋徽宗出入宫廷享乐场所，并参与镇压梁山起义的决策。该人物在原著中作为次要反派，通过太尉殿藻井等细节描写象征封建官僚体系的压迫性，其权势描写与梁山势力形成直接矛盾。第七十二回中，李逵因不满宋江与李师师接触，当众击伤杨太尉并引发骚乱，此事件直接暴露梁山招安计划，成为朝廷征讨的导火索。另在高俅征讨梁山时，杨太尉曾代理殿帅府军务调派援军。该角色在原著中缺乏独立事迹，多依附高俅势力行动。衍生作品《水浒外传》及新编结局赋予其更多情节，如献策增兵围剿梁山、与童贯共同战死火场等。,[PERSON#903]是[BOOK#22]中的虚构官员角色，北宋殿帅府太尉，常伴随[PERSON#571]出入宫廷享乐场所，并参与镇压[LOCATION#752]起义的决策。该人物在原著中作为次要反派，通过太尉殿藻井等细节描写象征封建官僚体系的压迫性，其权势描写与[LOCATION#752]势力形成直接矛盾。书中，[PERSON#614]因不满[PERSON#152]与[PERSON#416]接触，当众击伤[PERSON#903]并引发骚乱，此事件直接暴露[LOCATION#752]招安计划，成为[LOCATION#753]征讨的导火索。另在[PERSON#974]征讨[LOCATION#752]时，[PERSON#903]曾代理殿帅府军务调派援军。该角色在原著中缺乏独立事迹，多依附[PERSON#974]势力行动。衍生作品[BOOK#25]及新编结局赋予其更多情节，如献策增兵围剿[LOCATION#752]、与[PERSON#398]共同战死火场等。
PERSON#42,萧让,梁山,萧让，古典名著《水浒传》中的人物。一百单八将之一，绰号“圣手书生”。济州人氏，著名书法家，善写苏、黄、米、蔡等诸家字体。宋江被捉到江州，吴用让戴宗请萧让和善刻金石印记的金大坚到梁山伪造蔡京的文书，以救宋江。梁山大聚义时，排第四十六位，上应地文星，职务为行文走檄调兵遣将。征方腊前被蔡京留住，在其府中受职，作门馆先生。,[PERSON#42]，绰号“[PERSON#42]”。[LOCATION#149]人氏，著名书法家，善写苏、黄、米、蔡等诸家字体。[PERSON#152]被捉到[LOCATION#131]，[PERSON#546]让[PERSON#968]请[PERSON#42]和善刻金石印记的[PERSON#651]到[LOCATION#752]伪造[PERSON#369]的文书，以救[PERSON#152]。[LOCATION#752]大聚义时，排第四十六位，上应地文星，职务为行文走檄调兵遣将。征[PERSON#598]前被[PERSON#369]留住，在其府中受职，作门馆先生。
PERSON#556,差拨,朝廷,差拨，汉语词语，原指派遣、调派的行为，后亦指宋代牢城内看管囚犯的差役，兼具动词与名词双重词性。作为动词时，该词表示官府对兵士或人员的调派，见于宋代范仲淹《奏乞拣选往边上屯驻兵士》中记载禁军屯戍事例，《隔江斗智》杂剧中描述军事部署时的差拨行为。作名词使用时专指监狱管理吏卒，《水浒传》第二十八回提及差拨收取囚犯“常例钱”以规避刑罚，与管营共同构成牢城营管理体系。词源见于宋代官方文书，范仲淹奏折明确其调遣兵士的术语功能，元代文献延续动词用法，至明代《水浒传》扩展为狱吏职业指称，反映该词在司法体系中的语义演变,[PERSON#556]，汉语词语，原指派遣、调派的行为，后亦指宋代牢城内看管囚犯的差役，兼具动词与名词双重词性。作为动词时，该词表示官府对兵士或人员的调派，见于宋代[PERSON#334][BOOK#10]中记载禁军屯戍事例，[BOOK#37]杂剧中描述军事部署时的[PERSON#556]行为。作名词使用时专指监狱管理吏卒，[BOOK#22]提及[PERSON#556]收取囚犯“常例钱”以规避刑罚，与[PERSON#301]共同构成牢城营管理体系。词源见于宋代官方文书，[PERSON#334]奏折明确其调遣兵士的术语功能，元代文献延续动词用法，至明代[BOOK#22]扩展为狱吏职业指称，反映该词在司法体系中的语义演变
PERSON#301,管营,朝廷,管营，古代边远地区管理徙流充军罪犯服役的官吏，出自《水浒传》。,[PERSON#301]，古代边远地区管理徙流充军罪犯服役的官吏，出自[BOOK#22]，此外，也是宋代牢城营（类似监狱）的管理者，负责监管囚犯的日常事务。
PERSON#229,洪教头,地方势力,洪教头是中国古典小说《水浒传》中的人物，身份为柴进柴家庄的枪棒教师。因故意刁难沦为罪囚的林冲，在庄内比武较量中企图羞辱对方，反被林冲击败。比武过程中，洪教头初因林冲身戴枷锁轻敌，后经柴进出资解除枷锁再次较量。其使用“把火烧天势”招式进攻，被林冲以“拨草寻蛇势”击中腿部倒地，最终羞愧离场。2011年电视剧《水浒传》中由关效宇饰演该角色。,[PERSON#229]的身份为[PERSON#605][LOCATION#116]的枪棒教师。因故意刁难沦为罪囚的[PERSON#699]，在庄内比武较量中企图羞辱对方，反被[PERSON#699]击败。比武过程中，[PERSON#229]初因[PERSON#699]身戴枷锁轻敌，后经[PERSON#605]出资解除枷锁再次较量。其使用“把火烧天势”招式进攻，被[PERSON#699]以“拨草寻蛇势”击中腿部倒地，最终羞愧离场。
PERSON#700,程万里,朝廷,程万里，古典小说《水浒传》中的人物。童贯门下的门馆先生及东平府太守。梁山攻打东平府时，双枪将董平归降。由于董平多次向程万里提亲被拒，怀恨在心，在引兵破城后杀害程万里全家并强娶其女程婉儿。程万里的结局在小说中具有一定的悲剧色彩。,[PERSON#700]，[PERSON#398]门下的门馆先生及[LOCATION#6]太守。[LOCATION#752]攻打[LOCATION#6]时，[PERSON#865][PERSON#865]归降。由于[PERSON#865]多次向[PERSON#700]提亲被拒，怀恨在心，在引兵破城后杀害[PERSON#700]全家并强娶其女[PERSON#384]。[PERSON#700]的结局在小说中具有一定的悲剧色彩。
PERSON#75,崔靖,朝廷,崔靖是古典小说《水浒传》中的人物，官至御史大夫。崔靖于原著第七十四回出场，曾向宋徽宗谏言招安梁山泊势力以抵御辽兵，提出光禄寺颁赐御酒珍馐、差遣大臣抚谕等具体举措。宋徽宗采纳其建议，派遣殿前太尉陈宗善携带丹诏御酒前往招安，但此事最终因蔡京、高俅等人阻挠未果。在1998年央视版电视剧《水浒传》中，该角色由张纪中饰演。,[PERSON#75]是官至御史大夫。[PERSON#75]于原著出场，曾向[PERSON#571]谏言招安[LOCATION#752]势力以抵御辽兵，提出光禄寺颁赐御酒珍馐、差遣大臣抚谕等具体举措。[PERSON#571]采纳其建议，派遣殿前太尉[PERSON#139]携带丹诏御酒前往招安，但此事最终因[PERSON#369]、[PERSON#974]等人阻挠未果。
PERSON#462,裴宣,梁山,裴宣，古典名著《水浒传》中的人物。一百单八将之一，绰号“铁面孔目”。京兆府人氏，曾任六案孔目，因被贪官陷害，只得上饮马川落草。后受戴宗招纳，到梁山入伙。梁山大聚义时，排第四十七位，上应地正星，担任军政司。征方腊回朝授武奕郎、都统领，后返回饮马川，受职求闲。,[PERSON#462]，绰号“[PERSON#462]”。[LOCATION#20]人氏，曾任六案孔目，因被贪官陷害，只得上[LOCATION#238]落草。后受[PERSON#968]招纳，到[LOCATION#752]入伙。[LOCATION#752]大聚义时，排第四十七位，上应地正星，担任军政司。征[PERSON#598]回朝授武奕郎、都统领，后返回[LOCATION#238]，受职求闲。
PERSON#698,祝彪,地方势力,祝彪是古典小说《水浒传》中的人物，北宋祝家庄庄主祝朝奉第三子，富家子弟，民族为汉，在影视作品中由付磊等演员饰演。祝彪为祝家三杰之一，使用银枪作为兵器，武功高强，与祝龙、祝虎同为栾廷玉徒弟，并与扈家庄扈三娘缔结婚约。梁山攻破祝家庄时，祝彪被李逵用斧击杀。2011年电视剧《水浒传》中，该角色由付磊扮演。,[PERSON#698]是北宋[LOCATION#185]庄主[PERSON#32]第三子，富家子弟，民族为汉。[PERSON#698]为祝家三杰之一，使用银枪作为兵器，武功高强，与[PERSON#800]、[PERSON#845]同为[PERSON#667]徒弟，并与[LOCATION#92][PERSON#543]缔结婚约。[LOCATION#752]攻破[LOCATION#185]时，[PERSON#698]被[PERSON#614]用斧击杀。
PERSON#271,曾升,地方势力,"曾升是《水浒传》中曾头市庄主曾弄幼子，位列曾家五虎第五位，因""白净面盘，未有胡须，身长九尺""的外貌特征被称为""曾头市小郎君""。他擅使飞刀与弓箭，曾于守城战中射伤李逵。在兄长曾涂阵亡后，曾升作为人质被押往梁山营寨，最终梁山攻破曾头市时被宋江下令斩首。","[PERSON#271]是[LOCATION#108]庄主[PERSON#618]幼子，位列曾家五虎第五位，因""""白净面盘，未有胡须，身长九尺""""的外貌特征被称为""""[PERSON#271]""""。他擅使飞刀与弓箭，曾于守城战中射伤[PERSON#614]。在兄长[PERSON#764]阵亡后，[PERSON#271]作为人质被押往[LOCATION#122]，最终[LOCATION#752]攻破[LOCATION#108]时被[PERSON#152]下令斩首。"
PERSON#976,史文恭,地方势力,史文恭，古典小说《水浒传》中的人物。在凌州曾头市的曾家府担任教师，深受曾长官曾弄的器重，徒弟有曾家五虎。曾头市因劫夺段景住献给宋江的照夜玉狮子马，遭到晁盖率军攻打。晁盖在作战中被一枝刻有史文恭姓名的毒箭射中身亡，史文恭从此成为梁山公敌。卢俊义上山后，曾头市在梁山的再次进攻中被彻底打垮。史文恭则被卢俊义活捉，最后被剖腹挖心祭奠晁盖。水浒传原著的常见版本均未提及史文恭与卢俊义在交战之前的关系，但在一些民间故事和衍生文学中，二人常被设定为师兄弟。,[PERSON#976]，在[LOCATION#27][LOCATION#108]的曾家府担任教师，深受曾长官[PERSON#618]的器重，徒弟有曾家五虎。[LOCATION#108]因劫夺[PERSON#576]献给[PERSON#152]的照夜玉狮子马，遭到[PERSON#959]率军攻打。[PERSON#959]在作战中被一枝刻有[PERSON#976]姓名的毒箭射中身亡，[PERSON#976]从此成为[LOCATION#752]公敌。[PERSON#156]上山后，[LOCATION#108]在[LOCATION#752]的再次进攻中被彻底打垮。[PERSON#976]则被[PERSON#156]活捉，最后被剖腹挖心祭奠[PERSON#959]。水浒传原著的常见版本均未提及[PERSON#976]与[PERSON#156]在交战之前的关系，但在一些民间故事和衍生文学中，二人常被设定为师兄弟。
PERSON#618,曾弄,地方势力,曾弄，古典小说《水浒传》中的人物。曾头市的主人，原是大金国人，膝下有五子，分别是曾涂、曾密、曾索、曾魁、曾升，有两个教师，分别是史文恭和苏定。曾长者曾头市上，聚集着五七千人马，扎下寨栅，造下五十余辆陷车，与梁山势不两立，发愿要捉尽梁山泊山寨中头领。曾头市先夺去段景住献给宋江的照夜玉狮子马，史文恭又射死梁山首领晁盖，至此与梁山结下不共戴天之仇。后梁山用计赚取武功盖世的玉麒麟卢俊义入伙，乘夜攻取曾头市，曾长者听得梁山泊大军两路杀将入来，与梁山泊大军大战，后在寨里自缢而死，曾家五虎、史文恭和苏定也尽皆被杀死。,[PERSON#618]，[LOCATION#108]的主人，原是大金国人，膝下有五子，分别是[PERSON#764]、[PERSON#864]、[PERSON#231]、[PERSON#551]、[PERSON#271]，有两个教师，分别是[PERSON#976]和[PERSON#611]。曾长者[LOCATION#108]上，聚集着五七千人马，扎下寨栅，造下五十余辆陷车，与[LOCATION#752]势不两立，发愿要捉尽[LOCATION#752]山寨中头领。[LOCATION#108]先夺去[PERSON#576]献给[PERSON#152]的照夜玉狮子马，[PERSON#976]又射死[LOCATION#752]首领[PERSON#959]，至此与[LOCATION#752]结下不共戴天之仇。后[LOCATION#752]用计赚取武功盖世的[PERSON#156][PERSON#156]入伙，乘夜攻取[LOCATION#108]，曾长者听得[LOCATION#752]大军两路杀将入来，与[LOCATION#752]大军大战，后在寨里自缢而死，曾家五虎、[PERSON#976]和[PERSON#611]也尽皆被杀死。
PERSON#247,韩滔,梁山,韩滔，古典名著《水浒传》中的人物。一百单八将之一，绰号“百胜将”。东京人氏，原为陈州团练使。他随呼延灼征讨梁山，被刘唐、杜迁生擒，遂归顺梁山。梁山大聚义时，排第四十二位，上应地威星，任马军小彪将兼远探出哨头领，常与彭玘搭档。征方腊时战死于常州，追封义节郎。,[PERSON#247]，绰号“[PERSON#247]”。[LOCATION#2]人氏，原为[LOCATION#230]团练使。他随[PERSON#434]征讨[LOCATION#752]，被[PERSON#925]、[PERSON#484]生擒，遂归顺[LOCATION#752]。[LOCATION#752]大聚义时，排第四十二位，上应地威星，任马军小彪将兼远探出哨头领，常与[PERSON#216]搭档。征[PERSON#598]时战死于[LOCATION#72]，追封义节郎。
PERSON#357,迎儿,百姓,迎儿是中国古典小说《水浒传》和《金瓶梅》中登场的虚构人物，在两部作品中具有不同的角色设定与命运。在《水浒传》中，迎儿是潘巧云的贴身丫环，因收受财物协助潘巧云与裴如海通奸，最终被杨雄、石秀所杀。在《金瓶梅》中，她是武大郎与前妻之女，继母潘金莲对她长期虐待，武大郎死后被邻居姚二郎收养。2023年《文史知识》刊发的论文认为，迎儿的悲惨命运反映了明代重组家庭中前房子女受歧视的社会现实，深化了小说的世情批判意义。,[PERSON#357]是中国[BOOK#22]和[BOOK#36]中登场的虚构人物，在两部作品中具有不同的角色设定与命运。在[BOOK#22]中，[PERSON#357]是[PERSON#387]的贴身丫环，因收受财物协助[PERSON#387]与[PERSON#104]通奸，最终被[PERSON#87]、[PERSON#622]所杀。在[BOOK#36]中，她是[PERSON#447]与前妻之女，继母[PERSON#452]对她长期虐待，[PERSON#447]死后被邻居[PERSON#337]收养。2023年[BOOK#18]刊发的论文认为，[PERSON#357]的悲惨命运反映了明代重组家庭中前房子女受歧视的社会现实，深化了小说的世情批判意义。
PERSON#146,胡道,百姓,胡道是明代施耐庵长篇小说《水浒传》中的虚构人物，身份为报恩寺头陀，属梁山一百零八将之外的次要角色，首次出现于第四十五回。其角色因涉及裴如海与潘巧云的私通事件，成为推动核心情节的关键人物。原为寺庙打更道人，被和尚裴如海以钱财收买，负责探查潘巧云后门动向并以敲木鱼为暗号协助幽会。石秀为自证清白，潜入寺庙杀死裴如海与胡道，后引杨雄至翠屏山对质，直接导致潘巧云被杀及二人投奔梁山。案发时仵作误判其死于自缢，实则作为共犯被石秀设计灭口。胡道虽出场短暂，却通过死亡事件串联起杨雄、石秀的人生转折。其命运折射出《水浒传》中底层人物的工具属性，以及江湖纷争中暴力惩戒的叙事逻辑。,[PERSON#146]是明代[PERSON#409]长篇小说[BOOK#22]中的虚构人物，身份为[LOCATION#96]头陀，属[LOCATION#752]一百零八将之外的次要角色。其角色因涉及[PERSON#104]与[PERSON#387]的私通事件，成为推动核心情节的关键人物。原为寺庙打更道人，被和尚[PERSON#104]以钱财收买，负责探查[PERSON#387]后门动向并以敲木鱼为暗号协助幽会。[PERSON#622]为自证清白，潜入寺庙杀死[PERSON#104]与[PERSON#146]，后引[PERSON#87]至[LOCATION#192]对质，直接导致[PERSON#387]被杀及二人投奔[LOCATION#752]。案发时仵作误判其死于自缢，实则作为共犯被[PERSON#622]设计灭口。[PERSON#146]虽出场短暂，却通过死亡事件串联起[PERSON#87]、[PERSON#622]的人生转折。其命运折射出[BOOK#22]中底层人物的工具属性，以及江湖纷争中暴力惩戒的叙事逻辑。
PERSON#300,顾大嫂,梁山,顾大嫂，古典名著《水浒传》中的人物。一百单八将之一，绰号“母大虫”。初登场于第四十九回“解珍解宝双越狱，孙立孙新大劫牢”。顾大嫂在登州一带颇有势力，不仅有酒店生意，还杀牛放赌。当得知解珍、解宝因猎虎被地主毛太公构陷打入死牢，顾大嫂联合丈夫孙新，同邹渊、邹润等人一起劫狱，成功救出二解。听闻梁山正在攻打祝家庄，顾大嫂等人一并加入，在孙立的带领下，里应外合攻破庄子，正式上梁山入伙。其在攻大名府、东平府时都立有功勋。梁山大聚义时，排一百零一位，上应地阴星。后随宋江南征北战，颇有战功。征辽国时，击败天寿公主所部。征河北田虎时，鏖战女将琼英，救回王英、扈三娘夫妇；征淮西王庆时，作为伏兵引王庆深入；征江南方腊时，混入杭州城放火。平定方腊后，被封为东源县君，跟随孙立、孙新返回登州。顾大嫂性格粗豪、有主见、重情义、胆大心细。她挣脱了礼教枷锁，是对当时社会黑暗统治的反抗，反映了当时社会男性占据主导权的现状。,[PERSON#300]，绰号“[PERSON#300]”。初登场于“[PERSON#318][PERSON#677]双越狱，[PERSON#82][PERSON#348]大劫牢”。[PERSON#300]在[LOCATION#177]一带颇有势力，不仅有酒店生意，还杀牛放赌。当得知[PERSON#318]、[PERSON#677]因猎虎被地主[PERSON#95]构陷打入死牢，[PERSON#300]联合丈夫[PERSON#348]，同[PERSON#58]、[PERSON#738]等人一起劫狱，成功救出二解。听闻[LOCATION#752]正在攻打[LOCATION#185]，[PERSON#300]等人一并加入，在[PERSON#82]的带领下，里应外合攻破庄子，正式上[LOCATION#752]入伙。其在攻大名府、[LOCATION#6]时都立有功勋。[LOCATION#752]大聚义时，排一百零一位，上应地阴星。后随[PERSON#152]南征北战，颇有战功。征[LOCATION#213]时，击败天寿公主所部。征[LOCATION#142][PERSON#1003]时，鏖战女将[PERSON#347]，救回[PERSON#422]、[PERSON#543]夫妇；征[LOCATION#155][PERSON#363]时，作为伏兵引[PERSON#363]深入；征[LOCATION#130][PERSON#598]时，混入[LOCATION#111]城放火。平定[PERSON#598]后，被封为东源县君，跟随[PERSON#82]、[PERSON#348]返回[LOCATION#177]。[PERSON#300]性格粗豪、有主见、重情义、胆大心细。她挣脱了礼教枷锁，是对当时社会黑暗统治的反抗，反映了当时社会男性占据主导权的现状。
PERSON#610,张蒙方,朝廷,"张蒙方是古典名著《水浒传》中的虚构人物，担任孟州兵马都监，通称""张都监""，在1998版和2011版电视剧中分别由王文友、赵熙元饰演。作为反派角色，他与张团练、蒋门神勾结结成利益集团，通过诱骗、栽赃等手段陷害武松。他假意赏识武松，以许配丫鬟玉兰为名骗取信任，暗中安排盗窃栽赃致其再度发配。武松在飞云浦识破刺杀阴谋后，夜袭张府血洗鸳鸯楼，将张蒙方及其同党斩杀并留下""杀人者，打虎武松也""的血字。这一事件成为武松摒弃官差身份走向反抗朝廷的关键转折点。最终，张蒙方因设局败露被武松手刃，其表面亲和、内藏奸诈的""笑面虎""形象在原著中具有典型反派特征。人物结局印证了《水浒传》对腐败官吏的批判立场。","[PERSON#610]是[BOOK#22]中的虚构人物，担任[LOCATION#50]兵马都监，通称""""[PERSON#610]""""。作为反派角色，他与[PERSON#64]、[PERSON#492]勾结结成利益集团，通过诱骗、栽赃等手段陷害[PERSON#18]。他假意赏识[PERSON#18]，以许配丫鬟[PERSON#340]为名骗取信任，暗中安排盗窃栽赃致其再度发配。[PERSON#18]在[LOCATION#237]识破刺杀阴谋后，夜袭张府血洗[LOCATION#242]，将[PERSON#610]及其同党斩杀并留下""""杀人者，[PERSON#18]也""""的血字。这一事件成为[PERSON#18]摒弃官差身份走向反抗[LOCATION#753]的关键转折点。最终，[PERSON#610]因设局败露被[PERSON#18]手刃，其表面亲和、内藏奸诈的""""[PERSON#671]""""形象在原著中具有典型反派特征。人物结局印证了[BOOK#22]对腐败官吏的批判立场。"
PERSON#340,玉兰,百姓,玉兰，古典小说《水浒传》中的人物，孟州守御兵马张都监府上养的歌女，初次登场于《水浒传》第三十回“施恩三入死囚牢，?武松大闹飞云浦”，1998年电视剧《水浒传》中由刘艳峰饰演。玉兰，不仅长相貌美，而且精通音律，极能针指。张都监为给蒋门神报仇，将武松诱至府中，用假仁假义迷惑武松。在八月十五的中秋夜晚，张都监设宴赏月，让玉兰出来唱曲，席间假意把玉兰许配给武松为妻。当夜张都监设计陷害武松，玉兰是帮凶。武松大闹飞云浦后返回鸳鸯楼，先后杀了张都监、张团练以及蒋门神等人。玉兰从楼下走过，撞见武松，被武松用朴刀搠进心窝杀死。,[PERSON#340]，[LOCATION#50]守御兵马[LOCATION#85]上养的歌女，初次登场于[BOOK#22]“[PERSON#251]三入死囚牢，?[PERSON#18]大闹[LOCATION#237]”。[PERSON#340]，不仅长相貌美，而且精通音律，极能针指。[PERSON#610]为给[PERSON#492]报仇，将[PERSON#18]诱至府中，用假仁假义迷惑[PERSON#18]。在八月十五的中秋夜晚，[PERSON#610]设宴赏月，让[PERSON#340]出来唱曲，席间假意把[PERSON#340]许配给[PERSON#18]为妻。当夜[PERSON#610]设计陷害[PERSON#18]，[PERSON#340]是帮凶。[PERSON#18]大闹[LOCATION#237]后返回[LOCATION#242]，先后杀了[PERSON#610]、[PERSON#64]以及[PERSON#492]等人。[PERSON#340]从楼下走过，撞见[PERSON#18]，被[PERSON#18]用朴刀搠进心窝杀死。
PERSON#885,郁保四,梁山,郁保四，古典名著《水浒传》中的人物。一百单八将之一，绰号“险道神”。原是青州强盗，曾劫夺梁山马匹，投奔曾头市。后又暗投梁山，到曾头市卧底，为扫平曾头市立下功劳。梁山大聚义时，排第一百零五位，上应地健星，负责把捧帅字旗。征方腊时战死于清溪县，追封义节郎。,[PERSON#885]，绰号“[PERSON#885]”。原是[LOCATION#234]强盗，曾劫夺[LOCATION#752]马匹，投奔[LOCATION#108]。后又暗投[LOCATION#752]，到[LOCATION#108]卧底，为扫平[LOCATION#108]立下功劳。[LOCATION#752]大聚义时，排第一百零五位，上应地健星，负责把捧帅字旗。征[PERSON#598]时战死于[LOCATION#157]，追封义节郎。
PERSON#32,祝朝奉,地方势力,祝朝奉是古典小说《水浒传》中的人物，北宋祝家庄庄主，其称谓源于宋朝文阶官朝奉郎的尊称。在清代《荡寇志》中更名为祝万茂，其弟祝永清、祝万年为重要角色。祝家庄与李家庄、扈家庄结成联盟，三次抗击梁山。祝朝奉曾有意释放被俘的时迁，但因祝氏三子反对而作罢，导致与李家庄主李应关系破裂。三打祝家庄时，孙立假借登州驻军身份卧底，与梁山里应外合攻破祝家庄，祝朝奉最终被石秀斩杀。《水浒传》中“祝朝奉”称谓保留了宋元说书传统中的官职设定，明朝后该称谓演变为对富商的泛称。《荡寇志》对祝氏家族人物关系进行了扩展，塑造了祝永清等重要配角。,[PERSON#32]是北宋[LOCATION#185]庄主，其称谓源于宋朝文阶官朝奉郎的尊称。在清代[BOOK#32]中更名为[PERSON#825]，其弟[PERSON#230]、[PERSON#457]为重要角色。[LOCATION#185]与[LOCATION#109]、[LOCATION#92]结成联盟，三次抗击[LOCATION#752]。[PERSON#32]曾有意释放被俘的[PERSON#896]，但因祝氏三子反对而作罢，导致与[LOCATION#109]主[PERSON#472]关系破裂。三打[LOCATION#185]时，[PERSON#82]假借[LOCATION#177]驻军身份卧底，与[LOCATION#752]里应外合攻破[LOCATION#185]，[PERSON#32]最终被[PERSON#622]斩杀。[BOOK#22]中“[PERSON#32]”称谓保留了宋元说书传统中的官职设定，明朝后该称谓演变为对富商的泛称。[BOOK#32]对祝氏家族人物关系进行了扩展，塑造了[PERSON#230]等重要配角。
PERSON#667,栾廷玉,地方势力,栾廷玉，古典小说《水浒传》中的人物。祝家庄的教师，祝氏三杰的师父，病尉迟孙立的同门师兄，江湖人称“铁棒”。因其武艺高强、骁勇善战，更兼足智多谋，在他统兵驻守之下，周围村镇、山寨无不慑服，祝家庄由此威震一方。《水浒传》中说他在宋江三打祝家庄之时死于乱军之中，但在《水浒后传》、《古本水浒传》、《荡寇志》等衍生小说中都曾再次登场。,[PERSON#667]，[LOCATION#185]的教师，祝氏三杰的师父，[PERSON#82][PERSON#82]的同门师兄，江湖人称“[PERSON#667]”。因其武艺高强、骁勇善战，更兼足智多谋，在他统兵驻守之下，[LOCATION#38]、山寨无不慑服，[LOCATION#185]由此威震一方。[BOOK#22]中说他在[PERSON#152]三打[LOCATION#185]之时死于乱军之中，但在[BOOK#24]、[BOOK#6]、[BOOK#32]等衍生小说中都曾再次登场。
PERSON#60,魏定国,梁山,魏定国，古典名著《水浒传》中的人物。一百单八将之一，绰号“神火将”。凌州人氏，原为凌州团练使，善用火攻。他与单廷珪奉诏征讨梁山，尚未出征便被关胜围城，城破后归顺梁山。梁山大聚义时，排第四十五位，上应地猛星，担任马军小彪将兼远探出哨头领。征方腊时战死于歙州，追封义节郎。,[PERSON#60]，绰号“[PERSON#60]”。[LOCATION#27]人氏，原为[LOCATION#27]团练使，善用火攻。他与[PERSON#799]奉诏征讨[LOCATION#752]，尚未出征便被[PERSON#702]围城，城破后归顺[LOCATION#752]。[LOCATION#752]大聚义时，排第四十五位，上应地猛星，担任马军小彪将兼远探出哨头领。征[PERSON#598]时战死于[LOCATION#126]，追封义节郎。
PERSON#48,耶律辉,辽国,耶律辉是小说《水浒传》中的虚构人物，别称郎主，身份为辽国君主。其历史原型可能与耶律延禧、耶律淳或金国契丹人耶律晖有关。耶律辉在小说中多次率军攻打宋朝疆土，后因宋江接受招安后奉命征辽，辽军在多次激战后被击败。,[PERSON#48]，别称[PERSON#48]，身份为[LOCATION#213]君主。其历史原型可能与[PERSON#934]、[PERSON#6]或金国契丹人[PERSON#639]有关。[PERSON#48]在小说中多次率军攻打宋朝疆土，后因[PERSON#152]接受招安后奉命征辽，辽军在多次激战后被击败。
PERSON#461,兀颜光,辽国,兀颜光，古典小说《水浒传》中的人物。辽国第一员上将，官封辽国都统军。兀颜光精通十八般武艺，熟读兵书，有万夫不当之勇，善使一条浑铁点钢枪，有时也以铁锏和方天画戟为兵器，身披一套三重铠甲。部下有大量精兵良将，长子兀颜延寿也是辽国小将军。兀颜光是梁山在征辽战争中的最终对手，他反对辽国招降梁山，主张与梁山作战到底。在最后的决战中，兀颜光排出太乙混天象阵，最终被得到九天玄女帮助的宋江攻破，他本人则被关胜、花荣、张清合力击杀。,[PERSON#461]，[LOCATION#213]第一员上将，官封[LOCATION#213]都统军。[PERSON#461]精通十八般武艺，熟读兵书，有万夫不当之勇，善使一条浑铁点钢枪，有时也以铁锏和方天画戟为兵器，身披一套三重铠甲。部下有大量精兵良将，长子[PERSON#876]也是[LOCATION#213]小将军。[PERSON#461]是[LOCATION#752]在征辽战争中的最终对手，他反对[LOCATION#213]招降[LOCATION#752]，主张与[LOCATION#752]作战到底。在最后的决战中，[PERSON#461]排出太乙混天象阵，最终被得到[PERSON#645]帮助的[PERSON#152]攻破，他本人则被[PERSON#702]、[PERSON#399]、[PERSON#786]合力击杀。
PERSON#304,郝思文,梁山,郝思文，古典名著《水浒传》中的人物。一百单八将之一，绰号“井木犴”。关胜的结义兄弟，随其征讨梁山，与宣赞同为关胜副将。后三人被呼延灼引入埋伏，郝思文被扈三娘捉住，归降梁山。梁山大聚义时，排第四十一位，上应地雄星，担任马军小彪将兼远探出哨头领。征讨方腊时被敌军生擒，碎剐而死，追封义节郎。,[PERSON#304]，绰号“[PERSON#304]”。[PERSON#702]的结义兄弟，随其征讨[LOCATION#752]，与[PERSON#905]同为[PERSON#702]副将。后三人被[PERSON#434]引入埋伏，[PERSON#304]被[PERSON#543]捉住，归降[LOCATION#752]。[LOCATION#752]大聚义时，排第四十一位，上应地雄星，担任马军小彪将兼远探出哨头领。征讨[PERSON#598]时被敌军生擒，碎剐而死，追封义节郎。
PERSON#332,张三,百姓,张三，古典小说《水浒传》中的人物，别称过街老鼠，原为酸枣门外大相国寺菜园周边的泼皮头领，与青草蛇李四是好友兼搭档，常以偷盗寺产菜蔬为生，属于宋代无赖型泼皮的代表。张三与李四因担忧新任菜园管理者鲁智深影响其生计，策划将其推入粪池未遂，反被鲁智深识破并踢入粪窖。经此事件后，张三与李四等人拜鲁智深为师，鲁智深救出禁军教头林冲之后，张三未再出现。该角色原为破落户泼皮群体代表，其故事线终止于鲁智深救林冲事件，需区别于《水浒传》中同名人物张文远及宋江化名郓城虎张三。,[PERSON#332]，别称[PERSON#332]，原为酸枣门外[LOCATION#3]菜园周边的泼皮头领，与[PERSON#187][PERSON#187]是好友兼搭档，常以偷盗寺产菜蔬为生，属于宋代无赖型泼皮的代表。[PERSON#332]与[PERSON#187]因担忧新任菜园管理者[PERSON#532]影响其生计，策划将其推入[LOCATION#189]未遂，反被[PERSON#532]识破并踢入[LOCATION#190]。经此事件后，[PERSON#332]与[PERSON#187]等人拜[PERSON#532]为师，[PERSON#532]救出禁军教头[PERSON#699]之后，[PERSON#332]未再出现。该角色原为破落户泼皮群体代表，其故事线终止于[PERSON#532]救[PERSON#699]事件，需区别于[BOOK#22]中同名人物[PERSON#980]及[PERSON#152]化名[PERSON#152][PERSON#332]。
PERSON#489,高廉,朝廷,高廉是元末明初施耐庵小说《水浒传》中的虚构人物，官至高唐州知府，为权臣高俅堂弟，善用法术并统领三百飞天神兵。其形象展现了古典神魔元素与军事斗争交织的叙事特色。因妻弟殷天锡强占柴皇城宅院引发命案，高廉借此囚禁柴进并抄没其家产，导致梁山泊发兵征讨。战斗中多次以黑风飞沙、铜牌召唤毒虫猛兽击退梁山军，迫使宋江请来公孙胜破法。最终突围时遭伏击，驾云遁逃被公孙胜击落，死于雷横刀下。施耐庵以“可怜半世英雄汉，化作南柯梦里人”评述其结局。作为梁山早期征讨的强敌，高廉集法术神通与权谋暴虐于一身，角色命运凸显封建官僚体系下的权力倾轧与因果报应主题。,[PERSON#489]官至[LOCATION#239]知府，为权臣[PERSON#974]堂弟，善用法术并统领三百飞天神兵。其形象展现了古典神魔元素与军事斗争交织的叙事特色。因妻弟[PERSON#746]强占柴皇城宅院引发命案，[PERSON#489]借此囚禁[PERSON#605]并抄没其家产，导致[LOCATION#752]发兵征讨。战斗中多次以黑风飞沙、铜牌召唤毒虫猛兽击退[LOCATION#752]军，迫使[PERSON#152]请来[PERSON#204]破法。最终突围时遭伏击，驾云遁逃被[PERSON#204]击落，死于[PERSON#303]刀下。[PERSON#409]以“可怜半世英雄汉，化作南柯梦里人”评述其结局。作为[LOCATION#752]早期征讨的强敌，[PERSON#489]集法术神通与权谋暴虐于一身，角色命运凸显封建官僚体系下的权力倾轧与因果报应主题。
PERSON#749,汤隆,梁山,汤隆，古典名著《水浒传》中的人物。一百单八将之一，绰号“金钱豹子”。铁匠出身，延安府知寨官之子。在武冈镇打铁度日，遇到李逵，随其加入梁山。后举荐徐宁，打造钩镰枪，为梁山大破连环马立下大功。梁山大聚义时，排第八十八位，上应地孤星，负责监造军器铁甲。征方腊时战死于清溪县，追封义节郎。,[PERSON#749]，绰号“[PERSON#749]”。铁匠出身，[LOCATION#81]知寨官之子。在[LOCATION#128]打铁度日，遇到[PERSON#614]，随其加入[LOCATION#752]。后举荐[PERSON#336]，打造钩镰枪，为[LOCATION#752]大破连环马立下大功。[LOCATION#752]大聚义时，排第八十八位，上应地孤星，负责监造军器铁甲。征[PERSON#598]时战死于[LOCATION#157]，追封义节郎。
PERSON#23,邓元觉,方腊,邓元觉是《水浒传》中江南方腊政权的国师，法名元觉，歙州僧人，方天定麾下四大元帅之一，绰号“宝光如来”，善使铮光浑铁禅杖。宋江率军征讨方腊时，邓元觉镇守杭州，与梁山将领鲁智深步战五十余合不分胜负，方天定惊叹“不曾折半点便宜”。 [2]杭州城破后，邓元觉前往清溪洞求援被拒，独自率军救援睦州时被花荣射箭击中面门身亡。其首次登场于《水浒传》第九十四回（百二十回本第一百一十四回），最终阵亡于第九十七回（百二十回本第一百一十七回）。,[PERSON#23]是[BOOK#22]中[LOCATION#130][PERSON#598]政权的国师，法名元觉，[LOCATION#126]僧人，[PERSON#545]麾下四大元帅之一，绰号“[PERSON#23]”，善使铮光浑铁禅杖。[PERSON#152]率军征讨[PERSON#598]时，[PERSON#23]镇守[LOCATION#111]，与[LOCATION#752]将领[PERSON#532]步战五十余合不分胜负，[PERSON#545]惊叹“不曾折半点便宜”。 [2][LOCATION#111]城破后，[PERSON#23]前往[LOCATION#158]求援被拒，独自率军救援[LOCATION#183]时被[PERSON#399]射箭击中面门身亡。
PERSON#371,周谨,朝廷,周谨，《水浒传》中的人物。初登场于第十二回“梁山泊林冲落草，汴京城杨志卖刀”。周谨，急先锋索超的徒弟，与杨志交锋时不敌杨志，败下阵来，后索超上场战杨志。,[PERSON#371]，[BOOK#22]中的人物。初登场于“[LOCATION#752][PERSON#699]落草，[LOCATION#133][PERSON#924]卖刀”。[PERSON#371]，[PERSON#86][PERSON#86]的徒弟，与[PERSON#924]交锋时不敌[PERSON#924]，败下阵来，后[PERSON#86]上场战[PERSON#924]。
PERSON#739,王文斌,朝廷,王文斌是《水浒传》中登场的人物，宋朝禁军枪棒教头，官拜郑州团练使，在原著第八十八回首次出场即战死。该人物受命押运御赐衣袄至抗辽前线，见宋军屡败于辽国兀颜统军的太乙混天象阵，自恃兵书谋略主动请战。他登将台观阵后断言此阵“如常无奇”，实则不识阵法精妙，为显本领单骑挑战辽将曲利出清。交战二十余合后中计追击，被曲利出清回身背砍斩于马下。王文斌自称文武双全却缺乏实战能力，原文直指其“自己不识，且图诈人要誉”，暴露出好大喜功、虚张声势的性格缺陷，侧面反映宋朝武官任用弊端。,[PERSON#739]宋朝禁军枪棒教头，官拜[LOCATION#218]团练使，在原著首次出场即战死。该人物受命押运御赐衣袄至[LOCATION#95]，见宋军屡败于[LOCATION#213]兀颜统军的太乙混天象阵，自恃兵书谋略主动请战。他登将台观阵后断言此阵“如常无奇”，实则不识阵法精妙，为显本领单骑挑战辽将[PERSON#890]。交战二十余合后中计追击，被[PERSON#890]回身背砍斩于马下。[PERSON#739]自称文武双全却缺乏实战能力，原文直指其“自己不识，且图诈人要誉”，暴露出好大喜功、虚张声势的性格缺陷，侧面反映宋朝武官任用弊端。
PERSON#415,赵安抚,朝廷,"赵安抚是《水浒传》中的人物，祖属赵家宗派，为人宽仁厚德，作事端方。宋徽宗时期受宿太尉保举，任枢密院同知，统领御营军马监战宋江部队。檀州战役后奉命驻守该城并回复文书声明""我在檀州，权且屯紥""，负责接收收复城池、犒赏三军，同时防范宋江势力扩张。蓟州之战期间，赵安抚在檀州与宋江会面传达圣谕，授予金银缎匹犒军，强调""申达朝廷""以官封激励将士。","[PERSON#415]是[BOOK#22]中的人物，祖属赵家宗派，为人宽仁厚德，作事端方。[PERSON#571]时期受[PERSON#26]保举，任枢密院同知，统领御营军马监战[PERSON#152]部队。[LOCATION#125]战役后奉命驻守该城并回复文书声明""""我在[LOCATION#125]，权且屯紥""""，负责接收收复城池、犒赏三军，同时防范[PERSON#152]势力扩张。[LOCATION#202]之战期间，[PERSON#415]在[LOCATION#125]与[PERSON#152]会面传达圣谕，授予金银缎匹犒军，强调""""申达[LOCATION#753]""""以官封激励将士。"
PERSON#679,寇镇远,辽国,寇镇远是中国古典小说《水浒传》及其衍生作品中的虚构角色，辽国先锋大将，于原著第八十七回“宋公明大战幽州 呼延灼力擒番将”中登场，被梁山好汉孙立击杀。寇镇远在幽州之战对阵梁山时，与孙立展开激战。孙立先后使用金枪、弓箭与钢鞭应敌，寇镇远虽以箭术反制但未奏效。孙立佯装中箭坠马，待其靠近时突施虎眼钢鞭击杀，削去寇镇远半个天灵骨。此战过程展现弓马枪鞭技艺与战术谋略，被列为《水浒传》十大经典对战之一。该人物与孙立的对战场景被人民美术出版社水浒连环画《破辽国徒劳无功》选作封面彩图。有武评分析认为寇镇远实力逊于辽将琼妖纳延。,[PERSON#679]是中国[BOOK#22]及其衍生作品中的虚构角色，[LOCATION#213]先锋大将，于原著“[PERSON#152]大战[LOCATION#75] [PERSON#434]力擒番将”中登场，被[LOCATION#752]好汉[PERSON#82]击杀。[PERSON#679]在[LOCATION#75]之战对阵[LOCATION#752]时，与[PERSON#82]展开激战。[PERSON#82]先后使用金枪、弓箭与钢鞭应敌，[PERSON#679]虽以箭术反制但未奏效。[PERSON#82]佯装中箭坠马，待其靠近时突施虎眼钢鞭击杀，削去[PERSON#679]半个天灵骨。此战过程展现弓马枪鞭技艺与战术谋略，被列为[BOOK#22]十大经典对战之一。该人物与[PERSON#82]的对战场景被人民美术出版社水浒连环画[BOOK#30]选作封面彩图。有武评分析认为[PERSON#679]实力逊于辽将[PERSON#695]。
PERSON#589,段恺,方腊,段恺是施耐庵长篇小说《水浒传》及其衍生作品中的虚构人物，原为方腊政权麾下将领，负责镇守秀州。在宋江率军征讨方腊期间，他因闻方貌战死而主动开城投降，并献上杭州宁海军城的详细布防情报，包括方天定麾下七万余兵力及石宝、邓元觉等二十八员将领的配置。投降后因其献城之功，段恺被宋江安抚并转投张招讨麾下协战，随后驻守苏州，原镇守的秀州改由刘光世接管。他提供的情报成为梁山军制定杭州攻城策略的关键依据，直接促成后续战役突破。该角色作为方腊阵营中较早归顺的将领，通过情报传递加速了梁山军对杭州的战略攻占，最终实现从方腊部将到宋军协从的身份转变。,[PERSON#589]是[PERSON#409]长篇小说[BOOK#22]及其衍生作品中的虚构人物，原为[PERSON#598]政权麾下将领，负责镇守[LOCATION#187]。在[PERSON#152]率军征讨[PERSON#598]期间，他因闻[PERSON#173]战死而主动开城投降，并献上[LOCATION#111]宁海军城的详细布防情报，包括[PERSON#545]麾下七万余兵力及[PERSON#288]、[PERSON#23]等二十八员将领的配置。投降后因其献城之功，[PERSON#589]被[PERSON#152]安抚并转投[PERSON#501]麾下协战，随后驻守[LOCATION#197]，原镇守的[LOCATION#187]改由[PERSON#88]接管。他提供的情报成为[LOCATION#752]军制定[LOCATION#111]攻城策略的关键依据，直接促成后续战役突破。该角色作为[PERSON#598]阵营中较早归顺的将领，通过情报传递加速了[LOCATION#752]军对[LOCATION#111]的战略攻占，最终实现从[PERSON#598]部将到宋军协从的身份转变。
PERSON#545,方天定,方腊,方天定是《水浒传》中江南方腊之子，受封太子、南安王，统领四大元帅与二十四将驻守杭州宁海军，兵力逾九万，于第114至115回登场。其部下分兵三路迎战宋江，调遣司行方、厉天闰、石宝各率三万军马支援德清州、独松关及迎敌主力，亲率余部守城。杭州城破时遭张顺冤魂附体的张横追杀，于五云山被斩首。方天定之死为书中罕见冤魂索命情节，与史文恭同属此类结局。该角色在2011年版电视剧中由刘亮饰演。,[PERSON#545]是[BOOK#22]中[LOCATION#130][PERSON#598]之子，受封太子、南安王，统领四大元帅与二十四将驻守[LOCATION#111]宁海军，兵力逾九万。其部下分兵三路迎战[PERSON#152]，调遣司行方、[PERSON#375]、[PERSON#288]各率三万军马支援[LOCATION#89]、[LOCATION#168]及迎敌主力，亲率余部守城。[LOCATION#111]城破时遭[PERSON#17]冤魂附体的[PERSON#688]追杀，于[LOCATION#17]被斩首。[PERSON#545]之死为书中罕见冤魂索命情节，与[PERSON#976]同属此类结局。
PERSON#291,廉明,方腊,廉明是古典小说《水浒传》中的虚构人物，为江南方腊阵营头领。该角色在原著中仅有战斗结局描写，于征讨方腊战役中被梁山好汉鲍旭斩杀。,[PERSON#291]是[BOOK#22]中的虚构人物，为[LOCATION#130][PERSON#598]阵营头领。该角色在原著中仅有战斗结局描写，于征讨[PERSON#598]战役中被[LOCATION#752]好汉[PERSON#583]斩杀。
PERSON#288,石宝,方腊,石宝，古典小说《水浒全传》中的人物。出场于第114至118回。福州人氏，南国四大元帅之一，被称为“南离大将军”，武器是劈风刀和流星锤。先后击杀梁山一百单八将的索超、邓飞、鲍旭、马麟、燕顺五人，还击败小温侯吕方，多次和关胜交手。后乌龙岭兵败，石宝怕被俘受辱，遂自刎而死。,[PERSON#288]，[BOOK#23]中的人物。[LOCATION#186]人氏，南国四大元帅之一，被称为“[PERSON#288]”，武器是劈风刀和流星锤。先后击杀[LOCATION#752]一百单八将的[PERSON#86]、[PERSON#358]、[PERSON#583]、[PERSON#916]、[PERSON#637]五人，还击败[PERSON#761][PERSON#761]，多次和[PERSON#702]交手。后[LOCATION#13]兵败，[PERSON#288]怕被俘受辱，遂自刎而死。
PERSON#583,鲍旭,梁山,鲍旭，古典名著《水浒传》中的人物。一百单八将之一，绰号“丧门神”。寇州人氏，原是枯树山寨主，后与李逵、焦挺结交，率部投靠梁山。梁山大聚义时，排第六十位，上应地暴星，担任步军将校，是李逵的副手。征方腊时战死于杭州，追封义节郎。,[PERSON#583]，绰号“[PERSON#583]”。[LOCATION#61]人氏，原是[LOCATION#115]寨主，后与[PERSON#614]、[PERSON#893]结交，率部投靠[LOCATION#752]。[LOCATION#752]大聚义时，排第六十位，上应地暴星，担任步军将校，是[PERSON#614]的副手。征[PERSON#598]时战死于[LOCATION#111]，追封义节郎。
PERSON#128,沈寿,方腊,沈寿是《水浒传》中的人物，为方腊麾下头领，官拜参政。负责协助管理政务军事事务。,[PERSON#128]是[BOOK#22]中的人物，为[PERSON#598]麾下头领，官拜参政。负责协助管理政务军事事务。
PERSON#571,徽宗,朝廷,"徽宗是宋徽宗赵佶（1082-1135）的庙号，为宋朝第八位皇帝，1100年即位至1126年退位。其庙号由南宋朝廷于1142年正式确立，在中国古代庙号体系中具有特殊地位：既承载帝王身份的政治象征，又因""靖康之变""被赋予负面评价的历史内涵。作为艺术成就最高的宋代帝王，他独创瘦金体书法，建立皇家绘画学院，推动《宣和画谱》编纂，形成诗书画印一体化的艺术体系。但在政治上重用奸佞、推行花石纲等举措导致北宋灭亡，形成'诸事皆能，独不能为君'的历史定论。","[PERSON#571]是[PERSON#571]（1082-1135）的庙号，为宋朝第八位皇帝，1100年即位至1126年退位。其庙号由南宋[LOCATION#753]于1142年正式确立，在中国古代庙号体系中具有特殊地位：既承载帝王身份的政治象征，又因""""靖康之变""""被赋予负面评价的历史内涵。作为艺术成就最高的宋代帝王，他独创瘦金体书法，建立皇家绘画学院，推动[BOOK#14]编纂，形成诗书画印一体化的艺术体系。但在政治上重用奸佞、推行花石纲等举措导致北宋灭亡，形成'诸事皆能，独不能为君'的历史定论。"
PERSON#441,小王都太尉,朝廷,小王都太尉是古典小说《水浒传》中的人物，身份为哲宗皇帝的妹夫、神宗皇帝的驸马，原型参照北宋驸马都尉王诜。其与端王赵佶（后登基为宋徽宗）交好。小苏学士将高俅推荐至小王都太尉府中担任亲随，后在其生辰宴上将玉龙笔架和镇纸狮子赠予端王。次日派高俅携玉器送至端王府，恰逢端王蹴鞠。高俅展示球技后被端王强留，小王都太尉应允转赠，自此高俅随侍端王身侧。该角色通过转赠亲随与珍宝，成为高俅发迹的关键纽带，其形象暗含对北宋权贵阶层趋利本质的讽喻。,[PERSON#441]是身份为哲宗皇帝的妹夫、神宗皇帝的驸马，原型参照北宋驸马都尉[PERSON#441]。其与[PERSON#571][PERSON#571]（后登基为[PERSON#571]）交好。小苏学士将[PERSON#974]推荐至[LOCATION#63]中担任亲随，后在其生辰宴上将玉龙笔架和镇纸狮子赠予[PERSON#571]。次日派[PERSON#974]携玉器送至[LOCATION#188]，恰逢[PERSON#571]蹴鞠。[PERSON#974]展示球技后被[PERSON#571]强留，[PERSON#441]应允转赠，自此[PERSON#974]随侍[PERSON#571]身侧。该角色通过转赠亲随与珍宝，成为[PERSON#974]发迹的关键纽带，其形象暗含对北宋权贵阶层趋利本质的讽喻。
PERSON#370,王进,朝廷,王进，古典小说《水浒传》中的人物，东京人氏，武师王升之子，原为八十万禁军教头。因父亲曾击伤未发迹的高俅，王进遭到得势的高俅报复，被迫携母逃离东京，在史家村收史进为徒，后投奔延安府。原型为北宋禁军将领，因得罪权贵逃至西北抗夏，后随种师中战死于太原战役。,[PERSON#370]，[LOCATION#2]人氏，武师[PERSON#640]之子，原为八十万禁军教头。因父亲曾击伤未发迹的[PERSON#974]，[PERSON#370]遭到得势的[PERSON#974]报复，被迫携母逃离[LOCATION#2]，在[LOCATION#37]收[PERSON#277]为徒，后投奔[LOCATION#81]。原型为北宋禁军将领，因得罪权贵逃至西北抗夏，后随种师中战死于太原战役。
PERSON#617,桓逸,方腊,桓逸是《水浒传》中江南方腊政权的文职官员，官拜佥书之职。他在原著第一百一十六回至一百一十七回中，与右丞相祖士远、参政沈寿共同负责睦州防务决策，曾执行引荐柴进等人觐见方腊的重要外交任务。宋江率军攻破睦州时，桓逸被宋军生擒并押解至杭州处决。作为方腊政权军事体系中的中级官员，桓逸在睦州防御体系中承担军政协调职能，其佥书职务具有衔接丞相府与前线将领的特殊作用。该角色的政治活动反映了方腊政权末期的组织运作特征。,[PERSON#617]是[BOOK#22]中[LOCATION#130][PERSON#598]政权的文职官员，官拜佥书之职。他在原著中，与右丞相[PERSON#784]、参政[PERSON#128]共同负责[LOCATION#183]防务决策，曾执行引荐[PERSON#605]等人觐见[PERSON#598]的重要外交任务。[PERSON#152]率军攻破[LOCATION#183]时，[PERSON#617]被宋军生擒并押解至[LOCATION#111]处决。作为[PERSON#598]政权军事体系中的中级官员，[PERSON#617]在[LOCATION#183]防御体系中承担军政协调职能，其佥书职务具有衔接丞相府与前线将领的特殊作用。该角色的政治活动反映了[PERSON#598]政权末期的组织运作特征。
PERSON#940,项充,梁山,项充，古典名著《水浒传》中的人物。一百单八将之一，绰号“八臂哪吒”。徐州沛县人氏，原为芒砀山副寨主，与樊瑞、李衮扬言要吞并梁山，结果遭到宋江的征剿，被公孙胜降服，遂归顺梁山。梁山大聚义时，排第六十四位，上应地飞星，担任步军将校。征方腊时战死于睦州，追封义节郎。,[PERSON#940]，绰号“[PERSON#940]”。[LOCATION#87]人氏，原为[LOCATION#194]副寨主，与[PERSON#958]、[PERSON#404]扬言要吞并[LOCATION#752]，结果遭到[PERSON#152]的征剿，被[PERSON#204]降服，遂归顺[LOCATION#752]。[LOCATION#752]大聚义时，排第六十四位，上应地飞星，担任步军将校。征[PERSON#598]时战死于[LOCATION#183]，追封义节郎。
PERSON#404,李衮,梁山,李衮，古典名著《水浒传》中的人物。一百单八将之一，绰号“飞天大圣”。邳县人氏，原为芒砀山副寨主，与樊瑞、项充扬言要吞并梁山，结果遭到宋江的征剿，被公孙胜降服，遂归顺梁山。梁山大聚义时，排第六十五位，上应地走星，担任步军将校。征方腊时战死于睦州，追封义节郎。,[PERSON#404]，绰号“[PERSON#404]”。[LOCATION#216]人氏，原为[LOCATION#194]副寨主，与[PERSON#958]、[PERSON#940]扬言要吞并[LOCATION#752]，结果遭到[PERSON#152]的征剿，被[PERSON#204]降服，遂归顺[LOCATION#752]。[LOCATION#752]大聚义时，排第六十五位，上应地走星，担任步军将校。征[PERSON#598]时战死于[LOCATION#183]，追封义节郎。
PERSON#764,曾涂,地方势力,曾涂，中国古典小说《水浒传》及其衍生作品中的人物。曾家五虎之首，自幼磨砺于极北苦寒，狩猎生涯铸就了其钢筋铁骨与非凡骑术，被誉为“山林虎射手，海冬青之敌”。他擅使点钢枪，枪法凌厉，师承名门，得史文恭亲传，苏定辅佐，武艺超群。初战梁山，他与吕方激战三十合，尽显威猛，迫使吕方戟法失序。后郭盛助战，二人双戟齐出，与曾涂枪影交错，激战正酣，此时花荣一箭精准而至，曾涂于掣枪瞬间中箭坠马，被吕、郭二人合力斩杀。,[PERSON#764]，中国[BOOK#22]及其衍生作品中的人物。曾家五虎之首，自幼磨砺于极北苦寒，狩猎生涯铸就了其钢筋铁骨与非凡骑术，被誉为“山林虎射手，海冬青之敌”。他擅使点钢枪，枪法凌厉，师承名门，得[PERSON#976]亲传，[PERSON#611]辅佐，武艺超群。初战[LOCATION#752]，他与[PERSON#761]激战三十合，尽显威猛，迫使[PERSON#761]戟法失序。后[PERSON#298]助战，二人双戟齐出，与[PERSON#764]枪影交错，激战正酣，此时[PERSON#399]一箭精准而至，[PERSON#764]于掣枪瞬间中箭坠马，被吕、郭二人合力斩杀。
PERSON#490,丘小乙,地方势力,丘小乙，古典小说《水浒传》中的人物，绰号“飞天夜叉”。该角色与生铁佛崔道成合谋假扮僧道，强占瓦罐寺并驱赶僧众、掳掠妇女。鲁智深途经瓦罐寺时揭露其恶行，初战因饥困暂退。后与史进联手再攻，丘小乙协助崔道成对抗，最终被史进杀死。其恶行与结局直接推动鲁智深火烧瓦罐寺、继续流亡的情节发展。丘小乙作为地方恶势力代表，其道士身份与强盗行径的结合，体现《水浒传》对欺压百姓之徒的批判视角。该人物设定与崔道成覆灭事件，构成小说通过暴力手段彰显“忠义”主题的叙事支点。,[PERSON#490]，绰号“[PERSON#490]”。该角色与[PERSON#419][PERSON#419]合谋假扮僧道，强占[LOCATION#175]并驱赶僧众、掳掠妇女。[PERSON#532]途经[LOCATION#175]时揭露其恶行，初战因饥困暂退。后与[PERSON#277]联手再攻，[PERSON#490]协助[PERSON#419]对抗，最终被[PERSON#277]杀死。其恶行与结局直接推动[PERSON#532]火烧[LOCATION#175]、继续流亡的情节发展。[PERSON#490]作为地方恶势力代表，其道士身份与强盗行径的结合，体现[BOOK#22]对欺压[PERSON#1004]之徒的批判视角。该人物设定与[PERSON#419]覆灭事件，构成小说通过暴力手段彰显“忠义”主题的叙事支点。
PERSON#187,李四,百姓,李四是《水浒传》中的人物，北宋时期活跃于东京酸枣门外大相国寺菜园附近的泼皮之一，与过街老鼠张三是好友兼搭档，带着众泼皮结成团伙常以偷盗菜蔬为生。鲁智深接管菜园后，李四等人试图戏弄对方引发事端，反被鲁智深倒拔垂杨柳的举动震慑，最终与张三一同拜鲁智深为师。这一情节生动展现了市井阶层对强者的敬畏心理。,[PERSON#187]是[BOOK#22]中的人物，北宋时期活跃于[LOCATION#4][LOCATION#3]菜园附近的泼皮之一，与[PERSON#332][PERSON#332]是好友兼搭档，带着众泼皮结成团伙常以偷盗菜蔬为生。[PERSON#532]接管菜园后，[PERSON#187]等人试图戏弄对方引发事端，反被[PERSON#532]倒拔垂杨柳的举动震慑，最终与[PERSON#332]一同拜[PERSON#532]为师。这一情节生动展现了市井阶层对强者的敬畏心理。
PERSON#330,李立,梁山,李立，古典名著《水浒传》中的人物。一百单八将之一，绰号“催命判官”。江州人氏，在揭阳岭开黑店为生，与李俊同为当地一霸。后参与营救宋江，大闹江州，是白龙庙二十九英雄之一。梁山大聚义时，排第九十六位，上应地奴星，担任北山酒店掌店头领。征方腊时战死于清溪县，追封义节郎。,[PERSON#330]，绰号“[PERSON#330]”。[LOCATION#131]人氏，在[LOCATION#97]开黑店为生，与[PERSON#66]同为当地一霸。后参与营救[PERSON#152]，大闹[LOCATION#131]，是[LOCATION#179]二十九英雄之一。[LOCATION#752]大聚义时，排第九十六位，上应地奴星，担任北山酒店掌店头领。征[PERSON#598]时战死于[LOCATION#157]，追封义节郎。
PERSON#543,扈三娘,梁山,扈三娘，古典小说《水浒传》中的人物。一百单八将之一，绰号“一丈青”，是梁山三位女将之一。独龙冈扈家庄扈太公的女儿，与祝家庄的祝彪订亲，宋江攻打祝家庄时，扈家庄派兵救援祝家庄，扈三娘于阵前俘获了梁山的王英，自己被林冲所擒。宋江派人连夜将她送上梁山，交给其父宋太公看管。三打祝家庄后，她成了宋江的义妹，被指婚给王英，成为梁山一员女将。梁山大聚义时，排名第五十九，星号地慧星（或地彗星），与丈夫王英共同担任“专掌三军内探事马军头领”。梁山受招安后，南征北战，征讨方腊时，见丈夫王英落马，扈三娘前往接应，也被方腊部下郑彪用金铜砖打中面门，落马身亡。追封花阳郡夫人。,[PERSON#543]，绰号“[PERSON#543]”，是[LOCATION#752]三位女将之一。[LOCATION#170][LOCATION#92]扈太公的女儿，与[LOCATION#185]的[PERSON#698]订亲，[PERSON#152]攻打[LOCATION#185]时，[LOCATION#92]派兵救援[LOCATION#185]，[PERSON#543]于阵前俘获了[LOCATION#752]的[PERSON#422]，自己被[PERSON#699]所擒。[PERSON#152]派人连夜将她送上[LOCATION#752]，交给其父[PERSON#588]看管。三打[LOCATION#185]后，她成了[PERSON#152]的义妹，被指婚给[PERSON#422]，成为[LOCATION#752]一员女将。[LOCATION#752]大聚义时，排名第五十九，星号地慧星（或地彗星），与丈夫[PERSON#422]共同担任“专掌三军内探事马军头领”。[LOCATION#752]受招安后，南征北战，征讨[PERSON#598]时，见丈夫[PERSON#422]落马，[PERSON#543]前往接应，也被[PERSON#598]部下[PERSON#273]用金铜砖打中面门，落马身亡。追封花阳郡夫人。
PERSON#178,王定,朝廷,定，古典小说《水浒传》中的人物。首次登场于原著第六十三回。北京大名府守军将领。梁山攻打北京城时，王定作为索超麾下首将率马军冲锋，后受梁中书派遣，携密信赴东京向蔡京求援，陈述战况危急，催促发兵未果，退下。此后未再出现。,定。[LOCATION#30]守军将领。[LOCATION#752]攻打[LOCATION#30]时，[PERSON#178]作为[PERSON#86]麾下首将率马军冲锋，后受[PERSON#116]派遣，携密信赴[LOCATION#2]向[PERSON#369]求援，陈述战况危急，催促发兵未果，退下。此后未再出现。
PERSON#560,白秀英,百姓,白秀英，古典小说《水浒传》及其衍生作品中的人物，由王雯婷饰演。原为东京打踅行院艺人，因与郓城新知县有旧交，遂至当地开设勾栏表演歌舞吹弹，以《豫章城双渐赶苏卿》等话本吸引观众，被描述为“色艺双绝”。都头雷横观演时未带银两，遭其父白玉乔辱骂后引发肢体冲突。白秀英借知县权势将雷横枷号示众，后又当众殴打前来送饭的雷母，导致雷横怒用刑枷将其击杀。该事件直接引发雷横入狱，最终被朱仝私放后投奔梁山。白秀英之死作为雷横人生转折的关键事件。其表演形式涉及宋元话本题目演变特征，招牌采用长名与短名并用的形式。,[PERSON#560]，[BOOK#22]及其衍生作品中的人物。原为[LOCATION#2]打踅行院艺人，因与[LOCATION#219]新知县有旧交，遂至当地开设勾栏表演歌舞吹弹，以[BOOK#34]等话本吸引观众，被描述为“色艺双绝”。[PERSON#18][PERSON#303]观演时未带银两，遭其父[PERSON#214]辱骂后引发肢体冲突。[PERSON#560]借知县权势将[PERSON#303]枷号示众，后又当众殴打前来送饭的雷母，导致[PERSON#303]怒用刑枷将其击杀。该事件直接引发[PERSON#303]入狱，最终被[PERSON#142]私放后投奔[LOCATION#752]。[PERSON#560]之死作为[PERSON#303]人生转折的关键事件。其表演形式涉及宋元话本题目演变特征，招牌采用长名与短名并用的形式。
PERSON#214,白玉乔,百姓,"白玉乔是古典小说《水浒传》中的虚构人物，北宋东京（今河南开封）人，老生形象，着装为“裹着磕脑儿头巾，穿着一领茶褐罗衫，系一条皂绦，拿把扇子”，以在郓城县勾栏卖艺为生，其女白秀英为表演搭档。白玉乔在表演收钱时以""按喝""动作示意暂停喝彩，因雷横观戏未带赏钱，当众以""也不看是城里人村里人""等语辱骂对方，引发雷横将其殴打至唇绽齿落。其后白秀英通过知县关系将雷横枷号示众，雷横母亲送饭时遭白秀英辱骂，雷横愤而用枷打死白秀英。白玉乔持续要求官府判雷横死罪，导致案件被上报州府，最终引发朱仝私放雷横等后续情节。","[PERSON#214]是[BOOK#22]中的虚构人物，北宋[LOCATION#2]（今[LOCATION#145]）人，老生形象，着装为“裹着磕脑儿头巾，穿着一领茶褐罗衫，系一条皂绦，拿把扇子”，以在[LOCATION#219]县勾栏卖艺为生，其女[PERSON#560]为表演搭档。[PERSON#214]在表演收钱时以""""按喝""""动作示意暂停喝彩，因[PERSON#303]观戏未带赏钱，当众以""""也不看是城里人村里人""""等语辱骂对方，引发[PERSON#303]将其殴打至唇绽齿落。其后[PERSON#560]通过知县关系将[PERSON#303]枷号示众，[PERSON#303]母亲送饭时遭[PERSON#560]辱骂，[PERSON#303]愤而用枷打死[PERSON#560]。[PERSON#214]持续要求官府判[PERSON#303]死罪，导致案件被上报州府，最终引发[PERSON#142]私放[PERSON#303]等后续情节。"
PERSON#746,殷天锡,地方势力,殷天锡是《水浒传》中的虚构人物，为高唐州知州高廉的妻弟。他依仗权势强占柴进叔父柴皇城的花园，并殴打柴皇城致其病重身亡。当柴进携带丹书铁券前来理论时，殷天锡仍蛮横逼迫，并欲殴打柴进，最终被随行的李逵当场打死。该事件直接导致柴进被高廉构陷入狱，成为梁山好汉攻打高唐州的导火索。,[PERSON#746]，为[LOCATION#239]知州[PERSON#489]的妻弟。他依仗权势强占[PERSON#605]叔父柴皇城的花园，并殴打柴皇城致其病重身亡。当[PERSON#605]携带丹书铁券前来理论时，[PERSON#746]仍蛮横逼迫，并欲殴打[PERSON#605]，最终被随行的[PERSON#614]当场打死。该事件直接导致[PERSON#605]被[PERSON#489]构陷入狱，成为[LOCATION#752]好汉攻打[LOCATION#239]的导火索。
PERSON#454,韩伯龙,地方势力,韩伯龙是元代杂剧《梁山五虎大劫牢》与小说《水浒传》中的虚构角色，于百二十回本《水浒传》第六十七回首次出场。该角色在两部作品中呈现不同命运：元杂剧中因梁山李应设计被诱骗入伙，最终家破人亡被迫上山；《水浒传》中作为未正式入伙的准梁山成员，在朱贵引荐下暂居梁山附近经营酒店，因向吃白食的李逵自报身份被其用板斧砍杀。研究者发现元杂剧中韩伯龙“三请上山”的情节被移植至卢俊义故事线，其铁棒武器在小说中转移给栾廷玉。该角色在《水浒传》中虽属冗余情节，但通过李逵误杀事件折射出梁山集团排外性及江湖规则的残酷性，其悲剧结局被认为象征“未入籍好汉”的虚名困境。,[PERSON#454]是元代杂剧[BOOK#21]与小说[BOOK#22]中的虚构角色。该角色在两部作品中呈现不同命运：元杂剧中因[LOCATION#752][PERSON#472]设计被诱骗入伙，最终家破人亡被迫上山；[BOOK#22]中作为未正式入伙的准[LOCATION#752]成员，在[PERSON#427]引荐下暂居[LOCATION#752]附近经营酒店，因向吃白食的[PERSON#614]自报身份被其用板斧砍杀。研究者发现元杂剧中[PERSON#454]“三请上山”的情节被移植至[PERSON#156]故事线，其[PERSON#667]武器在小说中转移给[PERSON#667]。该角色在[BOOK#22]中虽属冗余情节，但通过[PERSON#614]误杀事件折射出[LOCATION#752]集团排外性及江湖规则的残酷性，其悲剧结局被认为象征“未入籍好汉”的虚名困境。
PERSON#800,祝龙,地方势力,"祝龙，古典小说《水浒传》中的人物。祝家庄庄主祝朝奉长子，与其弟祝虎、祝彪并称""祝氏三杰""，师从铁棒栾廷玉。他自幼习武，惯用大刀且骑射娴熟，性格傲慢自负。梁山三打祝家庄期间，他曾试图以心理战术瓦解梁山将领杨林的忠诚。最终在撤退时被李逵砍杀。","[PERSON#800]，[LOCATION#185]庄主[PERSON#32]长子，与其弟[PERSON#845]、[PERSON#698]并称""""祝氏三杰""""，师从[PERSON#667][PERSON#667]。他自幼习武，惯用[PERSON#702]且骑射娴熟，性格傲慢自负。[LOCATION#752]三打[LOCATION#185]期间，他曾试图以心理战术瓦解[LOCATION#752]将领[PERSON#717]的忠诚。最终在撤退时被[PERSON#614]砍杀。"
PERSON#549,钟离老人,百姓,钟离老人是《水浒传》中的虚构人物，复姓钟离，山东祝家庄村民，首次登场于第四十六回“宋公明一打祝家庄”。其身份为普通乡民，因向梁山好汉石秀透露祝家庄盘陀路的破解之法而成为关键角色。石秀初探祝家庄时伪装卖柴人，钟离老人不仅告知“遇白杨树转弯即为活路”，还详细解说庄内防御布局，并为其提供饮食。宋江攻破祝家庄后欲屠庄，石秀以钟离老人相助之事劝谏，最终全庄免于劫难。老人获赠金帛粮米，并被指定为赈济物资的发放者。其善举既促成梁山破庄的战略转折，也间接保全村民性命，展现乱世中平民的生存智慧。该角色虽着墨不多，却在情节推进中起到关键作用。金圣叹批注指出其善行反衬宋江的伪善，而通过其视角对扈三娘武艺的侧面描写，亦为后续人物出场铺垫。其命运结局与情节设计共同体现了《水浒传》对市井智慧及底层角色的刻画。,[PERSON#549]，复姓[PERSON#368]，[LOCATION#65][LOCATION#185]村民，首次登场于“[PERSON#152]一打[LOCATION#185]”。其身份为普通乡民，因向[LOCATION#752]好汉[PERSON#622]透露[LOCATION#185]盘陀路的破解之法而成为关键角色。[PERSON#622]初探[LOCATION#185]时伪装卖柴人，[PERSON#549]不仅告知“遇白杨树转弯即为活路”，还详细解说庄内防御布局，并为其提供饮食。[PERSON#152]攻破[LOCATION#185]后欲屠庄，[PERSON#622]以[PERSON#549]相助之事劝谏，最终全庄免于劫难。老人获赠金帛粮米，并被指定为赈济物资的发放者。其善举既促成[LOCATION#752]破庄的战略转折，也间接保全村民性命，展现乱世中平民的生存智慧。该角色虽着墨不多，却在情节推进中起到关键作用。金圣叹批注指出其善行反衬[PERSON#152]的伪善，而通过其视角对[PERSON#543]武艺的侧面描写，亦为后续人物出场铺垫。其命运结局与情节设计共同体现了[BOOK#22]对市井智慧及底层角色的刻画。
PERSON#422,王英,梁山,王英，古典名著《水浒传》中的人物。一百单八将之一，绰号“矮脚虎”。两淮人氏，车夫出身。原为清风山二寨主，因救助宋江，大闹青州，而到梁山入伙。三打祝家庄后娶扈三娘为妻。梁山大聚义时，排第五十八位，上应“地微星”，职司为专掌三军内探事马军头领。征方腊时战死于睦州，追封义节郎。,[PERSON#422]，绰号“[PERSON#422]”。两淮人氏，车夫出身。原为[LOCATION#160]二寨主，因救助[PERSON#152]，大闹[LOCATION#234]，而到[LOCATION#752]入伙。三打[LOCATION#185]后娶[PERSON#543]为妻。[LOCATION#752]大聚义时，排第五十八位，上应“地微星”，职司为专掌三军内探事马军头领。征[PERSON#598]时战死于[LOCATION#183]，追封义节郎。
PERSON#266,毛仲义,地方势力,"毛仲义是明代长篇小说《水浒传》中的虚构人物，在第四十九回""解珍解宝双越狱""中登场，为登州地主毛太公之子。作为地方豪强代表，毛仲义与父亲合谋抢占解珍、解宝兄弟猎获的老虎。他假意调解纠纷，将兄弟二人诱入庄院后指使差役拘捕，反诬对方抢劫财物，并通过官府坐实罪名。此举引发顾大嫂、孙新等人策划劫狱，最终梁山好汉在营救过程中诛灭毛氏全家。这一角色通过构陷猎户的卑劣行径，展现了地主阶级对底层民众的压迫。其被诛杀的结局不仅推动了解氏兄弟投奔梁山的情节发展，也折射出原著""官逼民反""的核心主题。","[PERSON#266]是明代长篇小说[BOOK#22]中的虚构人物，于""""[PERSON#318][PERSON#677]双越狱""""中登场，为[LOCATION#177]地主[PERSON#95]之子。作为地方豪强代表，[PERSON#266]与父亲合谋抢占[PERSON#318]、[PERSON#677]兄弟猎获的老虎。他假意调解纠纷，将兄弟二人诱入庄院后指使差役拘捕，反诬对方抢劫财物，并通过官府坐实罪名。此举引发[PERSON#300]、[PERSON#348]等人策划劫狱，最终[LOCATION#752]好汉在营救过程中诛灭毛氏全家。这一角色通过构陷猎户的卑劣行径，展现了地主阶级对底层民众的压迫。其被诛杀的结局不仅推动了解氏兄弟投奔[LOCATION#752]的情节发展，也折射出原著""""官逼民反""""的核心主题。"
PERSON#58,邹渊,梁山,邹渊，古典名著《水浒传》中的人物。一百单八将之一，绰号“出林龙”。原是登云山寨主，后与孙新等人劫狱反登州，又参与卧底祝家庄，入伙梁山。梁山大聚义时，排第九十位，上应地短星，职司为步军将校。征方腊时战死于清溪县，追封义节郎。,[PERSON#58]，绰号“[PERSON#58]”。原是[LOCATION#176]寨主，后与[PERSON#348]等人劫狱反[LOCATION#177]，又参与卧底[LOCATION#185]，入伙[LOCATION#752]。[LOCATION#752]大聚义时，排第九十位，上应地短星，职司为步军将校。征[PERSON#598]时战死于[LOCATION#157]，追封义节郎。
PERSON#817,龚旺,梁山,龚旺，古典名著《水浒传》中的人物。一百单八将之一，因有虎斑和虎头纹身，绰号“花项虎”。原是东昌府守将张清的副将。卢俊义攻打东昌府失败，宋江前去支援，龚旺被林冲、花荣活捉，归降梁山。梁山大聚义时，排第七十八位，上应地捷星，任步军将校。征方腊过程中被乱枪戳死，追封义节郎。,[PERSON#817]，因有虎斑和虎头纹身，绰号“[PERSON#817]”。原是[LOCATION#7]守将[PERSON#786]的副将。[PERSON#156]攻打[LOCATION#7]失败，[PERSON#152]前去支援，[PERSON#817]被[PERSON#699]、[PERSON#399]活捉，归降[LOCATION#752]。[LOCATION#752]大聚义时，排第七十八位，上应地捷星，任步军将校。征[PERSON#598]过程中被乱枪戳死，追封义节郎。
PERSON#33,皇甫端,梁山,皇甫端，古典名著《水浒传》中的人物。一百单八将之一，生得碧眼黄须，绰号“紫髯伯”。祖籍幽州，原是东昌府的兽医，与张清交好。宋江攻下东昌府后，张清归顺梁山，向宋江推荐了皇甫端。皇甫端从此成为了梁山好汉的一员。梁山大聚义时，排第五十七位，上应地兽星，负责“掌管专攻医兽一应马匹”。征方腊前被宋徽宗留在东京，后受封御马监大使。皇甫端是《水浒传》全书最后出场的梁山好汉。,[PERSON#33]，生得碧眼黄须，绰号“[PERSON#33]”。祖籍[LOCATION#75]，原是[LOCATION#7]的兽医，与[PERSON#786]交好。[PERSON#152]攻下[LOCATION#7]后，[PERSON#786]归顺[LOCATION#752]，向[PERSON#152]推荐了[PERSON#33]。[PERSON#33]从此成为了[LOCATION#752]好汉的一员。[LOCATION#752]大聚义时，排第五十七位，上应地兽星，负责“掌管专攻医兽一应马匹”。征[PERSON#598]前被[PERSON#571]留在[LOCATION#2]，后受封御马监大使。[PERSON#33]是[BOOK#22]全书最后出场的[LOCATION#752]好汉。
PERSON#135,李瑞兰,百姓,李瑞兰，又名李睡兰，是古典小说《水浒传》中的虚构人物，北宋东平府西瓦子娼妓，以容貌出众著称。其姓名在金圣叹批改本中存在版本差异，记为李睡兰。史进曾因与李瑞兰交往密切，在宋江攻打东平府时自荐潜入其家作内应，却遭李瑞兰与家人合谋告发，导致史进被程太守下狱拷打。后宋江攻破城池救出史进，李瑞兰全家最终被复仇的史进尽数斩杀。该人物命运转折集中展现于《水浒传》第六十九回，其背叛行为直接引发梁山破城行动，最终落得满门被灭的结局。,[PERSON#135]，又名[PERSON#135]，是[BOOK#22]中的虚构人物，北宋[LOCATION#6][LOCATION#210]娼妓，以容貌出众著称。其姓名在金圣叹批改本中存在版本差异，记为[PERSON#135]。[PERSON#277]曾因与[PERSON#135]交往密切，在[PERSON#152]攻打[LOCATION#6]时自荐潜入其家作内应，却遭[PERSON#135]与家人合谋告发，导致[PERSON#277]被[PERSON#700]下狱拷打。后[PERSON#152]攻破城池救出[PERSON#277]，[PERSON#135]全家最终被复仇的[PERSON#277]尽数斩杀。该人物命运在书中发生转折，其背叛行为直接引发[LOCATION#752]破城行动，最终落得满门被灭的结局。
PERSON#474,任原,地方势力,任原，古典小说《水浒传》中的虚构人物，绰号擎天柱，太原府人氏，身长一丈，以相扑技艺闻名。他在泰安州东岳庙设擂两年，自称“相扑世间无对手，争跤天下我为魁”，擂台两侧题写“拳打南山猛虎，脚踢北海苍龙”的楹联。任原因燕青挑战而首次落败。燕青假扮货郎登台，识破其虚招后，以“鹁鸽旋”招式将其摔下擂台。任原败北后，其徒众哄抢利物引发混乱，黑旋风李逵趁机用石板将其击杀。该事件成为梁山好汉燕青、李逵遭官兵围捕的重要导火索。作为展现燕青机敏武艺的反面角色，任原的骄横与败亡既凸显了梁山好汉反抗权威的主题，也推动了原著与影视改编中关键情节的发展。,[PERSON#474]，[BOOK#22]中的虚构人物，绰号[PERSON#474]，[LOCATION#45]人氏，身长一丈，以相扑技艺闻名。他在[LOCATION#148][LOCATION#5]设擂两年，自称“相扑世间无对手，争跤天下我为魁”，擂台两侧题写“拳打南山猛虎，脚踢北海苍龙”的楹联。[PERSON#474]因[PERSON#350]挑战而首次落败。[PERSON#350]假扮货郎登台，识破其虚招后，以“鹁鸽旋”招式将其摔下擂台。[PERSON#474]败北后，其徒众哄抢利物引发混乱，[PERSON#614][PERSON#614]趁机用石板将其击杀。该事件成为[LOCATION#752]好汉[PERSON#350]、[PERSON#614]遭官兵围捕的重要导火索。作为展现[PERSON#350]机敏武艺的反面角色，[PERSON#474]的骄横与败亡既凸显了[LOCATION#752]好汉反抗权威的主题，也推动了原著与影视改编中关键情节的发展。
PERSON#651,金大坚,梁山,金大坚，古典名著《水浒传》中的人物。一百单八将之一，绰号“玉臂匠”。济州人氏，善于雕刻印记。他与萧让制造救出宋江的假信，却因审查失误差点断送了宋江和戴宗的性命。后留在梁山。梁山大聚义时，排第六十六位，上应地巧星，负责制造兵符印信。征方腊前被皇帝留用，在内府御宝监为官。,[PERSON#651]，绰号“[PERSON#651]”。[LOCATION#149]人氏，善于雕刻印记。他与[PERSON#42]制造救出[PERSON#152]的假信，却因审查失误差点断送了[PERSON#152]和[PERSON#968]的性命。后留在[LOCATION#752]。[LOCATION#752]大聚义时，排第六十六位，上应地巧星，负责制造兵符印信。征[PERSON#598]前被皇帝留用，在内府御宝监为官。
PERSON#239,陈翥,朝廷,陈翥，古典小说《水浒传》中的人物。郑州兵马都监，白袍银甲，善使大杆刀。他随童贯征讨梁山，作为副先锋与梁山五虎将之一的秦明对战二十余合，最终被秦明击中天灵盖阵亡。,[PERSON#239]，[LOCATION#218]兵马都监，白袍银甲，善使大杆刀。他随[PERSON#398]征讨[LOCATION#752]，作为副先锋与[LOCATION#752]五虎将之一的[PERSON#253]对战二十余合，最终被[PERSON#253]击中天灵盖阵亡。
PERSON#255,荆忠,朝廷,荆忠是《水浒传》中高俅统领的十节度使成员，作为朝廷精锐部队将领参与征讨梁山的战役。在第七十八回首次交战中，荆忠被梁山五虎将之一的呼延灼击杀，该情节展现了高俅征剿梁山失败的重要转折。其作为十节度使成员参与征剿梁山战役，体现了小说对历史背景的考据。,[PERSON#255]是[BOOK#22]中[PERSON#974]统领的十节度使成员，作为[LOCATION#753]精锐部队将领参与征讨[LOCATION#752]的战役。在首次交战中，[PERSON#255]被[LOCATION#752]五虎将之一的[PERSON#434]击杀，该情节展现了[PERSON#974]征剿[LOCATION#752]失败的重要转折。其作为十节度使成员参与征剿[LOCATION#752]战役，体现了小说对历史背景的考据。
PERSON#832,蔡九知府,朝廷,蔡九知府是古典小说《水浒传》中的人物，任江州知府，为当朝太师蔡京之子。因受通判黄文炳教唆，他以谋反罪抓捕题写反诗的宋江，并囚禁替梁山泊传信的戴宗，最终在法场行刑时被晁盖、李逵等梁山好汉劫场救走。,[PERSON#832]是任[LOCATION#131]知府，为当朝太师[PERSON#369]之子。因受通判[PERSON#952]教唆，他以谋反罪抓捕题写反诗的[PERSON#152]，并囚禁替[LOCATION#752]传信的[PERSON#968]，最终在法场行刑时被[PERSON#959]、[PERSON#614]等[LOCATION#752]好汉劫场救走。
PERSON#505,徐京,朝廷,"徐京是《水浒传》中受招安成为朝廷节度使的典型形象。原为绿林出身，官拜上党太原节度使，位列围剿梁山的十节度使阵营。在第七十九回中，他凭借江湖阅历向高俅举荐军事参谋闻焕章，展现出对兵机韬略的敏锐判断。其角色设定与宋代话本《徐京落草》存在渊源，武器选择关联宋代军事背景与赵匡胤""一条杆棒打四百军州""的叙事传统。","[PERSON#505]是[BOOK#22]中受招安成为[LOCATION#753]节度使的典型形象。原为绿林出身，官拜上党太原节度使，位列围剿[LOCATION#752]的十节度使阵营。在书中，他凭借江湖阅历向[PERSON#974]举荐军事参谋[PERSON#678]，展现出对兵机韬略的敏锐判断。其角色设定与宋代话本[BOOK#15]存在渊源，武器选择关联宋代军事背景与[PERSON#267]""""一条杆棒打四百军州""""的叙事传统。"
PERSON#188,党世雄,朝廷,党世雄原为高俅帐下统制官，与其兄长党世英同列牙将。高俅征讨梁山泊时，党世雄受命率三千精兵协助刘梦龙统领的水军作战。其部在梁山泊芦苇荡水域遭遇阮小二、张横等梁山将领伏击，党世雄在混战中弃船跳水逃生，最终被张横活捉并押解至水浒寨。此次战役作为高俅水陆并进战略的重要环节，以官军全面溃败告终。,[PERSON#188]原为[PERSON#974]帐下统制官，与其兄长党世英同列牙将。[PERSON#974]征讨[LOCATION#752]时，[PERSON#188]受命率三千精兵协助[PERSON#723]统领的水军作战。其部在[LOCATION#752][LOCATION#195]遭遇[PERSON#949]、[PERSON#688]等[LOCATION#752]将领伏击，[PERSON#188]在混战中弃船跳水逃生，最终被[PERSON#688]活捉并押解至[LOCATION#129]。此次战役作为[PERSON#974]水陆并进战略的重要环节，以官军全面溃败告终。
PERSON#197,叶春,朝廷,"叶春是《水浒传》中高俅阵营的造船技师，其核心情节见于第七十九至八十回的""三败高俅""战役。该人物以""高手匠人""形象出现，受高俅委任设计建造海鳅船，该船型安装二十四部水车动力系统，配备竹笆防护与弩楼装置，可载数百人作战。在具体职务上，叶春被授予""监造战船都作头""职位，负责战船建造的技术监管。虽然其所造战船最终被梁山好汉破坏，但其设计体现了宋代工场手工业的技术特征，成为论证《水浒传》反映市民阶级技术能力的重要文学案例。","[PERSON#197]是[BOOK#22]中[PERSON#974]阵营的造船技师，其核心情节见于书中的""""三败[PERSON#974]""""战役。该人物以""""高手匠人""""形象出现，受[PERSON#974]委任设计建造海鳅船，该船型安装二十四部水车动力系统，配备竹笆防护与弩楼装置，可载数百人作战。在具体职务上，[PERSON#197]被授予""""监造战船都作头""""职位，负责战船建造的技术监管。虽然其所造战船最终被[LOCATION#752]好汉破坏，但其设计体现了宋代工场手工业的技术特征，成为论证[BOOK#22]反映市民阶级技术能力的重要文学案例。"
PERSON#182,阿里奇,辽国,阿里奇是古典名著《水浒传》中辽国上将，北宋宣和年间镇守檀州密云县。其人身长九尺，面白唇红，身着连环镔铁铠，手持梨花点钢枪，坐骑银色拳花马，被形容为“力敌万人”的猛将。宋江率梁山军征辽时，阿里奇作为守将出战，三十余回合击退梁山八骠骑之一的金枪手徐宁。追击过程中遭没羽箭张清飞石击中左眼，坠马后被林冲等擒获，因伤势过重身亡。其兵甲装备后被赐予张清。原著通过“交锋时下一身亡”等诗文，刻画其勇猛善战却终败于暗算的悲剧命运。其三十回合击败徐宁的战绩，印证了高于梁山五虎将的武力层级，成为梁山征辽战役中的重要对手。,[PERSON#182]是[BOOK#22]中[LOCATION#213]上将，北宋宣和年间镇守[LOCATION#125][LOCATION#60]。其人身长九尺，面白唇红，身着连环镔铁铠，手持梨花点钢枪，坐骑银色拳花马，被形容为“力敌万人”的猛将。[PERSON#152]率[LOCATION#752]军征辽时，[PERSON#182]作为守将出战，三十余回合击退[LOCATION#752]八骠骑之一的[PERSON#336][PERSON#336]。追击过程中遭[PERSON#786][PERSON#786]飞石击中左眼，坠马后被[PERSON#699]等擒获，因伤势过重身亡。其兵甲装备后被赐予[PERSON#786]。原著通过“交锋时下一身亡”等诗文，刻画其勇猛善战却终败于暗算的悲剧命运。其三十回合击败[PERSON#336]的战绩，印证了高于[LOCATION#752]五虎将的武力层级，成为[LOCATION#752]征辽战役中的重要对手。
PERSON#236,楚明玉,辽国,楚明玉是《水浒传》中辽国檀州守将洞仙侍郎麾下四员猛将之一。在宋江征辽的檀州战役中，楚明玉先后经历出城迎战梁山军遭张清飞石破敌、奉命抢夺粮船遭遇伏击两次关键作战。最终在檀州失守后，与曹明济一同被史进斩杀于征辽战场。,[PERSON#236]是[BOOK#22]中[LOCATION#213][LOCATION#125]守将[PERSON#258]麾下四员猛将之一。在[PERSON#152]征辽的[LOCATION#125]战役中，[PERSON#236]先后经历出城迎战[LOCATION#752]军遭[PERSON#786]飞石破敌、奉命抢夺粮船遭遇伏击两次关键作战。最终在[LOCATION#125]失守后，与[PERSON#373]一同被[PERSON#277]斩杀于征辽战场。
PERSON#258,洞仙侍郎,辽国,洞仙侍郎是《水浒传》中辽国军事将领，以镇守檀州为核心职责，在宋江率军攻打蓟州时，他与咬儿惟康等人一同作战，最终因寡不敌众而败退，逃往幽州。他麾下拥有阿里奇、咬儿惟康等四员猛将，曾率部在檀州与宋江军队激战。檀州战役中，其副将阿里奇被张清击杀，洞仙侍郎退守城池后因宋军水陆夹击溃败，最终弃城逃亡时被关胜、林冲拦截。退至蓟州后，他协同御弟大王耶律得重继续抵抗，但在梁山军的强力攻势下再次败退，最终逃往幽州。,[PERSON#258]是[BOOK#22]中[LOCATION#213]军事将领，以镇守[LOCATION#125]为核心职责，在[PERSON#152]率军攻打[LOCATION#202]时，他与[PERSON#407]等人一同作战，最终因寡不敌众而败退，逃往[LOCATION#75]。他麾下拥有[PERSON#182]、[PERSON#407]等四员猛将，曾率部在[LOCATION#125]与[PERSON#152]军队激战。[LOCATION#125]战役中，其副将[PERSON#182]被[PERSON#786]击杀，[PERSON#258]退守城池后因宋军水陆夹击溃败，最终弃城逃亡时被[PERSON#702]、[PERSON#699]拦截。退至[LOCATION#202]后，他协同[PERSON#296][PERSON#296]继续抵抗，但在[LOCATION#752]军的强力攻势下再次败退，最终逃往[LOCATION#75]。
PERSON#672,耶律国珍,辽国,耶律国珍是古典小说《水浒传》中的虚构人物，辽国皇室成员，皇帝之侄，与其弟耶律国宝同为辽国上将，有万夫不当之勇。在原著第八十三回中，奉命率万余辽兵驰援被宋江围困的檀州。他持丈二绿沉枪与梁山将领董平展开激烈交锋，两人鏖战五十余回合未分胜负，后因胞弟耶律国宝鸣金收兵而分神，被董平抓住破绽刺死。其弟欲救援时遭张清飞石击杀，兄弟阵亡后辽军溃败，宋军缴获大量战马器械。此战成为梁山征辽的关键胜利之一，为后续攻破檀州奠定基础。耶律国珍的阵亡既展现了其自身武艺与董平相仿的作战能力，也侧面印证了梁山将领的战场应变能力。其金冠锁甲、骑银鬃马的武将形象通过原著服饰描写得以具象呈现。,[PERSON#672]是[BOOK#22]中的虚构人物，[LOCATION#213]皇室成员，皇帝之侄，与其弟[PERSON#654]同为[LOCATION#213]上将，有万夫不当之勇。在原著中，奉命率万余辽兵驰援被[PERSON#152]围困的[LOCATION#125]。他持丈二绿沉枪与[LOCATION#752]将领[PERSON#865]展开激烈交锋，两人鏖战五十余回合未分胜负，后因胞弟[PERSON#654]鸣金收兵而分神，被[PERSON#865]抓住破绽刺死。其弟欲救援时遭[PERSON#786]飞石击杀，兄弟阵亡后辽军溃败，宋军缴获大量战马器械。此战成为[LOCATION#752]征辽的关键胜利之一，为后续攻破[LOCATION#125]奠定基础。[PERSON#672]的阵亡既展现了其自身武艺与[PERSON#865]相仿的作战能力，也侧面印证了[LOCATION#752]将领的战场应变能力。其金冠锁甲、骑银鬃马的武将形象通过原著服饰描写得以具象呈现。
PERSON#654,耶律国宝,辽国,耶律国宝是《水浒传》中辽国皇侄、上将，耶律国珍之弟，登场于第八十三回。其与兄长同属辽国宗室武将，均身着黄金锁子甲，头戴三叉紫金冠，手持丈二绿沉枪，率万余辽兵救援被宋江围困的檀州。檀州战役中，耶律国珍与董平交战五十余合未分胜负，耶律国宝因担忧兄长体力不支鸣锣示警，反致其分心被董平刺死。耶律国宝为救兄出战，遭张清飞石击中面部落马身亡。兄弟二人战死后首级被割，装备尽归宋军，辽军溃败。后续辽将汇报其死因时存在矛盾，或归咎张清飞石，或笼统称死于宋军之手。作为辽国前期重要将领，其仓促战死反映了宋辽交锋的激烈与战场形势的瞬息万变，其鸣锣误事的行动亦成为梁山阵营战术优势的典型案例。,[PERSON#654]是[BOOK#22]中[LOCATION#213]皇侄、上将，[PERSON#672]之弟。其与兄长同属[LOCATION#213]宗室武将，均身着黄金锁子甲，头戴三叉紫金冠，手持丈二绿沉枪，率万余辽兵救援被[PERSON#152]围困的[LOCATION#125]。[LOCATION#125]战役中，[PERSON#672]与[PERSON#865]交战五十余合未分胜负，[PERSON#654]因担忧兄长体力不支鸣锣示警，反致其分心被[PERSON#865]刺死。[PERSON#654]为救兄出战，遭[PERSON#786]飞石击中面部落马身亡。兄弟二人战死后首级被割，装备尽归宋军，辽军溃败。后续辽将汇报其死因时存在矛盾，或归咎[PERSON#786]飞石，或笼统称死于宋军之手。作为[LOCATION#213]前期重要将领，其仓促战死反映了宋辽交锋的激烈与战场形势的瞬息万变，其鸣锣误事的行动亦成为[LOCATION#752]阵营战术优势的典型案例。
PERSON#296,耶律得重,辽国,耶律得重是《水浒传》中辽国皇帝御弟，官拜“太阳星御弟大王”，位列辽国十一曜大将体系。其在蓟州战役中先后摆出五虎靠山阵、鲲化为鹏阵迎战宋江军队，后于混天阵太阳阵中被武松斩杀。该人物形象融入古代星宿文化，作为道教北斗丛星化身的水浒英雄对立面存在，体现了征辽战役叙事中的星象化军事对抗设定。,[PERSON#296]是[BOOK#22]中[LOCATION#213]皇帝御弟，官拜“[PERSON#296]”，位列[LOCATION#213]十一曜大将体系。其在[LOCATION#202]战役中先后摆出五虎靠山阵、鲲化为鹏阵迎战[PERSON#152]军队，后于混天阵太阳阵中被[PERSON#18]斩杀。该人物形象融入古代星宿文化，作为道教北斗丛星化身的水浒英雄对立面存在，体现了征辽战役叙事中的星象化军事对抗设定。
PERSON#248,欧阳侍郎,辽国,欧阳侍郎是《水浒传》中的辽国官员，先后两次献计试图招安梁山势力。他首次献策于辽国狼主，提出招降林冲以退宋军，却被林冲假意归顺后智取霸州。第二次作为使臣劝降宋江，虽以高官厚禄引诱，但宋江最终拒绝归辽。欧阳侍郎的招安计划均未成功，反使辽国失去战略要地，凸显其政治谋略的局限性。,[PERSON#248]是[BOOK#22]中的[LOCATION#213]官员，先后两次献计试图招安[LOCATION#752]势力。他首次献策于[LOCATION#213]狼主，提出招降[PERSON#699]以退宋军，却被[PERSON#699]假意归顺后智取[LOCATION#233]。第二次作为使臣劝降[PERSON#152]，虽以高官厚禄引诱，但[PERSON#152]最终拒绝归辽。[PERSON#248]的招安计划均未成功，反使[LOCATION#213]失去战略要地，凸显其政治谋略的局限性。
PERSON#414,定安国舅,辽国,康里定安是小说《水浒传》中的虚构人物，身份为辽国国舅、霸州守将，系大辽郎主皇后亲兄，掌有重权且以胆勇著称。康里定安奉命镇守霸州期间，接待诈降的梁山将领，降阶相迎并设宴款待，允许梁山军马入城驻扎。宋军攻城时，康里定安与宋江登城观战，遭梁山军里应外合突袭，最终束手被擒。被俘后，康里定安听取梁山将领分析宋辽形势及女真威胁，获释返回幽州。其战败奏报导致辽主欲斩欧阳侍郎，后经兀颜统军劝谏方得免罪。,[PERSON#414]，身份为[LOCATION#213]国舅、[LOCATION#233]守将，系大辽[PERSON#48]皇后亲兄，掌有重权且以胆勇著称。[PERSON#414]奉命镇守[LOCATION#233]期间，接待诈降的[LOCATION#752]将领，降阶相迎并设宴款待，允许[LOCATION#752]军马入城驻扎。宋军攻城时，[PERSON#414]与[PERSON#152]登城观战，遭[LOCATION#752]军里应外合突袭，最终束手被擒。被俘后，[PERSON#414]听取[LOCATION#752]将领分析宋辽形势及女真威胁，获释返回[LOCATION#75]。其战败奏报导致辽主欲斩[PERSON#248]，后经兀颜统军劝谏方得免罪。
PERSON#108,叶清侍郎,辽国,叶清侍郎是大辽国官员，与金福侍郎一同辅佐定安国舅，负责守卫霸州要冲。在《水浒传》100回本第85回中，当宋江率梁山军诈降辽国、夜度益津关后，叶清侍郎与欧阳侍郎等人一同迎接宋江入城，安排安歇并参与宴饮。然而，随着吴用智取文安县、宋江军成功诱敌，叶清侍郎随定安国舅等被俘。宋江以礼相待并释放他们后，叶清侍郎带领部下返回幽州，向辽主复命，展现了其作为辽国官员的忠诚与在战乱中的无奈命运。,[PERSON#108]是大[LOCATION#213]官员，与[PERSON#774]一同辅佐[PERSON#414]，负责守卫[LOCATION#233]要冲。当[PERSON#152]率[LOCATION#752]军诈降[LOCATION#213]、夜度[LOCATION#180]后，[PERSON#108]与[PERSON#248]等人一同迎接[PERSON#152]入城，安排安歇并参与宴饮。然而，随着[PERSON#546]智取[LOCATION#99]、[PERSON#152]军成功诱敌，[PERSON#108]随[PERSON#414]等被俘。[PERSON#152]以礼相待并释放他们后，[PERSON#108]带领部下返回[LOCATION#75]，向辽主复命，展现了其作为[LOCATION#213]官员的忠诚与在战乱中的无奈命运。
PERSON#281,贺重宝,辽国,贺重宝是中国古典小说《水浒传》中辽国兀颜统军部下副统军，身长一丈，使三尖两刃刀。其头戴镔铁盔，身披连环甲，坐骑为千里马，在幽州战役中与梁山军队对抗。贺重宝初战与关胜交锋三十回合后诈败，施展妖法呼来阴云，设伏兵分三路冲击宋军，将卢俊义部众困入青石峪。其妖术被公孙胜破解后，梁山军突围合兵。贺重宝撤退至幽州，试图再施伏兵之计未果，与林冲交手后遭四将围攻。最终贺重宝在幽州城突围时，被黄信斩落马下，遭宋万、杨雄等人乱枪击杀，兄弟二人亦先后战死。《宋公明大战独鹿山，卢俊义兵陷青石峪》即描述此段战役。,[PERSON#281]是中国[BOOK#22]中[LOCATION#213]兀颜统军部下副统军，身长一丈，使三尖两刃刀。其头戴镔铁盔，身披连环甲，坐骑为千里马，在[LOCATION#75]战役中与[LOCATION#752]军队对抗。[PERSON#281]初战与[PERSON#702]交锋三十回合后诈败，施展妖法呼来阴云，设伏兵分三路冲击宋军，将[PERSON#156]部众困入[LOCATION#235]。其妖术被[PERSON#204]破解后，[LOCATION#752]军突围合兵。[PERSON#281]撤退至[LOCATION#75]，试图再施伏兵之计未果，与[PERSON#699]交手后遭四将围攻。最终[PERSON#281]在[LOCATION#75]城突围时，被[PERSON#966]斩落马下，遭[PERSON#65]、[PERSON#87]等人乱枪击杀，兄弟二人亦先后战死。[BOOK#11]即描述此段战役。
PERSON#344,邓龙,地方势力,邓龙，古典小说《水浒传》中的人物，二龙山的寨主，邓龙原为二龙山宝珠寺住持，绰号“金眼虎”，不守清规戒律，率众僧徒养发还俗，收拢地痞贼子，聚众四五百人占据二龙山打家劫舍，剪径掳财。为防止官府捉拿，便凭高侍险，在二龙山筑寨自卫，山下设三关，关上尽摆擂木炮石，周围全布鹿砦，后来他被鲁智深杀死。,[PERSON#344]，[LOCATION#16]的寨主，[PERSON#344]原为[LOCATION#16][LOCATION#58]住持，绰号“[PERSON#344]”，不守清规戒律，率众僧徒养发还俗，收拢地痞贼子，聚众四五百人占据[LOCATION#16]打家劫舍，剪径掳财。为防止官府捉拿，便凭高侍险，在[LOCATION#16]筑寨自卫，山下设三关，关上尽摆擂木炮石，周围全布鹿砦，后来他被[PERSON#532]杀死。
PERSON#673,刘二,百姓,刘二是幽州青石峪一带的猎户，与弟弟刘三和年迈的母亲世代隐居在深山老林，以打猎为生，对当地复杂险峻的地形了如指掌。在梁山军征辽过程中，卢俊义率领的一部人马误入辽将贺重宝设下的陷阱，被困于绝地青石峪。宋江派出的侦察人员解珍、解宝在深夜山中寻路时，恰好遇到了刘二兄弟。刘二性格显得较为沉稳，在确认了解珍、解宝是梁山好汉的身份后，他不仅热情款待，更凭借对地形的熟悉，准确指出了青石峪的位置和唯一入口的特征——旁边长有两棵形如伞盖的大柏树，为梁山军成功救援卢俊义部队指明了关键方向。,[PERSON#673]是[LOCATION#77]一带的猎户，与弟弟[PERSON#883]和年迈的母亲世代隐居在深山老林，以打猎为生，对当地复杂险峻的地形了如指掌。在[LOCATION#752]军征辽过程中，[PERSON#156]率领的一部人马误入辽将[PERSON#281]设下的陷阱，被困于绝地[LOCATION#235]。[PERSON#152]派出的侦察人员[PERSON#318]、[PERSON#677]在深夜山中寻路时，恰好遇到了[PERSON#673]兄弟。[PERSON#673]性格显得较为沉稳，在确认了[PERSON#318]、[PERSON#677]是[LOCATION#752]好汉的身份后，他不仅热情款待，更凭借对地形的熟悉，准确指出了[LOCATION#235]的位置和唯一入口的特征——旁边长有两棵形如伞盖的大柏树，为[LOCATION#752]军成功救援[PERSON#156]部队指明了关键方向。
PERSON#883,刘三,百姓,刘三是刘二的弟弟，同样与兄长隐居在幽州深山，过着朴实的猎户生活。在解珍、解宝到来时，刘三与兄长默契配合，共同接待了这两位梁山好汉。虽然书中对刘三个人的直接描写比刘二更少，但其出场表明他与兄长一样，都是这片与世隔绝山林的主人。他们的生活状态（居住在“破二作三数间草屋”，世代以打猎为生）也暗示了其家庭可能的平凡或隐衷。刘二、刘三兄弟的出现，虽如惊鸿一瞥，但他们的关键指点，体现了普通人对梁山“替天行道”事业的认同与支持。,[PERSON#883]是[PERSON#673]的弟弟，同样与兄长隐居在[LOCATION#76]，过着朴实的猎户生活。在[PERSON#318]、[PERSON#677]到来时，[PERSON#883]与兄长默契配合，共同接待了这两位[LOCATION#752]好汉。虽然书中对[PERSON#883]个人的直接描写比[PERSON#673]更少，但其出场表明他与兄长一样，都是这片与世隔绝山林的主人。他们的生活状态（居住在“破二作三数间草屋”，世代以打猎为生）也暗示了其家庭可能的平凡或隐衷。[PERSON#673]、[PERSON#883]兄弟的出现，虽如惊鸿一瞥，但他们的关键指点，体现了普通人对[LOCATION#752]“替天行道”事业的认同与支持。
PERSON#858,邢政,方腊,邢政是古典小说《水浒传》中的虚构人物，方腊政权苏州元帅，奉命镇守江南对抗宋江征讨军。作为方腊麾下重要将领，其战死成为梁山军攻占江南的战略转折点。在润州之战中，因吕枢密部溃败，邢政率军驰援丹徒县，试图与友军合夺润州。与宋江部交战时亲自迎战关胜，交战不足十五回即被斩杀。其兵败导致吕枢密残部退守常州，宋军趁势攻占丹徒。该角色虽着墨不多，但作为梁山军与方腊势力交锋的关键人物，其阵亡集中展现了江南战局的推进过程。原著通过邢政被关胜斩杀的细节，侧面强化梁山将领的骁勇形象。,[PERSON#858]是[BOOK#22]中的虚构人物，[PERSON#598]政权[LOCATION#197]元帅，奉命镇守[LOCATION#130]对抗[PERSON#152]征讨军。作为[PERSON#598]麾下重要将领，其战死成为[LOCATION#752]军攻占[LOCATION#130]的战略转折点。在[LOCATION#153]之战中，因[PERSON#232]部溃败，[PERSON#858]率军驰援[LOCATION#12]，试图与友军合夺[LOCATION#153]。与[PERSON#152]部交战时亲自迎战[PERSON#702]，交战不足十五回即被斩杀。其兵败导致[PERSON#232]残部退守[LOCATION#72]，宋军趁势攻占丹徒。该角色虽着墨不多，但作为[LOCATION#752]军与[PERSON#598]势力交锋的关键人物，其阵亡集中展现了[LOCATION#130]战局的推进过程。原著通过[PERSON#858]被[PERSON#702]斩杀的细节，侧面强化[LOCATION#752]将领的骁勇形象。
PERSON#322,钱振鹏,方腊,钱振鹏是《水浒传》中方腊阵营的常州守将，原为清溪县都头，因助方腊攻城略地升任常州制置使，使用泼风刀与卷毛赤兔马作战。钱振鹏在吕师囊兵败润州后负责常州防务，率副将金节、许定迎战宋江军队。与关胜交战三十余回合力竭时，得赵毅、范畴相助，引发双方将领混战。其副将金节阵前诈败诱敌间接导致韩滔阵亡，最终钱振鹏被关胜斩杀于马下。该人物在常州战役中作为南军主将登场，在与梁山军的对抗中阵亡，标志方腊势力在常州防线的瓦解。,[PERSON#322]是[BOOK#22]中[PERSON#598]阵营的[LOCATION#72]守将，原为[LOCATION#157][PERSON#18]，因助[PERSON#598]攻城略地升任[LOCATION#72]制置使，使用泼风刀与卷毛赤兔马作战。[PERSON#322]在[PERSON#232]兵败[LOCATION#153]后负责[LOCATION#72]防务，率副将[PERSON#361]、许定迎战[PERSON#152]军队。与[PERSON#702]交战三十余回合力竭时，得[PERSON#92]、[PERSON#713]相助，引发双方将领混战。其副将[PERSON#361]阵前诈败诱敌间接导致[PERSON#247]阵亡，最终[PERSON#322]被[PERSON#702]斩杀于马下。该人物在[LOCATION#72]战役中作为南军主将登场，在与[LOCATION#752]军的对抗中阵亡，标志[PERSON#598]势力在[LOCATION#72]防线的瓦解。
PERSON#602,高可立,方腊,高可立是《水浒传》中江南方腊政权麾下将领，位列「江南十二神」之「太岁神」，官拜润州统制官，隶属东厅枢密使吕师囊部。其最具标志性战绩为常州之战中，与「霹雳神」张近仁协同作战，先用冷箭射伤梁山将领韩滔面部致其坠马，再由张近仁补枪刺喉完成击杀，随后配合突袭击杀彭玘。最终在高可立守城时，被李逵、鲍旭等人突袭击杀，其死亡直接引发宋江设白旗祭奠阵亡将领的后续情节。,[PERSON#602]是[BOOK#22]中[LOCATION#130][PERSON#598]政权麾下将领，位列「[LOCATION#130]十二神」之「[PERSON#602]」，官拜[LOCATION#153]统制官，隶属东厅枢密使[PERSON#232]部。其最具标志性战绩为[LOCATION#72]之战中，与「[PERSON#339]」[PERSON#339]协同作战，先用冷箭射伤[LOCATION#752]将领[PERSON#247]面部致其坠马，再由[PERSON#339]补枪刺喉完成击杀，随后配合突袭击杀[PERSON#216]。最终在[PERSON#602]守城时，被[PERSON#614]、[PERSON#583]等人突袭击杀，其死亡直接引发[PERSON#152]设白旗祭奠阵亡将领的后续情节。
PERSON#359,郑屠,地方势力,郑屠是《水浒传》中的虚构反派角色，绰号“镇关西”，在渭州状元桥下经营肉铺，倚仗小种经略相公势力欺压百姓，为封建社会中恶霸势力的典型代表。其以虚钱实契强占民女金翠莲，未付典身钱反而逼迫金氏父女卖唱还债。鲁达听闻后借买肉为由三次刁难，命其切精肉、肥肉、软骨臊子。郑屠不堪羞辱持刀反抗，被鲁达三拳击中鼻梁、眼眶及太阳穴，当场毙命。郑屠之死直接导致鲁达逃亡出家，成为《水浒传》主线发展的关键事件。该角色通过欺压弱者的恶行反衬鲁达的正义形象，其命运结局揭示了原著对地方恶势力的批判态度。,[PERSON#359]是[BOOK#22]中的虚构反派角色，绰号“[LOCATION#226]”，在[LOCATION#161][LOCATION#167]下经营肉铺，倚仗小种经略相公势力欺压[PERSON#1004]，为封建社会中恶霸势力的典型代表。其以虚钱实契强占民女[PERSON#392]，未付典身钱反而逼迫金氏父女卖唱还债。[PERSON#532]听闻后借买肉为由三次刁难，命其切精肉、肥肉、软骨臊子。[PERSON#359]不堪羞辱持刀反抗，被[PERSON#532]三拳击中鼻梁、眼眶及太阳穴，当场毙命。[PERSON#359]之死直接导致[PERSON#532]逃亡出家，成为[BOOK#22]主线发展的关键事件。该角色通过欺压弱者的恶行反衬[PERSON#532]的正义形象，其命运结局揭示了原著对地方恶势力的批判态度。
PERSON#276,赵员外,百姓,赵员外，古典名著《水浒传》中的人物。富甲一方，性情豪爽，好武成痴。偶遇鲁智深救金翠莲，慷慨纳为外室。初疑金老汉引外男，怒而遣庄客围斗，真相大白后一笑置之，与鲁达结下不解之缘，共赏枪法，情谊深厚。为助鲁达避祸，力荐其入五台山文殊院修行。鲁智深在寺中屡生事端，赵员外非但不怪，反资助修缮庙宇，尽显其慷慨大度、义薄云天之风范。,[PERSON#276]，富甲一方，性情豪爽，好武成痴。偶遇[PERSON#532]救[PERSON#392]，慷慨纳为外室。初疑[PERSON#928]汉引外男，怒而遣庄客围斗，真相大白后一笑置之，与[PERSON#532]结下不解之缘，共赏枪法，情谊深厚。为助[PERSON#532]避祸，力荐其入[LOCATION#18][LOCATION#100]修行。[PERSON#532]在寺中屡生事端，[PERSON#276]非但不怪，反资助修缮庙宇，尽显其慷慨大度、义薄云天之风范。
PERSON#509,门子,朝廷,门子是《水浒传》中官府衙门的低级差役，负责在衙内外巡查、通传、押解、看守囚犯等杂务，是最基层的官方执法人员之一。他们在多处情节中出现，如高俅抓捕林冲、鲁智深大闹五台山后被押赴官府、宋江在江州遇害前后等场景中，门子常作为执行命令的人物登场。其人物特征鲜明：多趋炎附势、惧强欺弱，面对权贵唯唯诺诺，遇到弱者或嫌犯时则刻薄粗暴；但也有少数人因畏惧梁山名声而表现出怯懦或敷衍。整体而言，门子在《水浒传》中代表了基层官吏的典型群像，反映了当时官场的腐败与阶层压迫。,[PERSON#509]是官府衙门的低级差役，负责在衙内外巡查、通传、押解、看守囚犯等杂务，是最基层的官方执法人员之一。他们在多处情节中出现，如[PERSON#974]抓捕[PERSON#699]、[PERSON#532]大闹[LOCATION#18]后被押赴官府、[PERSON#152]在[LOCATION#131]遇害前后等场景中，[PERSON#509]常作为执行命令的人物登场。其人物特征鲜明：多趋炎附势、惧强欺弱，面对权贵唯唯诺诺，遇到弱者或嫌犯时则刻薄粗暴；但也有少数人因畏惧[LOCATION#752]名声而表现出怯懦或敷衍。整体而言，[PERSON#509]在[BOOK#22]中代表了基层官吏的典型群像，反映了当时官场的腐败与阶层压迫。
PERSON#361,金节,方腊,金节是《水浒传》中的虚构人物，晋陵县上濠人氏，原为宋朝旧官，后担任江南方腊政权常州副将。其妻秦玉兰劝其归降宋朝，金节遂诈败引宋军攻破常州城，并解押方腊阵营将领至润州张招讨处，被留任为行军都统。归宋后，金节随刘光世抗击金兵，与牛皋合力击败金兀术，并将妹妹许配牛皋，生子牛通，因战功升任亲军指挥使，最终在中山府战役中阵亡。《水浒传》诗文评价其“弃暗投明”，百二十回本则称其“从邪廊庙生堪愧”。金节的人生轨迹体现从叛宋降方腊到复归宋抗金的双重立场，其结局被不同版本文本赋予差异化的历史评价。,[PERSON#361]，[LOCATION#105]人氏，原为宋朝旧官，后担任[LOCATION#130][PERSON#598]政权[LOCATION#72]副将。其妻[PERSON#892]劝其归降宋朝，[PERSON#361]遂诈败引宋军攻破[LOCATION#72]城，并解押[PERSON#598]阵营将领至[LOCATION#153][PERSON#501]处，被留任为行军都统。归宋后，[PERSON#361]随[PERSON#88]抗击金兵，与[PERSON#857]合力击败[PERSON#261]，并将妹妹许配[PERSON#857]，生子[PERSON#57]，因战功升任亲军指挥使，最终在[LOCATION#11]战役中阵亡。[BOOK#22]诗文评价其“弃暗投明”，百二十回本则称其“从邪廊庙生堪愧”。[PERSON#361]的人生轨迹体现从叛宋降[PERSON#598]到复归宋抗金的双重立场，其结局被不同版本文本赋予差异化的历史评价。
PERSON#173,方貌,方腊,方貌是古典名著《水浒传》中的虚构人物，方腊三弟，以方天画戟为兵器，首次登场于第九十一回，第九十三回正式出阵。在1998年央视版《水浒传》中由董传强饰演。作为方腊起义军核心成员，方貌镇守苏州时统领八骠骑及五万兵马。与宋江交战中因部将被斩退守城内，后李俊率水军潜入接应，城池失守。突围时遭鲁智深、李逵截击，最终被武松斩于马下。其败亡标志着方腊势力在苏南战场的溃败。尽管凭借水网地形顽强抵抗，仍未能阻挡梁山军攻势。该角色作为起义军重要将领，展现了与官军对抗的激烈态势。,[PERSON#173]是[BOOK#22]中的虚构人物，[PERSON#598]三弟，以方天画戟为兵器。作为[PERSON#598]起义军核心成员，[PERSON#173]镇守[LOCATION#197]时统领八骠骑及五万兵马。与[PERSON#152]交战中因部将被斩退守城内，后[PERSON#66]率水军潜入接应，城池失守。突围时遭[PERSON#532]、[PERSON#614]截击，最终被[PERSON#18]斩于马下。其败亡标志着[PERSON#598]势力在[LOCATION#196]战场的溃败。尽管凭借水网地形顽强抵抗，仍未能阻挡[LOCATION#752]军攻势。该角色作为起义军重要将领，展现了与官军对抗的激烈态势。
PERSON#569,童威,梁山,童威，古典名著《水浒传》中的人物。一百单八将之一，绰号“出洞蛟”。童猛的哥哥，早先在浔阳江上贩卖私盐，与李俊颇有交情。随李俊等人入伙梁山后，成为水军头领之一。梁山大聚义时，排第六十八位，上应地进星，与阮小五驻守梁山东北水寨。平定方腊返回途中，因不愿做官，和童猛及李俊一起，从太仓港远渡到暹罗国。童威亦在《水浒后传》等续书中出场。,[PERSON#569]，绰号“[PERSON#569]”。[PERSON#855]的哥哥，早先在[LOCATION#151]上贩卖私盐，与[PERSON#66]颇有交情。随[PERSON#66]等人入伙[LOCATION#752]后，成为水军头领之一。[LOCATION#752]大聚义时，排第六十八位，上应地进星，与[PERSON#38]驻守[LOCATION#121]。平定[PERSON#598]返回途中，因不愿做官，和[PERSON#855]及[PERSON#66]一起，从[LOCATION#44]远渡到[LOCATION#107]。[PERSON#569]亦在[BOOK#24]等续书中出场。
PERSON#150,陈观,方腊,陈观是《水浒传》中的人物，方腊麾下将领，原为扬州城外定浦村财主，人称陈将士，拥有数千私兵，其养子陈益、陈泰均为骁勇善战之人。陈观与润州守将吕师囊暗中勾结，派遣吴成与吕师囊派来的叶虞候运送粮草船只以换取扬州府尹之职。陈观手下吴成渡江时被张顺截杀，梁山燕青假扮叶虞候携伪造文书骗取信任，于酒宴中下药迷倒陈观父子。鲁智深、武松率众攻入庄内，诛杀陈观全家并缴获粮船。宋江利用缴获的旗帜船只，安排穆弘、李俊假扮陈益、陈泰实施伪装计策，该事件成为梁山攻占润州的重要契机。,[PERSON#150]是[BOOK#22]中的人物，[PERSON#598]麾下将领，原为[LOCATION#94]外[LOCATION#56]财主，人称[PERSON#150]，拥有数千私兵，其养子[PERSON#879]、[PERSON#944]均为骁勇善战之人。[PERSON#150]与[LOCATION#153]守将[PERSON#232]暗中勾结，派遣[PERSON#694]与[PERSON#232]派来的[PERSON#1002]运送粮草船只以换取[LOCATION#94]府尹之职。[PERSON#150]手下[PERSON#694]渡江时被[PERSON#17]截杀，[LOCATION#752][PERSON#350]假扮[PERSON#1002]携伪造文书骗取信任，于酒宴中下药迷倒[PERSON#150]父子。[PERSON#532]、[PERSON#18]率众攻入庄内，诛杀[PERSON#150]全家并缴获粮船。[PERSON#152]利用缴获的旗帜船只，安排[PERSON#376]、[PERSON#66]假扮[PERSON#879]、[PERSON#944]实施伪装计策，该事件成为[LOCATION#752]攻占[LOCATION#153]的重要契机。
PERSON#714,陈达,梁山,陈达，古典名著《水浒传》中的人物。一百单八将之一，绰号“跳涧虎”。邺城人氏，原是少华山寨主，因大寨主史进与鲁智深交好，受到梁山招揽，决定入伙，并配合梁山军马大闹华州。梁山大聚义时，排第七十二位，上应地周星，担任马军小彪将兼远探出哨头领。征方腊时战死于昱岭关，追封义节郎。,[PERSON#714]，绰号“[PERSON#714]”。[LOCATION#217]人氏，原是[LOCATION#64]寨主，因大寨主[PERSON#277]与[PERSON#532]交好，受到[LOCATION#752]招揽，决定入伙，并配合[LOCATION#752]军马大闹[LOCATION#33]。[LOCATION#752]大聚义时，排第七十二位，上应地周星，担任马军小彪将兼远探出哨头领。征[PERSON#598]时战死于[LOCATION#104]，追封义节郎。
PERSON#309,冷恭,方腊,冷恭是《水浒传》中虚构的武将角色，隶属方腊政权太子方天定麾下。其作为方腊太子方天定麾下南离元帅石宝统辖的八员首将之一，在杭州保卫战中参与对抗宋江军队的战役部署。该角色在杭州城内的战斗中与林冲正面交锋，被丈八蛇矛刺死，其阵亡标志着方腊势力在杭州防线的溃败。,[PERSON#309]是[BOOK#22]中虚构的武将角色，隶属[PERSON#598]政权太子[PERSON#545]麾下。其作为[PERSON#598]太子[PERSON#545]麾下南离元帅[PERSON#288]统辖的八员首将之一，在[LOCATION#111]保卫战中参与对抗[PERSON#152]军队的战役部署。该角色在[LOCATION#111]城内的战斗中与[PERSON#699]正面交锋，被丈八蛇矛刺死，其阵亡标志着[PERSON#598]势力在[LOCATION#111]防线的溃败。
PERSON#339,张近仁,方腊,张近仁是《水浒传》中方腊阵营的主要将领，位列江南十二神，任润州统制官。在梁山军征讨方腊的常州战役中，其与高可立配合连续击杀梁山百胜将韩滔、天目将彭玘两员地煞星将领，展现出方腊军精锐部队的战斗力。最终在与鲍旭的交战中阵亡。,[PERSON#339]是[BOOK#22]中[PERSON#598]阵营的主要将领，位列[LOCATION#130]十二神，任[LOCATION#153]统制官。在[LOCATION#752]军征讨[PERSON#598]的[LOCATION#72]战役中，其与[PERSON#602]配合连续击杀[LOCATION#752][PERSON#247][PERSON#247]、[PERSON#216][PERSON#216]两员地煞星将领，展现出[PERSON#598]军精锐部队的战斗力。最终在与[PERSON#583]的交战中阵亡。
PERSON#439,高玉,方腊,高玉，男，古典小说《水浒传》中的人物，江南方腊麾下将领，官拜侍郎，最终被呼延灼击杀。高玉曾与庞万春等人策划趁宋军疲惫之际夜袭营寨。行动中，宋军以空寨设伏，高玉识破伏兵之计但未能阻止庞万春冒进，导致南军遭火攻围困。突围时，高玉被呼延灼以双鞭击碎头颅身亡，庞万春亦被生擒。该角色事迹见于原著对歙州战役的描写，其夜袭计划体现了南国将领的战术决策。,[PERSON#439]，男，[LOCATION#130][PERSON#598]麾下将领，官拜侍郎，最终被[PERSON#434]击杀。[PERSON#439]曾与[PERSON#936]等人策划趁宋军疲惫之际夜袭营寨。行动中，宋军以空寨设伏，[PERSON#439]识破伏兵之计但未能阻止[PERSON#936]冒进，导致南军遭火攻围困。突围时，[PERSON#439]被[PERSON#434]以[PERSON#434]击碎头颅身亡，[PERSON#936]亦被生擒。该角色事迹见于原著对[LOCATION#126]战役的描写，其夜袭计划体现了南国将领的战术决策。
PERSON#161,方杰,方腊,方杰是《水浒传》中的虚构角色，为方腊与方貌之侄、方垕之孙、方天定与金芝公主的堂弟，是南国将领之一，使用兵器为方天画戟，有万夫不当之勇。方杰在杭州战役后随军退守清溪，被任命为御驾亲征先锋。其最著名战绩为与秦明激战三十余合不分胜负，后在杜微飞刀协助下斩杀秦明。最终决战中，方杰先后对战关胜、花荣，面对李应等四人夹击撤退时，遭柴进截击并被燕青斩杀。该角色作为方腊麾下最后猛将，其死亡标志着南国抵抗力量的终结。,[PERSON#161]是[BOOK#22]中的虚构角色，为[PERSON#598]与[PERSON#173]之侄、[PERSON#103]之孙、[PERSON#545]与金芝公主的堂弟，是南国将领之一，使用兵器为方天画戟，有万夫不当之勇。[PERSON#161]在[LOCATION#111]战役后随军退守[LOCATION#157]，被任命为御驾亲征先锋。其最著名战绩为与[PERSON#253]激战三十余合不分胜负，后在[PERSON#955]飞刀协助下斩杀[PERSON#253]。最终决战中，[PERSON#161]先后对战[PERSON#702]、[PERSON#399]，面对[PERSON#472]等四人夹击撤退时，遭[PERSON#605]截击并被[PERSON#350]斩杀。该角色作为[PERSON#598]麾下最后猛将，其死亡标志着南国抵抗力量的终结。
PERSON#471,赵谭,朝廷,赵谭是《水浒传》中北宋徽宗时期将领，任童贯麾下大将，与王禀共同参与镇压方腊起义，战后班师回朝。征讨方腊期间，赵谭在桐庐县与宋江军队会面并参与军事部署。战后因目睹阮小七穿戴方腊衣冠嬉戏，联合王禀向朝廷告发其“穿龙袍戏耍”，最终导致阮小七被罢职归乡。,[PERSON#471]是[BOOK#22]中北[PERSON#571]时期将领，任[PERSON#398]麾下大将，与[PERSON#729]共同参与镇压[PERSON#598]起义，战后班师回朝。征讨[PERSON#598]期间，[PERSON#471]在[LOCATION#119]与[PERSON#152]军队会面并参与军事部署。战后因目睹[PERSON#604]穿戴[PERSON#598]衣冠嬉戏，联合[PERSON#729]向[LOCATION#753]告发其“穿龙袍戏耍”，最终导致[PERSON#604]被罢职归乡。
PERSON#273,郑彪,方腊,郑彪是古典小说《水浒传》中方腊阵营的虚构角色，原为婺州兰溪县都头，后任方腊政权殿帅府太尉，因战斗中常有云气相随，得绰号“郑魔君”。师从包道乙习得道法，曾以金甲天神幻象击杀王英，并用镀金铜砖打死扈三娘，后以黑雾困住宋江军队。在与关胜交战时，包道乙召唤金甲神人助战，但被樊瑞破解法术，郑彪最终被关胜斩于马下。此战后宋军攻陷睦州。,[PERSON#273]是[BOOK#22]中[PERSON#598]阵营的虚构角色，原为[LOCATION#47][PERSON#18]，后任[PERSON#598]政权殿帅府太尉，因战斗中常有云气相随，得绰号“[PERSON#273]”。师从[PERSON#491]习得道法，曾以金甲天神幻象击杀[PERSON#422]，并用镀金铜砖打死[PERSON#543]，后以黑雾困住[PERSON#152]军队。在与[PERSON#702]交战时，[PERSON#491]召唤金甲神人助战，但被[PERSON#958]破解法术，[PERSON#273]最终被[PERSON#702]斩于马下。此战后宋军攻陷[LOCATION#183]。
PERSON#24,倪云,地方势力,倪云是古典小说《水浒传》中的虚构人物，别名倪荣，绰号“卷毛虎”，与费保、卜青、狄成三位好友并称“太湖四杰”，在戏曲《打渔杀家》中亦有登场。原为榆柳庄海盗的倪云与混江龙李俊相遇结拜后，协助梁山军攻苏州时伪装方腊属下官员驾驶缴获官船突破防线。战后随李俊远征海外，最终成为暹罗开国元勋。该人物在原著中以水贼身份登场，通过参与梁山军重要战役及海外征伐，其命运轨迹在《水浒后传》等作品中得到延续。,[PERSON#24]是[BOOK#22]中的虚构人物，别名[PERSON#502]，绰号“[PERSON#24]”，与[PERSON#730]、[PERSON#751]、[PERSON#513]三位好友并称“[LOCATION#46]四杰”，在戏曲[BOOK#17]中亦有登场。原为[LOCATION#124]海盗的[PERSON#24]与[PERSON#66][PERSON#66]相遇结拜后，协助[LOCATION#752]军攻[LOCATION#197]时伪装[PERSON#598]属下官员驾驶缴获官船突破防线。战后随[PERSON#66]远征海外，最终成为[LOCATION#106]开国元勋。该人物在原著中以水贼身份登场，通过参与[LOCATION#752]军重要战役及海外征伐，其命运轨迹在[BOOK#24]等作品中得到延续。
PERSON#795,王四,百姓,"王四是古典小说《水浒传》中的虚构人物，担任史家庄庄客头目，因机警善言被冠以""赛伯当""的绰号。其核心事迹展现于第六十回，因醉酒丢失朱武密信后为推卸责任谎报史进，最终导致史家庄遭官军围剿，自己亦被史进处决。该人物形象揭示了""小聪明反误性命""的性格悲剧，资料通过王四因醉酒丢失朱武回书、谎报史进导致东窗事发被杀的典型事件，剖析了其性格悲剧。","[PERSON#795]是[BOOK#22]中的虚构人物，担任史家庄庄客头目，因机警善言被冠以""""[PERSON#795]""""的绰号。其核心事迹展现于：因醉酒丢失[PERSON#880]密信后为推卸责任谎报[PERSON#277]，最终导致史家庄遭官军围剿，自己亦被[PERSON#277]处决。该人物形象揭示了""""小聪明反误性命""""的性格悲剧，资料通过[PERSON#795]因醉酒丢失[PERSON#880]回书、谎报[PERSON#277]导致东窗事发被杀的典型事件，剖析了其性格悲剧。"
PERSON#103,方垕,方腊,方垕，古典小说《水浒传》中的人物。方腊政权的宗室成员，方腊的亲叔叔，担任歙州守御之职，与其他将领共同构建了方腊政权“宗室藩王+将领”的双轨制军事体系。最终在卢俊义攻破歙州时被斩杀。,[PERSON#103]，[PERSON#598]政权的宗室成员，[PERSON#598]的亲叔叔，担任[LOCATION#126]守御之职，与其他将领共同构建了[PERSON#598]政权“宗室藩王+将领”的双轨制军事体系。最终在[PERSON#156]攻破[LOCATION#126]时被斩杀。
PERSON#645,九天玄女,百姓,九天玄女，又称玄女、九天娘娘、九天玄母天尊、九天玄阳元女圣母大帝玄牝氏，是中国古代神话中的兵法女神，后被道教奉为高阶女仙与术数神。其形象常与玄鸟图腾相关联，信仰发源可追溯至先秦以前。道教典籍《云笈七签》称其为“众真之长”，《墉城集仙录》记载其曾授黄帝六甲六壬兵符、灵宝五帝策等法宝，助其破蚩尤所布迷雾。传说中九天玄女以人身鸟首形态显世，除辅助黄帝外，亦在春秋时期化身为南山处女训练越国军队，功成后化为六块黑石。唐宋以降，《水浒传》等文学作品多描绘其授天书助宋江替天行道、破辽军混天阵的事迹，塑造了扶助英雄的应命女仙形象。其起源存在玄鸟图腾说与女魃说等争议，《史记·殷本纪》载商族始祖契因简狄吞玄鸟卵而生，印证玄鸟与上古部族的渊源。汉代起被纳入道教神仙体系，《古文龙虎经注疏》确立其先天神地位，唐代杜光庭将其正式写入道教典籍。,[PERSON#645]，又称[PERSON#645]、[PERSON#645]、[PERSON#645]、[PERSON#645]，是中国古代神话中的兵法女神，后被道教奉为高阶女仙与术数神。其形象常与玄鸟图腾相关联，信仰发源可追溯至先秦以前。道教典籍[BOOK#1]称其为“众真之长”，[BOOK#8]记载其曾授黄帝六甲六壬兵符、灵宝五帝策等法宝，助其破蚩尤所布迷雾。传说中[PERSON#645]以人身鸟首形态显世，除辅助黄帝外，亦在春秋时期化身为南山处女训练[LOCATION#212]军队，功成后化为六块黑石。唐宋以降，[BOOK#22]等文学作品多描绘其授天书助[PERSON#152]替天行道、破辽军混天阵的事迹，塑造了扶助英雄的应命女仙形象。其起源存在玄鸟图腾说与女魃说等争议，[BOOK#7]载商族始祖契因简狄吞玄鸟卵而生，印证玄鸟与上古部族的渊源。汉代起被纳入道教神仙体系，[BOOK#5]确立其先天神地位，唐代[PERSON#891]将其正式写入道教典籍。
PERSON#484,杜迁,梁山,杜迁，古典名著《水浒传》中的人物。一百单八将之一，绰号“摸着天”。原是梁山二寨主，山寨的开山元老，但因本领平常，在晁盖、宋江在位时期，地位不断下降。梁山大聚义时，排第八十三位，上应地妖星，职司为步军将校。征方腊时战死于清溪县，追封义节郎。,[PERSON#484]，绰号“[PERSON#484]”。原是[LOCATION#752]二寨主，山寨的开山元老，但因本领平常，在[PERSON#959]、[PERSON#152]在位时期，地位不断下降。[LOCATION#752]大聚义时，排第八十三位，上应地妖星，职司为步军将校。征[PERSON#598]时战死于[LOCATION#157]，追封义节郎。
PERSON#642,欧鹏,梁山,欧鹏，古典名著《水浒传》中的人物。一百单八将之一，绰号“摩云金翅”。黄州人氏，军户出身。原为黄门山大寨主，因钦慕宋江，与蒋敬、马麟、陶宗旺一同到梁山入伙。梁山大聚义时，排第四十八位，上应地阔星(又作地辟星)，担任马军小彪将兼远探出哨头领。征方腊时战死于歙州，追封义节郎。,[PERSON#642]，绰号“[PERSON#642]”。黄州人氏，军户出身。原为[LOCATION#245]大寨主，因钦慕[PERSON#152]，与[PERSON#728]、[PERSON#916]、[PERSON#701]一同到[LOCATION#752]入伙。[LOCATION#752]大聚义时，排第四十八位，上应地阔星(又作地辟星)，担任马军小彪将兼远探出哨头领。征[PERSON#598]时战死于[LOCATION#126]，追封义节郎。
PERSON#531,侯健,梁山,侯健，古典名著《水浒传》中的人物。一百单八将之一，绰号“通臂猿”。祖籍洪都，裁缝出身，也爱舞枪弄棒，曾拜薛永为师。宋江攻打无为军时，他正在黄文炳家干活，遂向宋江报告黄文炳家的备细，并与薛永一起做内应。上梁山后，负责制作旌旗、袍袄等服饰。梁山大聚义时，排第七十一位，上应地遂星。征方腊过程中淹死在杭州外海，追封义节郎。,[PERSON#531]，绰号“[PERSON#531]”。祖籍洪都，裁缝出身，也爱舞枪弄棒，曾拜[PERSON#528]为师。[PERSON#152]攻打[LOCATION#101]时，他正在[PERSON#952]家干活，遂向[PERSON#152]报告[PERSON#952]家的备细，并与[PERSON#528]一起做内应。上[LOCATION#752]后，负责制作旌旗、袍袄等服饰。[LOCATION#752]大聚义时，排第七十一位，上应地遂星。征[PERSON#598]过程中淹死在[LOCATION#113]，追封义节郎。
PERSON#750,孔太公,地方势力,"孔太公是古典小说《水浒传》中的虚构人物，首次登场于第三十一回。作为白虎山庄庄主，他是梁山好汉孔明、孔亮之父，曾因早年受宋江资助而与其结缘，后主动收留逃亡中的宋江并促成其与二子建立师徒关系。其庄院先后庇护过宋江与武松，既为宋江提供半年居所使其教授二子为人处世之道，又促成武松与孔亮因冲突和解而结缘。通过慷慨接纳落难豪杰的举动，串联起宋江逃亡路线与武松投奔二龙山的关键情节。原著通过设宴款待、化解矛盾等情节，凸显其重义轻利的江湖长者形象。作为《水浒传》""太公""群体中的典型，该角色既承载着传统慈父形象的书写范式，又以江湖庇护者的身份推动主要人物关系网的构建。","[PERSON#750]是[BOOK#22]中的虚构人物，作为[LOCATION#178]庄主，他是[LOCATION#752]好汉[PERSON#25]、[PERSON#901]之父，曾因早年受[PERSON#152]资助而与其结缘，后主动收留逃亡中的[PERSON#152]并促成其与二子建立师徒关系。其庄院先后庇护过[PERSON#152]与[PERSON#18]，既为[PERSON#152]提供半年居所使其教授二子为人处世之道，又促成[PERSON#18]与[PERSON#901]因冲突和解而结缘。通过慷慨接纳落难豪杰的举动，串联起[PERSON#152]逃亡路线与[PERSON#18]投奔[LOCATION#16]的关键情节。原著通过设宴款待、化解矛盾等情节，凸显其重义轻利的江湖长者形象。作为[BOOK#22]""""太公""""群体中的典型，该角色既承载着传统慈父形象的书写范式，又以江湖庇护者的身份推动主要人物关系网的构建。"
PERSON#25,孔明,梁山,孔明，古典名著《水浒传》中的人物。一百单八将之一，绰号“毛头星”。青州人氏，原是孔家庄大少爷，与弟弟孔亮同为宋江的徒弟。后在白虎山落草，在联合二龙山、桃花山攻打青州后加入梁山。梁山大聚义时，排第六十二位，上应地猖星，担任守护中军步军骁将。征方腊时病死于杭州，追封义节郎。,[PERSON#25]，绰号“[PERSON#25]”。[LOCATION#234]人氏，原是[LOCATION#48]大少爷，与弟弟[PERSON#901]同为[PERSON#152]的徒弟。后在[LOCATION#178]落草，在联合[LOCATION#16]、[LOCATION#117]攻打[LOCATION#234]后加入[LOCATION#752]。[LOCATION#752]大聚义时，排第六十二位，上应地猖星，担任守护中军步军骁将。征[PERSON#598]时病死于[LOCATION#111]，追封义节郎。
PERSON#623,王公,百姓,"王公是元末明初施耐庵所著《水浒传》中的次要人物，首次登场于小说第二十一回。作为郓城县的市井百姓，在县前经营汤药摊位谋生，与宋江存在恩义关系。文中通过宋江酒醉偶遇王公的情节，展现其知恩图报的特性。王公虽生活清贫仍主动为宋江献上醒酒汤，引发出宋江回忆起曾允诺为其置办棺木的往事。这段看似平凡的市井互动，实际牵动着晁盖书信下落的关键线索——当宋江欲将招文袋中的金子赠予王公时，发现装有重要书信的袋子遗落在阎婆惜处，这一细节直接引发了后续""宋江怒杀阎婆惜""的重大情节转折。作者通过这个市井小人物与主要角色的短暂交集，既丰富了宋江重诺仗义的性格塑造，又巧妙地推动核心矛盾发展。王公虽出场短暂，却在故事结构中起着承上启下的作用，其知恩图报的形象与市井生活的细节描绘，共同构成《水浒传》底层社会图景的重要片段。","[PERSON#623]是元末明初[PERSON#409]所著[BOOK#22]中的次要人物。作为[LOCATION#219]县的市井[PERSON#1004]，在县前经营汤药摊位谋生，与[PERSON#152]存在恩义关系。文中通过[PERSON#152]酒醉偶遇[PERSON#623]的情节，展现其知恩图报的特性。[PERSON#623]虽生活清贫仍主动为[PERSON#152]献上醒酒汤，引发出[PERSON#152]回忆起曾允诺为其置办棺木的往事。这段看似平凡的市井互动，实际牵动着[PERSON#959]书信下落的关键线索——当[PERSON#152]欲将招文袋中的金子赠予[PERSON#623]时，发现装有重要书信的袋子遗落在[PERSON#183]处，这一细节直接引发了后续""""[PERSON#152]怒杀[PERSON#183]""""的重大情节转折。作者通过这个市井小人物与主要角色的短暂交集，既丰富了[PERSON#152]重诺仗义的性格塑造，又巧妙地推动核心矛盾发展。[PERSON#623]虽出场短暂，却在故事结构中起着承上启下的作用，其知恩图报的形象与市井生活的细节描绘，共同构成[BOOK#22]底层社会图景的重要片段。"
PERSON#627,扈成,地方势力,扈成是古典小说《水浒传》及其衍生作品中的虚拟人物，扈三娘之兄，扈家庄少主，绰号“飞天虎”，师从铁棒栾廷玉。原与祝家庄结盟，因妹妹被擒向梁山求和，后因李逵屠杀扈家庄逃亡，后为浦东军官。在《古本水浒传》中任青州团练使讨伐梁山，被董平所杀；在《水浒后传》中入伙登云山，诈降击败栾廷玉，最终海外立国。多数续作延续其参与梁山余部的情节。其历史原型为南宋抗金将领，曾参与建康保卫战，后因劫掠州郡被戚方伏杀。影视形象由潘引来（1998版）、张忠义（2011版）饰演。,[PERSON#627]是[BOOK#22]及其衍生作品中的虚拟人物，[PERSON#543]之兄，[LOCATION#92]少主，绰号“[PERSON#627]”，师从[PERSON#667][PERSON#667]。原与[LOCATION#185]结盟，因妹妹被擒向[LOCATION#752]求和，后因[PERSON#614]屠杀[LOCATION#92]逃亡，后为[LOCATION#152]军官。在[BOOK#6]中任[LOCATION#234]团练使讨伐[LOCATION#752]，被[PERSON#865]所杀；在[BOOK#24]中入伙[LOCATION#176]，诈降击败[PERSON#667]，最终海外立国。多数续作延续其参与[LOCATION#752]余部的情节。其历史原型为南宋抗金将领，曾参与建康保卫战，后因劫掠州郡被[PERSON#259]伏杀。
PERSON#916,马麟,梁山,马麟，古典名著《水浒传》中的人物。一百单八将之一，绰号“铁笛仙”。建康府人氏，小番子闲汉出身。原为黄门山三寨主，因钦慕宋江，而到梁山入伙。梁山大聚义时，排第六十七位，上应地明星，担任马军小彪将兼远探出哨头领。征方腊时战死于乌龙岭，追封义节郎。,[PERSON#916]，绰号“[PERSON#916]”。建康府人氏，小番子闲汉出身。原为[LOCATION#245]三寨主，因钦慕[PERSON#152]，而到[LOCATION#752]入伙。[LOCATION#752]大聚义时，排第六十七位，上应地明星，担任马军小彪将兼远探出哨头领。征[PERSON#598]时战死于[LOCATION#13]，追封义节郎。
PERSON#306,赵枢密,朝廷,在《水浒传》中，赵枢密是宋朝朝廷派往梁山军中的监军，其正式官职为枢密使或枢密院同知，是代表皇帝和朝廷监督战事的重要官员。赵枢密在梁山好汉接受招安并奉命征讨辽国时，被宋徽宗任命为监军，随军行动。他的核心职责是代表皇帝和朝廷监督战事，协调前线军队与中央的联系，例如负责向宋江部队传达指令、押运御赐的粮草衣袄等。尽管他本人并非冲锋陷阵的将领，但其作为朝廷重臣的身份对梁山军队的后勤与士气有着重要影响。在“宋公明大战幽州”等情节中，赵枢密始终扮演着连接朝廷与前线桥梁的角色。当宋江部队面临辽军“混天象阵”屡战不胜时，他一方面向朝廷申奏军情请求支援，另一方面也对战局深感忧虑，体现了其身处高位的责任与压力。在破辽之战胜利后，也是由赵枢密和宿太尉共同向朝廷申奏成功，并安排班师回朝等事宜。赵枢密与梁山好汉的关系较为复杂。一方面，他作为朝廷代表，对宋江等人的功绩表示认可，曾承诺“下官回朝，于天子前必当重保”；另一方面，他也需要维护朝廷的权威和利益。在征辽过程中，他与宋江、吴用等梁山将领多次商议军情，共同制定作战计划。在北宋时期，枢密使是最高军事长官之一，常由文官担任，负责掌握军队的编制管理和出兵命令。这一职务的设置体现了北宋“以文制武”的政策，旨在防止武将专权。在《水浒传》中，赵枢密的形象反映了当时朝廷对地方军事力量的监督和控制机制。,[PERSON#306]是宋朝[LOCATION#753]派往[LOCATION#752]军中的监军，其正式官职为枢密使或枢密院同知，是代表皇帝和[LOCATION#753]监督战事的重要官员。[PERSON#306]在[LOCATION#752]好汉接受招安并奉命征讨[LOCATION#213]时，被[PERSON#571]任命为监军，随军行动。他的核心职责是代表皇帝和[LOCATION#753]监督战事，协调前线军队与中央的联系，例如负责向[PERSON#152]部队传达指令、押运御赐的粮草衣袄等。尽管他本人并非冲锋陷阵的将领，但其作为[LOCATION#753]重臣的身份对[LOCATION#752]军队的后勤与士气有着重要影响。在“[PERSON#152]大战[LOCATION#75]”等情节中，[PERSON#306]始终扮演着连接[LOCATION#753]与前线桥梁的角色。当[PERSON#152]部队面临辽军“混天象阵”屡战不胜时，他一方面向[LOCATION#753]申奏军情请求支援，另一方面也对战局深感忧虑，体现了其身处高位的责任与压力。在破辽之战胜利后，也是由[PERSON#306]和[PERSON#26]共同向[LOCATION#753]申奏成功，并安排班师回朝等事宜。[PERSON#306]与[LOCATION#752]好汉的关系较为复杂。一方面，他作为[LOCATION#753]代表，对[PERSON#152]等人的功绩表示认可，曾承诺“下官回朝，于天子前必当重保”；另一方面，他也需要维护[LOCATION#753]的权威和利益。在征辽过程中，他与[PERSON#152]、[PERSON#546]等[LOCATION#752]将领多次商议军情，共同制定作战计划。在北宋时期，枢密使是最高军事长官之一，常由文官担任，负责掌握军队的编制管理和出兵命令。这一职务的设置体现了北宋“以文制武”的政策，旨在防止武将专权。在[BOOK#22]中，[PERSON#306]的形象反映了当时[LOCATION#753]对地方军事力量的监督和控制机制。
PERSON#757,凌振,梁山,凌振，古典名著《水浒传》中的人物。一百单八将之一，绰号“轰天雷”。祖贯燕陵，原是东京甲仗库副使炮手。呼延灼攻打梁山时，请来凌振协助。凌振被吴用使计活捉，归顺了梁山。梁山大聚义时，排第五十二位，上应地轴星，负责制造大小火炮。征方腊后幸存，被火药局御营任用。,[PERSON#757]，绰号“[PERSON#757]”。祖贯燕陵，原是[LOCATION#2]甲仗库副使炮手。[PERSON#434]攻打[LOCATION#752]时，请来[PERSON#757]协助。[PERSON#757]被[PERSON#546]使计活捉，归顺了[LOCATION#752]。[LOCATION#752]大聚义时，排第五十二位，上应地轴星，负责制造大小火炮。征[PERSON#598]后幸存，被火药局御营任用。
PERSON#799,单廷珪,梁山,单廷珪，或写作“单廷圭”，古典名著《水浒传》中的人物。一百单八将之一，擅长用水浸兵之法，绰号“圣水将”。原与魏定国同为凌州团练使，奉命攻打梁山，被关胜用拖刀计捉住后归顺梁山。梁山大聚义时，排第四十四位，上应地奇星，任马军小彪将兼远探出哨头领。征方腊攻歙州时，与魏定国一同摔入坑中，被伏兵所杀。,[PERSON#799]，或写作“[PERSON#799]”，擅长用水浸兵之法，绰号“[PERSON#799]”。原与[PERSON#60]同为[LOCATION#27]团练使，奉命攻打[LOCATION#752]，被[PERSON#702]用拖刀计捉住后归顺[LOCATION#752]。[LOCATION#752]大聚义时，排第四十四位，上应地奇星，任马军小彪将兼远探出哨头领。征[PERSON#598]攻[LOCATION#126]时，与[PERSON#60]一同摔入坑中，被伏兵所杀。
PERSON#962,刘太公,百姓,"刘太公是《水浒传》中桃花村的庄主，首次登场于第五回""小霸王醉入销金帐 花和尚大闹桃花村""。其年近六旬，因女儿被桃花山二寨主周通强娶而陷入困境时，仍以善心接待借宿的鲁智深，最终在鲁智深干预下化解危机。该事件展现了其身处困境仍保有仁厚性格的特征。在第七十三回""黑旋风乔捉鬼 梁山泊双献头""中，李逵听闻假宋江强抢刘太公之女，怒而返回梁山砍倒杏黄旗，指责宋江""贪色欲""。作为《水浒传》中少数被细致刻画的平民形象，其两次嫁女风波构成推动情节发展的重要节点。","[PERSON#962]是[LOCATION#118]的庄主，首次登场于""""[PERSON#4]醉入销金帐 [PERSON#532]大闹[LOCATION#118]""""。其年近六旬，因女儿被[LOCATION#117]二寨主[PERSON#4]强娶而陷入困境时，仍以善心接待借宿的[PERSON#532]，最终在[PERSON#532]干预下化解危机。该事件展现了其身处困境仍保有仁厚性格的特征。在""""[PERSON#614]乔捉鬼 [LOCATION#752]双献头""""中，[PERSON#614]听闻假[PERSON#152]强抢[PERSON#962]之女，怒而返回[LOCATION#752]砍倒杏黄旗，指责[PERSON#152]""""贪色欲""""。作为[BOOK#22]中少数被细致刻画的平民形象，其两次嫁女风波构成推动情节发展的重要节点。"
PERSON#753,赵婆,百姓,在?《水浒传》?中，赵婆是东京名妓赵元奴的鸨母（虔婆），与李师师的虔婆同为汴京风月场的经营者。其背景为北宋末年东京城的高级妓院从业者，以精明势利著称。关键事件出现在第七十二回：宋江为招安大计，在拜访李师师后欲通过赵元奴搭上宋徽宗，派燕青以“山东巨富客商”名义携百两白银求见，但赵婆以“女儿身体不爽”为由断然拒绝，即便燕青强调“要啥给啥”仍不为所动，导致宋江计划受挫。这一情节凸显赵婆比李师师虔婆更谨慎强势，甚至对梁山势力也保持戒备，侧面反映其深谙权贵圈规则——她可能预见到勾结“草寇”的风险，故不惜放弃重金也要切割关系。,在?[BOOK#22]?中，[PERSON#753]是[LOCATION#2]名妓[PERSON#79]的鸨母（[PERSON#849]），与[PERSON#416]的[PERSON#849]同为[LOCATION#133]风月场的经营者。其背景为北宋末年[LOCATION#2]的高级妓院从业者，以精明势利著称。关键事件出现在：[PERSON#152]为招安大计，在拜访[PERSON#416]后欲通过[PERSON#79]搭上[PERSON#571]，派[PERSON#350]以“[LOCATION#65]巨富客商”名义携百两白银求见，但[PERSON#753]以“女儿身体不爽”为由断然拒绝，即便[PERSON#350]强调“要啥给啥”仍不为所动，导致[PERSON#152]计划受挫。这一情节凸显[PERSON#753]比[PERSON#416][PERSON#849]更谨慎强势，甚至对[LOCATION#752]势力也保持戒备，侧面反映其深谙权贵圈规则——她可能预见到勾结“草寇”的风险，故不惜放弃重金也要切割关系。
PERSON#855,童猛,梁山,童猛，古典名著《水浒传》中的人物。一百单八将之一，绰号“翻江蜃”。童威的弟弟，早先在浔阳江上贩卖私盐，与李俊颇有交情。随李俊等人入伙梁山后，成为水军头领之一。梁山大聚义时，排第六十九位，上应地退星，与阮小七驻守梁山西北水寨。平定方腊返回途中，因不愿做官，和李俊及童威一起，从太仓港远渡到暹罗国。童猛亦在《水浒后传》等续书中出场。,[PERSON#855]，绰号“[PERSON#855]”。[PERSON#569]的弟弟，早先在[LOCATION#151]上贩卖私盐，与[PERSON#66]颇有交情。随[PERSON#66]等人入伙[LOCATION#752]后，成为水军头领之一。[LOCATION#752]大聚义时，排第六十九位，上应地退星，与[PERSON#604]驻守[LOCATION#123]。平定[PERSON#598]返回途中，因不愿做官，和[PERSON#66]及[PERSON#569]一起，从[LOCATION#44]远渡到[LOCATION#107]。[PERSON#855]亦在[BOOK#24]等续书中出场。
PERSON#497,穆春,梁山,穆春，古典名著《水浒传》中的人物。一百单八将之一，绰号“小遮拦”。江州人氏，原是揭阳镇富户，与哥哥穆弘为当地一霸。后参与营救宋江，大闹江州，是白龙庙二十九英雄之一。梁山大聚义时，排第八十位，上应地镇星，担任步军将校。征方腊回朝授武奕郎，后辞官返回揭阳镇。,[PERSON#497]，绰号“[PERSON#497]”。[LOCATION#131]人氏，原是[LOCATION#98]富户，与哥哥[PERSON#376]为当地一霸。后参与营救[PERSON#152]，大闹[LOCATION#131]，是[LOCATION#179]二十九英雄之一。[LOCATION#752]大聚义时，排第八十位，上应地镇星，担任步军将校。征[PERSON#598]回朝授武奕郎，后辞官返回[LOCATION#98]。
PERSON#840,项元镇,朝廷,项元镇是元末明初小说《水浒传》中的虚构角色，原为绿林出身，后受招安任琅琊彭城节度使，善使长枪，隶属高俅征讨梁山的十路节度使之一。征讨梁山时曾与董平交战，诈败后用背射箭术射中其右臂（董平此前曾躲过张清飞石）。高俅兵败后，项元镇虽突围撤退，与其共同突围的周昂、王焕、张开皆为当世猛将，足见其武艺精湛。该角色亦现身于卡牌游戏《全民水浒》，定位为高攻战将。,[PERSON#840]是元末明初小说[BOOK#22]中的虚构角色，原为绿林出身，后受招安任[LOCATION#172]彭城节度使，善使长枪，隶属[PERSON#974]征讨[LOCATION#752]的十路节度使之一。征讨[LOCATION#752]时曾与[PERSON#865]交战，诈败后用背射箭术射中其右臂（[PERSON#865]此前曾躲过[PERSON#786]飞石）。[PERSON#974]兵败后，[PERSON#840]虽突围撤退，与其共同突围的[PERSON#782]、[PERSON#535]、[PERSON#582]皆为当世猛将，足见其武艺精湛。该角色亦现身于卡牌游戏[BOOK#2]，定位为高攻战将。
PERSON#539,张社长,百姓,张社长为《水浒传》中的虚构人物，出自明代施耐庵所著小说第三十五回，系郓城村口酒店店主，与主人公宋江私交密切。其在原著中以次要角色身份介入关键情节，推动故事转折发展。宋江因误信弟弟宋清谎称父亲病故的家书，返家途中至张社长店中暂歇。张社长察觉其悲痛后，告知宋太公当日仍在酒店饮酒，直接揭穿宋清伪造父丧的骗局。此举促使宋江归家核实真相，进而发现父亲健在，为后续情节埋下伏笔。该角色虽出场短暂，但通过提供关键信息打破叙事悬念，展现出市井人物的直率特质。其对话细节既强化小说虚实交织的叙事风格，亦凸显旁观者视角对情节的客观推动作用。,[PERSON#539]为[BOOK#22]中的虚构人物，出自明代[PERSON#409]所著小说，系[LOCATION#219]村口酒店店主，与主人公[PERSON#152]私交密切。其在原著中以次要角色身份介入关键情节，推动故事转折发展。[PERSON#152]因误信弟弟[PERSON#107]谎称父亲病故的家书，返家途中至[PERSON#539]店中暂歇。[PERSON#539]察觉其悲痛后，告知[PERSON#588]当日仍在酒店饮酒，直接揭穿[PERSON#107]伪造父丧的骗局。此举促使[PERSON#152]归家核实真相，进而发现父亲健在，为后续情节埋下伏笔。该角色虽出场短暂，但通过提供关键信息打破叙事悬念，展现出市井人物的直率特质。其对话细节既强化小说虚实交织的叙事风格，亦凸显旁观者视角对情节的客观推动作用。
PERSON#774,金福侍郎,辽国,金福侍郎是《水浒传》中的辽国武将，与叶清侍郎同为辽国国舅或御弟大王耶律得重麾下的大将，奉命镇守霸州。在宋江率军诈降智取霸州时，金福侍郎作为守城官员之一被俘，后因宋江以礼相待并释放返回辽国。,[PERSON#774]是[BOOK#22]中的[LOCATION#213]武将，与[PERSON#108]同为[LOCATION#213]国舅或[PERSON#296][PERSON#296]麾下的大将，奉命镇守[LOCATION#233]。在[PERSON#152]率军诈降智取[LOCATION#233]时，[PERSON#774]作为守城官员之一被俘，后因[PERSON#152]以礼相待并释放返回[LOCATION#213]。
PERSON#2,贺拆,辽国,贺拆（？~1122年）是古典名著《水浒传》中的辽国将领，北宋时期辽国副统军贺重宝之弟，于《水浒传》第八十六回登场。他随兄长贺重宝参与对宋作战，角色定位为辽军阵营武将。贺拆奉命率部佯攻霸州，与宋江军交战时故意诈败，实施诱敌深入之计。后在幽州战役的峪口战场与林冲正面交锋，仅两合便被刺落马下，成为宋军突破防线的关键战例。贺拆作为贺氏兄弟军事集团成员，他的死亡加速了辽军在霸州-蓟州战线的溃败进程。,[PERSON#2]（？~1122年）是[BOOK#22]中的[LOCATION#213]将领，北宋时期[LOCATION#213]副统军[PERSON#281]之弟。他随兄长[PERSON#281]参与对宋作战，角色定位为辽军阵营武将。[PERSON#2]奉命率部佯攻[LOCATION#233]，与[PERSON#152]军交战时故意诈败，实施诱敌深入之计。后在[LOCATION#75]战役的[LOCATION#70]战场与[PERSON#699]正面交锋，仅两合便被刺落马下，成为宋军突破防线的关键战例。[PERSON#2]作为贺氏兄弟军事集团成员，他的死亡加速了辽军在[LOCATION#233]-[LOCATION#202]战线的溃败进程。
PERSON#562,贺云,辽国,贺云是《水浒传》中辽国副统军贺重宝之弟，与哥哥贺拆同为辽军将领，在梁山征辽战役中登场。贺云受命佯攻蓟州时遭遇呼延灼部实施诈败战术，将宋军诱至幽州境内。青石峪战役中，贺拆被林冲刺杀后，贺云遭李逵砍断马脚落马，最终被其双斧斩杀。此战导致辽军失去重要支援力量，成为幽州战役转折点。公孙胜破除贺重宝妖法后，宋江率军攻陷幽州。,[PERSON#562]是[BOOK#22]中[LOCATION#213]副统军[PERSON#281]之弟，与哥哥[PERSON#2]同为辽军将领，在[LOCATION#752]征辽战役中登场。[PERSON#562]受命佯攻[LOCATION#202]时遭遇[PERSON#434]部实施诈败战术，将宋军诱至[LOCATION#75]境内。[LOCATION#235]战役中，[PERSON#2]被[PERSON#699]刺杀后，[PERSON#562]遭[PERSON#614]砍断马脚落马，最终被其双斧斩杀。此战导致辽军失去重要支援力量，成为[LOCATION#75]战役转折点。[PERSON#204]破除[PERSON#281]妖法后，[PERSON#152]率军攻陷[LOCATION#75]。
PERSON#814,耶律得荣,辽国,耶律得荣是《水浒传》中辽国统军兀颜光麾下的十一曜大将之一，对应罗睺星宿。作为皇室成员，该角色与耶律得忠共同构成辽国皇族势力的双人组合，在幽州战役中统领三千兵马参与太乙混天象阵的布阵。其结局与阵法的溃败直接相关，最终死于宋军破阵的混战。,[PERSON#814]是[BOOK#22]中[LOCATION#213]统军[PERSON#461]麾下的十一曜大将之一，对应罗睺星宿。作为皇室成员，该角色与[PERSON#656]共同构成[LOCATION#213]皇族势力的双人组合，在[LOCATION#75]战役中统领三千兵马参与太乙混天象阵的布阵。其结局与阵法的溃败直接相关，最终死于宋军破阵的混战。
PERSON#769,李金吾,辽国,李金吾是《水浒传》第八十七回中登场的虚构辽国将领，官拜李集军都统，参与幽州战役时与梁山将领秦明交战被击杀。该战役中辽军统帅兀颜延寿率太真驸马、李金吾等将领对抗宋江军队，最终宋军通过九宫八卦阵取得胜利。,[PERSON#769]是[BOOK#22]中登场的虚构[LOCATION#213]将领，官拜李集军都统，参与[LOCATION#75]战役时与[LOCATION#752]将领[PERSON#253]交战被击杀。该战役中辽军统帅[PERSON#876]率[PERSON#592]、[PERSON#769]等将领对抗[PERSON#152]军队，最终宋军通过九宫八卦阵取得胜利。
PERSON#890,曲利出清,辽国,曲利出清是《水浒传》中辽国军事体系的重要武将，位列十一曜星将之北方玄武水星大将。作为太乙混天象阵的组成部分，其统领的三千兵马隶属辽国兀颜统军指挥序列。该人物在与梁山军的决战中使用三尖两刃刀作战，最终在太乙混天象阵被破时被梁山好汉朱仝生擒。,[PERSON#890]是[BOOK#22]中[LOCATION#213]军事体系的重要武将，位列十一曜星将之北方玄武水星大将。作为太乙混天象阵的组成部分，其统领的三千兵马隶属[LOCATION#213]兀颜统军指挥序列。该人物在与[LOCATION#752]军的决战中使用三尖两刃刀作战，最终在太乙混天象阵被破时被[LOCATION#752]好汉[PERSON#142]生擒。
PERSON#899,褚坚,辽国,褚坚，中国古典小说《水浒传》中辽国右丞相。辽军被击败后，褚坚奉国主命出使北宋，以金银财物贿赂蔡京、童贯等权臣，通过朝堂施压迫使宋江停止追击。其先赴宋江军中议和，继而入京重金贿赂四大奸臣，最终促成宋辽议和。作为辽方政治代表，褚坚通过外交斡旋与军事失败相配合，成功瓦解梁山军攻势，其行动直接改变宋辽战局走向，成为小说中政治博弈与军事斗争交织的典型案例。,[PERSON#899]，中国[BOOK#22]中[LOCATION#213]右丞相。辽军被击败后，[PERSON#899]奉国主命出使北宋，以金银财物贿赂[PERSON#369]、[PERSON#398]等权臣，通过朝堂施压迫使[PERSON#152]停止追击。其先赴[PERSON#152]军中议和，继而入京重金贿赂四大奸臣，最终促成宋辽议和。作为辽方政治代表，[PERSON#899]通过外交斡旋与军事失败相配合，成功瓦解[LOCATION#752]军攻势，其行动直接改变宋辽战局走向，成为小说中政治博弈与军事斗争交织的典型案例。
PERSON#727,幽西孛瑾,辽国,幽西孛瑾是中国古典小说《水浒传》中辽国的核心政治人物，担任左丞相一职，与右丞相太师褚坚共同辅佐辽国狼主。在宋江率军攻占辽国四座大郡的关键战役中，他主导朝廷议事并提出降宋主张，推动辽国派遣使臣向宋朝请罪纳降。其政治决策贯穿辽宋谈判全过程，最终随辽主出城迎接宋朝使臣完成投降仪式。该人物在手游《全民水浒》中被设定为紫色品质谋士，拥有免疫后排异常状态的护盾技能。,[PERSON#727]是中国[BOOK#22]中[LOCATION#213]的核心政治人物，担任左丞相一职，与右丞相太师[PERSON#899]共同辅佐[LOCATION#213]狼主。在[PERSON#152]率军攻占[LOCATION#213]四座大郡的关键战役中，他主导[LOCATION#753]议事并提出降宋主张，推动[LOCATION#213]派遣使臣向宋朝请罪纳降。其政治决策贯穿辽宋谈判全过程，最终随辽主出城迎接宋朝使臣完成投降仪式。该人物在手游[BOOK#2]中被设定为紫色品质谋士，拥有免疫后排异常状态的护盾技能。
PERSON#907,李固,百姓,李固是古典小说《水浒传》中的虚构人物，北宋时期卢俊义的管家，在《水浒外传》《玉麒麟卢俊义》等作品中亦有登场，影视形象由毕远晋、邹璐、夏添等人扮演。作为卢府管家，李固与卢俊义之妻贾氏私通，并设计驱逐忠仆燕青，后诬告卢俊义私通梁山导致其入狱。梁山好汉劫法场救出卢俊义后，李固与贾氏被绑缚于将军柱上，最终遭卢俊义割腹剜心凌迟处死。该角色以私通主母、侵吞财产、谋害主人三项行为成为忘恩负义的典型形象，其死亡场景通过宋江让卢俊义自行发落的情节完成人物结局。,[PERSON#907]是[BOOK#22]中的虚构人物，北宋时期[PERSON#156]的管家，在[BOOK#25][BOOK#29]等作品中亦有登场。作为卢府管家，[PERSON#907]与[PERSON#156]之妻[PERSON#30]私通，并设计驱逐忠仆[PERSON#350]，后诬告[PERSON#156]私通[LOCATION#752]导致其入狱。[LOCATION#752]好汉劫法场救出[PERSON#156]后，[PERSON#907]与[PERSON#30]被绑缚于将军柱上，最终遭[PERSON#156]割腹剜心凌迟处死。该角色以私通主母、侵吞财产、谋害主人三项行为成为忘恩负义的典型形象，其死亡场景通过[PERSON#152]让[PERSON#156]自行发落的情节完成人物结局。
PERSON#792,贺太守,朝廷,贺太守是古典小说《水浒传》中的反派角色，作为蔡京门生，任华州太守期间霸占画师王义之女玉娇枝，引发史进和鲁智深的营救行动。鲁智深刺杀失败被囚后，戴宗利用神行法返回梁山泊报信。宋江率军假借宿太尉仪仗，设计诱杀贺太守，救出史进与鲁智深。贺太守贪腐暴虐，滥用职权欺压百姓，其形象集中体现了作者对封建官僚体系的批判。,[PERSON#792]是[BOOK#22]中的反派角色，作为[PERSON#369]门生，任[LOCATION#33]太守期间霸占画师[PERSON#494]之女[PERSON#15]，引发[PERSON#277]和[PERSON#532]的营救行动。[PERSON#532]刺杀失败被囚后，[PERSON#968]利用神行法返回[LOCATION#752]报信。[PERSON#152]率军假借[PERSON#26]仪仗，设计诱杀[PERSON#792]，救出[PERSON#277]与[PERSON#532]。[PERSON#792]贪腐暴虐，滥用职权欺压[PERSON#1004]，其形象集中体现了作者对封建官僚体系的批判。
PERSON#671,朱富,梁山,朱富，古典名著《水浒传》中的人物。一百单八将之一，绰号“笑面虎”。朱贵的弟弟，李逵的同乡。为兄弟义气上了梁山，在山寨负责监造、供应酒醋。梁山大聚义时，排第九十三位，上应地藏星。征讨方腊途中病逝，追封义节郎。朱富的主要事迹有营救李逵、迫使李云上梁山。,[PERSON#671]，绰号“[PERSON#671]”。[PERSON#427]的弟弟，[PERSON#614]的同乡。为兄弟义气上了[LOCATION#752]，在山寨负责监造、供应酒醋。[LOCATION#752]大聚义时，排第九十三位，上应地藏星。征讨[PERSON#598]途中病逝，追封义节郎。[PERSON#671]的主要事迹有营救[PERSON#614]、迫使[PERSON#279]上[LOCATION#752]。
PERSON#887,马士弘,朝廷,在《水浒传》中，马士弘是蓟州府的知府。他虽出场短暂，但形象鲜明。书中形容他“读书千卷，每闻今古之事”，是一位学识渊博、见识不凡的文官。他的关键出场是在第五十三回。当时李逵因斧劈罗真人，被罗真人施法送至蓟州府衙公堂之上，从半空中跌落下来。面对这突如其来的“黑大汉”，马士弘并未惊慌失措，而是冷静地喝道：“你这厮是哪里妖人？如何从半天里吊将下来？”他根本不信李逵自称是罗真人弟子的谎话，依据其学识判断李逵是“妖人”，并下令用狗血粪尿泼洒，随后关入大牢。,在[BOOK#22]中，[PERSON#887]是[LOCATION#202]的知府。他虽出场短暂，但形象鲜明。书中形容他“读书千卷，每闻今古之事”，是一位学识渊博、见识不凡的文官。他的关键出场是在当时[PERSON#614]因斧劈[PERSON#658]，被[PERSON#658]施法送至[LOCATION#202]衙公堂之上，从半空中跌落下来。面对这突如其来的“黑大汉”，[PERSON#887]并未惊慌失措，而是冷静地喝道：“你这厮是哪里妖人？如何从半天里吊将下来？”他根本不信[PERSON#614]自称是[PERSON#658]弟子的谎话，依据其学识判断[PERSON#614]是“妖人”，并下令用狗血粪尿泼洒，随后关入大牢。
PERSON#893,焦挺,梁山,焦挺，古典名著《水浒传》中的人物。一百单八将之一，绰号“没面目”。中山府人氏，出身相扑世家，后流落江湖。因结识李逵，而到梁山入伙。梁山大聚义时，排第九十八位，上应地恶星，担任步军将校。征方腊时战死于润州，追封义节郎。,[PERSON#893]，绰号“[PERSON#893]”。[LOCATION#11]人氏，出身相扑世家，后流落江湖。因结识[PERSON#614]，而到[LOCATION#752]入伙。[LOCATION#752]大聚义时，排第九十八位，上应地恶星，担任步军将校。征[PERSON#598]时战死于[LOCATION#153]，追封义节郎。
PERSON#726,耶律宗霖,辽国,耶律宗霖，中国古典小说《水浒传》中的人物。辽国将领，为蓟州守将御弟大王耶律得重的第四子，与耶律宗云、耶律宗雷、耶律宗电互为兄弟。在梁山征讨辽国战役中，耶律宗霖四兄弟合力对战梁山将领卢俊义，最终被卢俊义斩杀。,[PERSON#726]，中国[LOCATION#213]将领，为[LOCATION#202]守将[PERSON#296][PERSON#296]的第四子，与[PERSON#352]、[PERSON#3]、[PERSON#307]互为兄弟。在[LOCATION#752]征讨[LOCATION#213]战役中，[PERSON#726]四兄弟合力对战[LOCATION#752]将领[PERSON#156]，最终被[PERSON#156]斩杀。
PERSON#352,耶律宗云,辽国,耶律宗云是古典小说《水浒传》中的虚构角色，契丹族，为辽国蓟州守将御弟大王耶律得重长子，与耶律宗霖、耶律宗电、耶律宗雷并称“耶律四子”，负责镇守蓟州。在宋江率军北伐辽国时，耶律宗云作为辽军主将参与玉田县战役。其率先挑战梁山五虎将之首关胜，交战五合后因不敌被耶律宗霖协助。四兄弟随后分别与呼延灼、徐宁、索超等人展开混战，双方陷入胶着状态。最终卢俊义部队攻破辽军防线，耶律宗云遭燕青弩箭射中鼻梁身亡。,[PERSON#352]是[BOOK#22]中的虚构角色，契丹族，为[LOCATION#213][LOCATION#202]守将[PERSON#296][PERSON#296]长子，与[PERSON#726]、[PERSON#307]、[PERSON#3]并称“耶律四子”，负责镇守[LOCATION#202]。在[PERSON#152]率军北伐[LOCATION#213]时，[PERSON#352]作为辽军主将参与[LOCATION#171]战役。其率先挑战[LOCATION#752]五虎将之首[PERSON#702]，交战五合后因不敌被[PERSON#726]协助。四兄弟随后分别与[PERSON#434]、[PERSON#336]、[PERSON#86]等人展开混战，双方陷入胶着状态。最终[PERSON#156]部队攻破辽军防线，[PERSON#352]遭[PERSON#350]弩箭射中鼻梁身亡。
PERSON#307,耶律宗电,辽国,"耶律宗电是《水浒传》中辽国蓟州守将耶律得重的次子，与宗云、宗雷、宗霖并称""耶律四子""。作为辽国军事体系的核心成员，四兄弟共同镇守战略要地蓟州，其职责与宋江北伐大辽的战役背景紧密相关。在原著设定中，该人物通过专题列传形式被系统记载于《水浒豪杰名录》，突显其在辽国边防体系中的重要性。","[PERSON#307]是[BOOK#22]中[LOCATION#213][LOCATION#202]守将[PERSON#296]的次子，与[PERSON#931]、[PERSON#1000]、[PERSON#262]并称""""耶律四子""""。作为[LOCATION#213]军事体系的核心成员，四兄弟共同镇守战略要地[LOCATION#202]，其职责与[PERSON#152]北伐大辽的战役背景紧密相关。在原著设定中，该人物通过专题列传形式被系统记载于[BOOK#26]，突显其在[LOCATION#213]边防体系中的重要性。"
PERSON#3,耶律宗雷,辽国,耶律宗雷是古典小说《水浒传》中的虚构人物，辽国御弟大王耶律得重三子，与宗云、宗电、宗霖并称“耶律四子”，共同镇守蓟州要地。其形象以勇猛鲁莽为特点，属于辽军征讨梁山时的先锋将领。在梁山征辽战役中，他与耶律宗电率军出战，分别与索超、徐宁交战未分胜负。后在卢俊义攻辽时，四兄弟合力围攻对方，鏖战一个时辰后因宗霖被杀而溃退。此战凸显了卢俊义的武艺，也反映了辽军战力层次。该角色作为战争叙事的功能性人物，通过短暂登场烘托主角实力，最终随辽国战败退出故事。,[PERSON#3]是[BOOK#22]中的虚构人物，[LOCATION#213][PERSON#296][PERSON#296]三子，与[PERSON#931]、[PERSON#149]、[PERSON#262]并称“耶律四子”，共同镇守[LOCATION#202]要地。其形象以勇猛鲁莽为特点，属于辽军征讨[LOCATION#752]时的先锋将领。在[LOCATION#752]征辽战役中，他与[PERSON#307]率军出战，分别与[PERSON#86]、[PERSON#336]交战未分胜负。后在[PERSON#156]攻辽时，四兄弟合力围攻对方，鏖战一个时辰后因[PERSON#262]被杀而溃退。此战凸显了[PERSON#156]的武艺，也反映了辽军战力层次。该角色作为战争叙事的功能性人物，通过短暂登场烘托主角实力，最终随[LOCATION#213]战败退出故事。
PERSON#707,天山勇,辽国,天山勇是元末明初施耐庵小说《水浒传》中的辽国将领，任蓟州副总兵，隶属御弟大王耶律得重麾下，以善使漆抹弩与铁翎箭“一点油”闻名。该角色首次登场于第八十四回，参与蓟州对抗宋江大军的战役。在玉田县之战中，他趁梁山将领张清与辽军交战时突袭，用弩箭射中其咽喉致其重伤。后随耶律得重迎战宋江，与徐宁交战二十余合被钩镰枪刺落马下阵亡。其死亡加速辽军溃败，成为梁山攻取蓟州的关键转折。作为辽军重要战力，天山勇凭借精准弩术与战术突袭，展现了异族将领的军事特征。其败亡于梁山将领之手，反映了原著中辽国势力逐步瓦解的叙事脉络。,[PERSON#707]是元末明初[PERSON#409]小说[BOOK#22]中的[LOCATION#213]将领，任[LOCATION#202]副总兵，隶属[PERSON#296][PERSON#296]麾下，以善使漆抹弩与铁翎箭“一点油”闻名。该角色参与[LOCATION#202]对抗[PERSON#152]大军的战役。在[LOCATION#171]之战中，他趁[LOCATION#752]将领[PERSON#786]与辽军交战时突袭，用弩箭射中其咽喉致其重伤。后随[PERSON#296]迎战[PERSON#152]，与[PERSON#336]交战二十余合被钩镰枪刺落马下阵亡。其死亡加速辽军溃败，成为[LOCATION#752]攻取[LOCATION#202]的关键转折。作为辽军重要战力，[PERSON#707]凭借精准弩术与战术突袭，展现了异族将领的军事特征。其败亡于[LOCATION#752]将领之手，反映了原著中[LOCATION#213]势力逐步瓦解的叙事脉络。
PERSON#888,丁得孙,梁山,丁得孙，古典名著《水浒传》中的人物。一百单八将之一，面颊及全身都有疤痕，绰号“中箭虎”。原是东昌府守将张清的副将。卢俊义攻打东昌府失利，宋江前去支援，丁得孙被吕方、郭盛所捉，归降梁山。梁山大聚义时，排第七十九位，上应地速星，任步军将校。征方腊过程中被毒蛇咬伤致死，追封义节郎。,[PERSON#888]，面颊及全身都有疤痕，绰号“[PERSON#888]”。原是[LOCATION#7]守将[PERSON#786]的副将。[PERSON#156]攻打[LOCATION#7]失利，[PERSON#152]前去支援，[PERSON#888]被[PERSON#761]、[PERSON#298]所捉，归降[LOCATION#752]。[LOCATION#752]大聚义时，排第七十九位，上应地速星，任步军将校。征[PERSON#598]过程中被毒蛇咬伤致死，追封义节郎。
PERSON#879,陈益,方腊,陈益是古典小说《水浒传》中的人物，为江南方腊阵营头领，父亲陈观、弟弟陈泰均属同一阵营。陈观作为扬州城地主，暗中与方腊部将吕枢密勾结，运送粮草钱财资助叛军。梁山好汉通过燕青假扮叶虞候叶贵骗取信任，里应外合攻入陈家庄院，最终将陈观、陈益、陈泰父子三人剿灭。该人物在原著中仅出现于梁山征讨方腊战役相关章节，全程未脱离扬州地界即被清除。,[PERSON#879]是为[LOCATION#130][PERSON#598]阵营头领，父亲[PERSON#150]、弟弟[PERSON#944]均属同一阵营。[PERSON#150]作为[LOCATION#94]地主，暗中与[PERSON#598]部将[PERSON#232]勾结，运送粮草钱财资助叛军。[LOCATION#752]好汉通过[PERSON#350]假扮[PERSON#1002][PERSON#1002]骗取信任，里应外合攻入[LOCATION#229]，最终将[PERSON#150]、[PERSON#879]、[PERSON#944]父子三人剿灭。该人物在原著中仅出现于[LOCATION#752]征讨[PERSON#598]战役相关章节，全程未脱离[LOCATION#94]地界即被清除。
PERSON#944,陈泰,方腊,陈泰是《水浒传》中的虚构人物，方腊麾下将领，陈将士陈观次子，兄长名为陈益。陈观作为扬州地主，暗中勾结方腊部将润州守将吕枢密，通过运送钱粮资助叛军。梁山探知此事后，派遣燕青假扮叶虞候叶贵诈降，最终与梁山兵马里应外合将陈观、陈益、陈泰父子三人剿灭。该人物因父辈通敌行为被卷入梁山与方腊势力的对抗，父子三人皆在此次事件中丧生。,[PERSON#944]，[PERSON#598]麾下将领，[PERSON#150][PERSON#150]次子，兄长名为[PERSON#879]。[PERSON#150]作为[LOCATION#94]地主，暗中勾结[PERSON#598]部将[LOCATION#153]守将[PERSON#232]，通过运送钱粮资助叛军。[LOCATION#752]探知此事后，派遣[PERSON#350]假扮[PERSON#1002][PERSON#1002]诈降，最终与[LOCATION#752]兵马里应外合将[PERSON#150]、[PERSON#879]、[PERSON#944]父子三人剿灭。该人物因父辈通敌行为被卷入[LOCATION#752]与[PERSON#598]势力的对抗，父子三人皆在此次事件中丧生。
PERSON#905,宣赞,梁山,宣赞，古典名著《水浒传》中的人物。一百单八将之一，绰号“丑郡马”。原是郡王府郡马，相貌丑陋，使得郡主怀恨身亡，因而不得重用，屈为步司衙门防御使保义。他曾向蔡京举荐关胜，并随关胜征讨梁山，后被俘归降。梁山大聚义时，排第四十位，上应地杰星，职司为马军小彪将兼远探出哨头领。征方腊时战死于苏州，追封义节郎。,[PERSON#905]，绰号“[PERSON#905]”。原是[LOCATION#221]郡马，相貌丑陋，使得郡主怀恨身亡，因而不得重用，屈为[LOCATION#127]防御使保义。他曾向[PERSON#369]举荐[PERSON#702]，并随[PERSON#702]征讨[LOCATION#752]，后被俘归降。[LOCATION#752]大聚义时，排第四十位，上应地杰星，职司为马军小彪将兼远探出哨头领。征[PERSON#598]时战死于[LOCATION#197]，追封义节郎。
PERSON#758,陈文昭,朝廷,陈文昭是明代小说《水浒传》与《金瓶梅》中虚构的东平府府尹。在两部作品中均以审理武松案件为核心情节，却因叙事语境差异呈现不同形象。《水浒传》中，他在处理武松为兄复仇案时，因同情其遭遇，主动修改卷宗并疏通刑部，最终判其刺配孟州，展现了司法程序外的官场斡旋手段。而《金瓶梅》中审理武松误杀李外传案时，起初试图推翻县官判决，重审时认定武松为“义烈之人”并追责西门庆，但因蔡京施压被迫妥协，仅改判武松轻罪刺配，未彻底纠正冤案。两部作品通过同一人物的不同刻画，折射出封建官僚体制的复杂性：《水浒传》突出其作为清官的能动性，《金瓶梅》则揭示其受制于权贵网络的局限性。两版审判过程的细节差异，成为映射明代官场生态的典型文学样本。,[PERSON#758]是明代小说[BOOK#22]与[BOOK#36]中虚构的[LOCATION#6]府尹。在两部作品中均以审理[PERSON#18]案件为核心情节，却因叙事语境差异呈现不同形象。[BOOK#22]中，他在处理[PERSON#18]为兄复仇案时，因同情其遭遇，主动修改卷宗并疏通刑部，最终判其刺配[LOCATION#50]，展现了司法程序外的官场斡旋手段。而[BOOK#36]中审理[PERSON#18]误杀李外传案时，起初试图推翻县官判决，重审时认定[PERSON#18]为“义烈之人”并追责[PERSON#577]，但因[PERSON#369]施压被迫妥协，仅改判[PERSON#18]轻罪刺配，未彻底纠正冤案。两部作品通过同一人物的不同刻画，折射出封建官僚体制的复杂性：[BOOK#22]突出其作为清官的能动性，[BOOK#36]则揭示其受制于权贵网络的局限性。两版审判过程的细节差异，成为映射明代官场生态的典型文学样本。
PERSON#591,胡正卿,百姓,胡正卿是施耐庵所著《水浒传》中的虚拟人物，原为阳谷县吏员出身，后经营冷酒店，于小说第二十六回登场。武松为兄报仇设局时，强行邀其至现场作证，并要求他记录潘金莲与王婆的招供口词。胡正卿因惧怕武松威势，虽心怀忐忑（“心头十五个吊桶打水，七上八下”），仍执笔完成证词书写，其记录内容成为武松复仇的关键证据。作为武松复仇事件的核心见证人，胡正卿的被动参与折射出北宋市井小民卷入江湖恩怨的生存困境。其原为吏员的身份背景，使他在司法程序中承担特殊角色，所书证词与何九叔、郓哥的供状共同构成案件审理的核心证据链。公堂需其作证时角色缺席的情节设计，更暗含对古代司法程序的隐喻批判。,[PERSON#591]是[PERSON#409]所著[BOOK#22]中的虚拟人物，原为[LOCATION#228]吏员出身，后经营冷酒店。[PERSON#18]为兄报仇设局时，强行邀其至现场作证，并要求他记录[PERSON#452]与[PERSON#950]的招供口词。[PERSON#591]因惧怕[PERSON#18]威势，虽心怀忐忑（“心头十五个吊桶打水，七上八下”），仍执笔完成证词书写，其记录内容成为[PERSON#18]复仇的关键证据。作为[PERSON#18]复仇事件的核心见证人，[PERSON#591]的被动参与折射出北宋市井小民卷入江湖恩怨的生存困境。其原为吏员的身份背景，使他在司法程序中承担特殊角色，所书证词与[PERSON#804]、[PERSON#126]的供状共同构成案件审理的核心证据链。公堂需其作证时角色缺席的情节设计，更暗含对古代司法程序的隐喻批判。
PERSON#337,姚二郎,百姓,姚二郎是《水浒传》中的人物，在武松为兄报仇的情节中登场。作为开银铺的邻居，他被武松强行拉入审问潘金莲的饭局，成为见证武松复仇的关键证人之一。这一场景通过酒肉饭局的意象，揭示了小说中“饭局即命运风暴眼”的创作手法，姚二郎的被动参与突显了事件的血腥与武松的果决性格。,[PERSON#337]是[BOOK#22]中的人物，在[PERSON#18]为兄报仇的情节中登场。作为开银铺的邻居，他被[PERSON#18]强行拉入审问[PERSON#452]的饭局，成为见证[PERSON#18]复仇的关键证人之一。这一场景通过酒肉饭局的意象，揭示了小说中“饭局即命运风暴眼”的创作手法，[PERSON#337]的被动参与突显了事件的血腥与[PERSON#18]的果决性格。
PERSON#478,赵四郎,百姓,赵仲铭是长篇小说《水浒传》中的人物，人称“赵四郎”，阳谷县开纸马桶铺的商人。武松为哥哥武大郎报仇时请来的人证。,[PERSON#107]是长篇小说[BOOK#22]中的人物，人称“[PERSON#107]”，[LOCATION#228]开纸马桶铺的商人。[PERSON#18]为哥哥[PERSON#447]报仇时请来的人证。
PERSON#908,张公,百姓,张公是《水浒传》中的人物，阳谷县卖馉饳儿的商人。武松为哥哥武大郎报仇时请来的人证。,[PERSON#908]是[BOOK#22]中的人物，[LOCATION#228]卖馉饳儿的商人。[PERSON#18]为哥哥[PERSON#447]报仇时请来的人证。
PERSON#64,张团练,朝廷,张团练是《水浒传》中孟州的官员，与张都监、蒋门神合谋设局陷害武松，最终在“血溅鸳鸯楼”事件中被武松杀死。其形象在小说中作为腐败官僚的代表，展现了《水浒传》“官逼民反”的核心矛盾。在相关衍生作品中，2019年电影《血溅鸳鸯楼》由叶鹏饰演该角色；2014年手游《全民水浒》将其设定为战将型角色，拥有提升暴击的技能特性。,[PERSON#64]是[BOOK#22]中[LOCATION#50]的官员，与[PERSON#610]、[PERSON#492]合谋设局陷害[PERSON#18]，最终在“血溅[LOCATION#242]”事件中被[PERSON#18]杀死。其形象在小说中作为腐败官僚的代表，展现了[BOOK#22]“官逼民反”的核心矛盾。
PERSON#272,王道人,地方势力,王道人，古典小说《水浒传》中的人物。居住于蜈蚣岭坟庵，绰号“飞天蜈蚣”。因善习阴阳，能识风水，留在张太公家中看风水，见了张太公女儿，起了歹心，在张太公家住了三两个月后，把一家子都害了性命，却把张太公女儿强骗在蜈蚣岭坟庵里住，又在别处掳掠道童。因被经过的武松看见他搂着张太公女儿在窗前看月嬉笑，而连道童一块儿被杀。出场于《水浒传》第三十一回“张都监血溅鸳鸯楼，武行者夜走蜈蚣岭”。,[PERSON#272]，居住于[LOCATION#207]坟庵，绰号“[PERSON#272]”。因善习阴阳，能识风水，留在[LOCATION#84]中看风水，见了张太公女儿，起了歹心，在[LOCATION#84]住了三两个月后，把一家子都害了性命，却把张太公女儿强骗在[LOCATION#207]坟庵里住，又在别处掳掠道童。因被经过的[PERSON#18]看见他搂着张太公女儿在窗前看月嬉笑，而连道童一块儿被杀。出场于[BOOK#22]“[PERSON#610]血溅[LOCATION#242]，[PERSON#18]夜走[LOCATION#207]”。
PERSON#784,祖士远,方腊,祖士远是《水浒传》中方腊政权的右丞相，首次登场于小说第一百一十七回。他驻守睦州，负责军事调度与政务决策，曾接见假扮贤士的柴进并引荐至方腊处。宋江率军攻破乌龙岭后，祖士远与国师邓元觉向方腊请求援兵未果，仅获调拨五千地方兵马。面对宋军突袭东管逼近睦州，他紧急部署防御并派夏侯成求援，但邓元觉途中被花荣射杀。最终睦州城破，祖士远随方腊政权溃败退场，原著未明确交代其结局。该角色集中体现了方腊集团后期的战略困境：作为核心文官既要统筹军政事务，又受制于指挥体系矛盾与兵力不足，其决策过程折射出起义军在内忧外患中的结构性危机。,[PERSON#784]是[BOOK#22]中[PERSON#598]政权的右丞相。他驻守[LOCATION#183]，负责军事调度与政务决策，曾接见假扮贤士的[PERSON#605]并引荐至[PERSON#598]处。[PERSON#152]率军攻破[LOCATION#13]后，[PERSON#784]与国师[PERSON#23]向[PERSON#598]请求援兵未果，仅获调拨五千地方兵马。面对宋军突袭东管逼近[LOCATION#183]，他紧急部署防御并派夏侯成求援，但[PERSON#23]途中被[PERSON#399]射杀。最终[LOCATION#183]城破，[PERSON#784]随[PERSON#598]政权溃败退场，原著未明确交代其结局。该角色集中体现了[PERSON#598]集团后期的战略困境：作为核心文官既要统筹军政事务，又受制于指挥体系矛盾与兵力不足，其决策过程折射出起义军在内忧外患中的结构性危机。
PERSON#61,王观察,朝廷,"王观察，穷途逢世好娄公子故里遇贫交话说王员外才到京开假,早见长班领报录人进来叩喜。王员外问是何喜事?报录人叩过头,呈上报单。上写道:“江抚王一本。为要地须才事:南昌知府员缺。此乃沿江重地,须才能干济之员。特本请旨。","[PERSON#61]，穷途逢世好[PERSON#512]故里遇贫交话说王员外才到京开假,早见长班领报录人进来叩喜。王员外问是何喜事?报录人叩过头,呈上报单。上写道:“江抚王一本。为要地须才事:[LOCATION#35]知府员缺。此乃沿江重地,须才能干济之员。特本请旨。"
PERSON#946,锦儿,百姓,锦儿，古典小说《水浒传》中的人物，林冲之妻林娘子的小丫鬟，一不起眼的人物。但她甚是聪明伶俐，多次替主人及时报信，使林娘子幸免于难。机灵勇敢自不消说。后来林冲娘子自缢而死，张教头也病故，家产倒都归了锦儿，锦儿招赘个丈夫过活。,[PERSON#946]，[PERSON#699]之妻[PERSON#537]的小丫鬟，一不起眼的人物。但她甚是聪明伶俐，多次替主人及时报信，使[PERSON#537]幸免于难。机灵勇敢自不消说。后来[PERSON#699]娘子自缢而死，[PERSON#453]也病故，家产倒都归了[PERSON#946]，[PERSON#946]招赘个丈夫过活。
PERSON#706,李小二,百姓,李小二，施耐庵所著古典小说《水浒传》中的人物。原是东京一家饭店的服务员，曾因偷了店主家财而被送官司问罪，幸得豹子头林冲仗义相救，免除祸端。他在京中安不得身，辗转来到沧州，在一王姓酒家站稳脚跟，并被招了女婿。后来林冲因罪刺配沧州，二人相遇，李小二两口知恩图报以亲眷相待，林冲亦常施以银两与他做本银。当陆虞侯去沧州要加害林冲时，李小二及时通风报信，使林冲提高了警惕。,[PERSON#706]，[PERSON#409]所著原是[LOCATION#2]一家饭店的服务员，曾因偷了店主家财而被送官司问罪，幸得[PERSON#699][PERSON#699]仗义相救，免除祸端。他在京中安不得身，辗转来到[LOCATION#139]，在一王姓酒家站稳脚跟，并被招了女婿。后来[PERSON#699]因罪刺配[LOCATION#139]，二人相遇，[PERSON#706]两口知恩图报以亲眷相待，[PERSON#699]亦常施以银两与他做本银。当陆虞侯去[LOCATION#139]要加害[PERSON#699]时，[PERSON#706]及时通风报信，使[PERSON#699]提高了警惕。
PERSON#852,慕容知府,朝廷,慕容彦达是《水浒传》中青州知府，凭借其妹慕容贵妃的皇室关系获得官职。他在任期间纵容贪腐导致青州盗匪猖獗，先后处理清风寨兵变与白虎山劫狱事件时暴露出权谋手段。设计陷害秦明致其全家被杀，促成梁山势力攻破青州，最终被复仇的秦明斩杀。作为封建官僚典型代表，其行为推动《水浒传》中青州城两次重大战役的爆发。,[PERSON#852]是[BOOK#22]中[LOCATION#234]知府，凭借其妹慕容贵妃的皇室关系获得官职。他在任期间纵容贪腐导致[LOCATION#234]盗匪猖獗，先后处理[LOCATION#159]兵变与[LOCATION#178]劫狱事件时暴露出权谋手段。设计陷害[PERSON#253]致其全家被杀，促成[LOCATION#752]势力攻破[LOCATION#234]，最终被复仇的[PERSON#253]斩杀。作为封建官僚典型代表，其行为推动[BOOK#22]中[LOCATION#234]城两次重大战役的爆发。
PERSON#333,蔡夫人,朝廷,"蔡夫人是古典小说《水浒传》中的虚构人物，为当朝太师蔡京之女、大名府留守梁中书之妻。该角色通过端午节家宴首次出场，直指生辰纲筹备事务，其后在大名府陷落时藏身脱险，两次关键行动均推动小说核心情节发展。端午宴会上，蔡夫人以维护家族利益为由，提醒梁中书筹备蔡京寿礼，促成十万贯生辰纲的押运计划。其提出的""选心腹押送""建议，直接导致杨志受托押送生辰纲，最终引发晁盖等人""智取生辰纲""的经典事件。梁山军攻破大名府时，她于后花园逃生后力主向蔡京求援，促使朝廷调集重兵镇压梁山势力。作为权贵阶层与江湖矛盾的叙事纽带，蔡夫人虽仅有两次出场，却通过生辰纲筹备与剿匪决策，串联起梁山聚义与官府围剿两条主线，体现其作为政治联姻产物的特殊叙事功能。","[PERSON#333]是[BOOK#22]中的虚构人物，为当朝太师[PERSON#369]之女、大名府留守[PERSON#116]之妻。该角色通过端午节家宴首次出场，直指生辰纲筹备事务，其后在大名府陷落时藏身脱险，两次关键行动均推动小说核心情节发展。端午宴会上，[PERSON#333]以维护家族利益为由，提醒[PERSON#116]筹备[PERSON#369]寿礼，促成十万贯生辰纲的押运计划。其提出的""""选心腹押送""""建议，直接导致[PERSON#924]受托押送生辰纲，最终引发[PERSON#959]等人""""智取生辰纲""""的经典事件。[LOCATION#752]军攻破大名府时，她于后花园逃生后力主向[PERSON#369]求援，促使[LOCATION#753]调集重兵镇压[LOCATION#752]势力。作为权贵阶层与江湖矛盾的叙事纽带，[PERSON#333]虽仅有两次出场，却通过生辰纲筹备与剿匪决策，串联起[LOCATION#752]聚义与官府围剿两条主线，体现其作为政治联姻产物的特殊叙事功能。"
PERSON#159,王太守,朝廷,在《水浒传》中，王太守是北京大名府的知府，一个典型的庸懦文官形象。他出现在梁山好汉为营救卢俊义和石秀而兵发大名府的关键情节中。当时，石秀劫法场失败，与卢俊义一同被擒。梁山泊为施压，在全城散布宣称要“玉石俱焚”的没头帖子。大名府留守梁中书见状惊慌，召王太守商议对策。面对危机，王太守毫无担当，他提出的方案是：既不杀卢俊义、石秀，也不放人，而是将其长期监禁；同时将难题上报朝廷和蔡太师，让本处军马出城下寨防备。这套“踢皮球”的策略，本质上是推卸责任、拖延自保，暴露其畏惧梁山势力、只求明哲保身的庸碌本质。梁中书采纳其建议，导致局势恶化，最终梁山大军攻破大名府，王太守在街头被刘唐、杨雄打死。,在[BOOK#22]中，[PERSON#159]是[LOCATION#30]的知府，一个典型的庸懦文官形象。他出现在[LOCATION#752]好汉为营救[PERSON#156]和[PERSON#622]而兵发大名府的关键情节中。当时，[PERSON#622]劫法场失败，与[PERSON#156]一同被擒。[LOCATION#752]为施压，在全城散布宣称要“玉石俱焚”的没头帖子。大名府留守[PERSON#116]见状惊慌，召[PERSON#159]商议对策。面对危机，[PERSON#159]毫无担当，他提出的方案是：既不杀[PERSON#156]、[PERSON#622]，也不放人，而是将其长期监禁；同时将难题上报[LOCATION#753]和蔡太师，让本处军马出城下寨防备。这套“踢皮球”的策略，本质上是推卸责任、拖延自保，暴露其畏惧[LOCATION#752]势力、只求明哲保身的庸碌本质。[PERSON#116]采纳其建议，导致局势恶化，最终[LOCATION#752]大军攻破大名府，[PERSON#159]在街头被[PERSON#925]、[PERSON#87]打死。
PERSON#406,张孔目,朝廷,张孔目是中国古典小说《水浒传》中的人物，原为北京大名府留守司孔目，负责司法事务。在大名府留守梁中书麾下任职期间，参与处理卢俊义案件。梁中书处理卢俊义案件时采纳张孔目的建议。梁中书曾对张孔目使用“下官”谦称，侧面反映其在大名府司法体系中的地位。,[PERSON#406]是中国原为[LOCATION#30]留守司孔目，负责司法事务。在大名府留守[PERSON#116]麾下任职期间，参与处理[PERSON#156]案件。[PERSON#116]处理[PERSON#156]案件时采纳[PERSON#406]的建议。[PERSON#116]曾对[PERSON#406]使用“下官”谦称，侧面反映其在大名府司法体系中的地位。
PERSON#975,杨春,梁山,杨春，古典名著《水浒传》中的人物。一百单八将之一，绰号“白花蛇”。蒲州解良人氏，原是少华山寨主，因大寨主史进与鲁智深交好，受到梁山招揽，决定入伙，并配合梁山军马大闹华州。梁山大聚义时，排第七十三位，上应地隐星，担任马军小彪将兼远探出哨头领。征方腊时战死于昱岭关，追封义节郎。,[PERSON#975]，绰号“[PERSON#975]”。蒲州[LOCATION#211]人氏，原是[LOCATION#64]寨主，因大寨主[PERSON#277]与[PERSON#532]交好，受到[LOCATION#752]招揽，决定入伙，并配合[LOCATION#752]军马大闹[LOCATION#33]。[LOCATION#752]大聚义时，排第七十三位，上应地隐星，担任马军小彪将兼远探出哨头领。征[PERSON#598]时战死于[LOCATION#104]，追封义节郎。
PERSON#694,吴成,方腊,吴成，古典小说《水浒传》中的虚构人物，河北田虎麾下武将，壶关八守将之一。其事迹见于原著相关回目，作为田虎势力部将参与壶关防御战。,[PERSON#694]，[BOOK#22]中的虚构人物，[LOCATION#142][PERSON#1003]麾下武将，[LOCATION#41]八守将之一。其事迹见于原著相关回目，作为[PERSON#1003]势力部将参与[LOCATION#41]防御战。
PERSON#640,王升,朝廷,王升是《水浒传》中的人物，北宋东京开封府（今河南开封）人，曾任督军教头，为八十万禁军教头王进之父与欧阳寿通之师。高俅任殿帅府太尉时，因王进未到任派人捉拿，得知其系王升之子后欲加以责打。高俅早年混迹市井时曾学使枪棒，反被其一棒打翻致伤，此事成为高俅掌权后报复王进的起因。该人物在《水浒传》第二回中通过高俅与王进的对话侧面提及。,[PERSON#640]是[BOOK#22]中的人物，北宋[LOCATION#2][LOCATION#82]府（今[LOCATION#145]）人，曾任督军教头，为八十万禁军教头[PERSON#370]之父与[PERSON#597]之师。[PERSON#974]任殿帅府太尉时，因[PERSON#370]未到任派人捉拿，得知其系[PERSON#640]之子后欲加以责打。[PERSON#974]早年混迹市井时曾学使枪棒，反被其一棒打翻致伤，此事成为[PERSON#974]掌权后报复[PERSON#370]的起因。该人物在[BOOK#22]中通过[PERSON#974]与[PERSON#370]的对话侧面提及。
PERSON#951,曹正,梁山,曹正，古典名著《水浒传》中的人物。一百单八将之一，绰号“操刀鬼”。开封人氏，屠户出身，曾拜林冲为师。在山东境内开酒店。协助鲁智深、杨志夺取二龙山，后与三山头领一同加入梁山。梁山大聚义时，排第八十一位，上应地稽星，负责屠宰牲口。征方腊时战死于宣州，追封义节郎。,[PERSON#951]，绰号“[PERSON#951]”。[LOCATION#82]人氏，屠户出身，曾拜[PERSON#699]为师。在[LOCATION#65]境内开酒店。协助[PERSON#532]、[PERSON#924]夺取[LOCATION#16]，后与三山头领一同加入[LOCATION#752]。[LOCATION#752]大聚义时，排第八十一位，上应地稽星，负责屠宰牲口。征[PERSON#598]时战死于[LOCATION#59]，追封义节郎。
PERSON#928,金老,百姓,金老是古典小说《水浒传》中的人物，其女金翠莲被镇关西郑屠迫害时，得鲁达（鲁智深）仗义相救。后赵员外因金翠莲关系，引荐鲁达至五台山文殊院出家为僧。,[PERSON#928]是其女[PERSON#392]被[LOCATION#226][PERSON#359]迫害时，得[PERSON#532]（[PERSON#532]）仗义相救。后[PERSON#276]因[PERSON#392]关系，引荐[PERSON#532]至[LOCATION#18][LOCATION#100]出家为僧。
PERSON#65,宋万,梁山,宋万，古典名著《水浒传》中的人物。一百单八将之一，绰号“云里金刚”。原是梁山三寨主，山寨的开山元老，但因本领平常，在晁盖、宋江在位时期，地位不断下降。梁山大聚义时，排第八十二位，上应地魔星，职司为步军将校。征方腊时战死于润州，追封义节郎。,[PERSON#65]，绰号“[PERSON#65]”。原是[LOCATION#752]三寨主，山寨的开山元老，但因本领平常，在[PERSON#959]、[PERSON#152]在位时期，地位不断下降。[LOCATION#752]大聚义时，排第八十二位，上应地魔星，职司为步军将校。征[PERSON#598]时战死于[LOCATION#153]，追封义节郎。
PERSON#530,毕胜,朝廷,毕胜是古典小说《水浒传》中的武将角色，担任御前飞虎大将，隶属童贯麾下，与雷横交战数十余合不分胜败。在征讨梁山时，毕胜曾与梁山好汉雷横交战数十回合不分胜败，激战至深涧处。其武力表现被归类为准一流勇将，与酆美、刘唐、雷横等人并列。,[PERSON#530]是[BOOK#22]中的武将角色，担任御前飞虎大将，隶属[PERSON#398]麾下，与[PERSON#303]交战数十余合不分胜败。在征讨[LOCATION#752]时，[PERSON#530]曾与[LOCATION#752]好汉[PERSON#303]交战数十回合不分胜败，激战至[LOCATION#156]处。其武力表现被归类为准一流勇将，与[PERSON#249]、[PERSON#925]、[PERSON#303]等人并列。
PERSON#97,段鹏举,朝廷,段鹏举是中国古典小说《水浒传》中的人物，睢州兵马都监，童贯部下。童贯征讨梁山泊时，段鹏举被任命为正先锋，率领前军并配有一名副将。他在童贯布设的“四门斗底阵”中对抗梁山军队，最终梁山军以八卦阵破敌。段鹏举后于战斗中被李逵砍死。,[PERSON#97]是中国[LOCATION#182]兵马都监，[PERSON#398]部下。[PERSON#398]征讨[LOCATION#752]时，[PERSON#97]被任命为正先锋，率领前军并配有一名副将。他在[PERSON#398]布设的“四门斗底阵”中对抗[LOCATION#752]军队，最终[LOCATION#752]军以八卦阵破敌。[PERSON#97]后于战斗中被[PERSON#614]砍死。
PERSON#729,王禀,朝廷,在《水浒传》中，王禀是北宋将领，历史上实为抗金名将，但在小说中被塑造为童贯部下的负面角色。他早年参与镇压方腊起义，率军攻陷杭州、睦州，并在帮源洞生擒方腊。宣和七年（1125年）金兵南侵时，他任太原副都总管，与知府张孝纯坚守孤城250余日，九退金兵，最终因粮尽援绝、军民伤亡殆尽而城破。王禀身中数十枪后背负宋太宗画像投汾河殉国，其子王荀亦同死。宋高宗追封其为安化郡王，谥忠壮。,在[BOOK#22]中，[PERSON#729]是北宋将领，历史上实为抗金名将，但在小说中被塑造为[PERSON#398]部下的负面角色。他早年参与镇压[PERSON#598]起义，率军攻陷[LOCATION#111]、[LOCATION#183]，并在[LOCATION#71]生擒[PERSON#598]。宣和七年（1125年）金兵南侵时，他任太原副都总管，与知府[PERSON#521]坚守孤城250余日，九退金兵，最终因粮尽援绝、军民伤亡殆尽而城破。[PERSON#729]身中数十枪后背负[PERSON#120]画像投[LOCATION#134]殉国，其子[PERSON#538]亦同死。[PERSON#997]追封其为安化郡王，谥忠壮。
PERSON#693,康节级,朝廷,康节级是施耐庵所著长篇小说《水浒传》中的虚构人物，在2011年电视剧《水浒传》中由演员李占军饰演。其身份为孟州牢城营的节级，负责管理囚犯事务。在武松遭张都监陷害入狱期间，康节级多次接受施恩的银两贿赂，对武松的刑禁予以放宽。施恩通过康节级两次进入牢房送酒食衣物，并分赠银两给众小牢子以求照应武松。后因知府加强牢狱巡查，施恩转为每日至康节级家中探听武松消息，直至武松被刺配恩州。康节级在武松被囚禁期间为其提供便利，最终促使武松得以平安度过牢狱之灾。,[PERSON#693]是[PERSON#409]所著长篇小说[BOOK#22]中的虚构人物。其身份为[LOCATION#50]牢城营的节级，负责管理囚犯事务。在[PERSON#18]遭[PERSON#610]陷害入狱期间，[PERSON#693]多次接受[PERSON#251]的银两贿赂，对[PERSON#18]的刑禁予以放宽。[PERSON#251]通过[PERSON#693]两次进入牢房送酒食衣物，并分赠银两给众小牢子以求照应[PERSON#18]。后因知府加强牢狱巡查，[PERSON#251]转为每日至[PERSON#693]家中探听[PERSON#18]消息，直至[PERSON#18]被刺配[LOCATION#91]。[PERSON#693]在[PERSON#18]被囚禁期间为其提供便利，最终促使[PERSON#18]得以平安度过牢狱之灾。
PERSON#759,叶孔目,朝廷,叶孔目是《水浒传》中孟州府当案孔目，在武松被张都监陷害案件中起到关键作用。其形象存在不同版本差异：百回本中表现为清正廉洁的司法官员，拒绝施恩行贿并周全武松；部分版本中被塑造为收受百两白银篡改文案的贪腐官吏。,[PERSON#759]是[LOCATION#50]当案孔目，在[PERSON#18]被[PERSON#610]陷害案件中起到关键作用。其形象存在不同版本差异：百回本中表现为清正廉洁的司法官员，拒绝[PERSON#251]行贿并周全[PERSON#18]；部分版本中被塑造为收受百两白银篡改文案的贪腐官吏。
PERSON#689,凤仪,方腊,凤仪，中国古典小说《水浒传》中的人物，是方腊麾下头领，杭州二十四将之一。,[PERSON#689]，中国是[PERSON#598]麾下头领，[LOCATION#111]二十四将之一。
PERSON#437,李吉,百姓,"李吉是《水浒传》中登场于第二回的次要人物，原本是华阴县以砍柴打猎为生的底层猎户。少华山强盗封山导致其生计断绝后，他因拾获史家庄庄客王四遗失的通匪书信向官府告发，最终在官兵围捕史进等人的混战中被杀。该角色的悲剧命运既展现了北宋末年百姓的生存困境，也成为推动史进与官府决裂、最终落草的关键转折点。其拾取书信的情节通过""月光照身""""松林环绕""等环境描写埋设伏笔，体现了施耐庵""以景寓事""的古典小说技法。","[PERSON#437]是[BOOK#22]中的次要人物，原本是[LOCATION#34]以砍柴打猎为生的底层猎户。[LOCATION#64]强盗封山导致其生计断绝后，他因拾获史家庄庄客[PERSON#795]遗失的通匪书信向官府告发，最终在官兵围捕[PERSON#277]等人的混战中被杀。该角色的悲剧命运既展现了北宋末年[PERSON#1004]的生存困境，也成为推动[PERSON#277]与官府决裂、最终落草的关键转折点。其拾取书信的情节通过""""月光照身""""""""松林环绕""""等环境描写埋设伏笔，体现了[PERSON#409]""""以景寓事""""的技法。"
PERSON#936,庞万春,方腊,庞万春，古典小说《水浒传》中的人物。江南方腊部下大将，由于善用弓箭，绰号“小养由基”。在与梁山军交战时，庞万春带兵把守昱岭关，曾亲自或由其部下射死梁山一百单八将中的史进、石秀、陈达、杨春、李忠、薛永、欧鹏七人。最后劫寨失败，被汤隆捉住，一生就此结束。,[PERSON#936]，[LOCATION#130][PERSON#598]部下大将，由于善用弓箭，绰号“[PERSON#936]”。在与[LOCATION#752]军交战时，[PERSON#936]带兵把守[LOCATION#104]，曾亲自或由其部下射死[LOCATION#752]一百单八将中的[PERSON#277]、[PERSON#622]、[PERSON#714]、[PERSON#975]、[PERSON#503]、[PERSON#528]、[PERSON#642]七人。最后劫寨失败，被[PERSON#749]捉住，一生就此结束。
PERSON#731,何清,朝廷,何清是古典小说《水浒传》中的配角人物，济州府观察何涛之弟。在智取生辰纲事件中，何清通过抄录安乐村王家客店的住宿文簿，发现白胜等人的行踪，并告知兄长何涛。何涛据此线索抓捕白胜，最终引出晁盖等七星聚义的好汉，推动了情节发展。何清作为官府办案人员，在智取生辰纲案件侦破中起到了关键作用。,[PERSON#731]是[BOOK#22]中的配角人物，[LOCATION#149]观察[PERSON#263]之弟。在智取生辰纲事件中，[PERSON#731]通过抄录[LOCATION#52]的住宿文簿，发现[PERSON#859]等人的行踪，并告知兄长[PERSON#263]。[PERSON#263]据此线索抓捕[PERSON#859]，最终引出[PERSON#959]等七星聚义的好汉，推动了情节发展。[PERSON#731]作为官府办案人员，在智取生辰纲案件侦破中起到了关键作用。
PERSON#95,毛太公,地方势力,"毛太公是古典小说《水浒传》中的地主角色，居于登州。他因贪图解珍、解宝兄弟的捕虎之功，勾结官府设计诬陷二人入狱，这一情节集中展现了书中""官逼民反""的核心主题。其子毛仲义在事件中协同作案，而部分资料显示其另一子名毛善（京剧《猎虎记》中的改编名），父子行为共同映射出封建社会中地主阶级的贪婪与地方吏治的腐败。","[PERSON#95]是[BOOK#22]中的地主角色，居于[LOCATION#177]。他因贪图[PERSON#318]、[PERSON#677]兄弟的捕虎之功，勾结官府设计诬陷二人入狱，这一情节集中展现了书中""""官逼民反""""的核心主题。其子[PERSON#266]在事件中协同作案，而部分资料显示其另一子名[PERSON#760]（京剧[BOOK#28]中的改编名），父子行为共同映射出封建社会中地主阶级的贪婪与地方吏治的腐败。"
PERSON#827,李公,百姓,李公是《水浒传》中东平府西瓦子娼妓李瑞兰的大伯（或父亲），与其妻（虔婆）共同经营妓院。宋江攻打东平府时，九纹龙史进因与李瑞兰有旧交，自荐携带金银潜入其家作内应，并承诺事后带李家全家上梁山。李公起初担心梁山势大，若出卖史进，日后城破会遭报复，且认为“他把许多金银与我家，不与他担些干系，买我们做甚么”，流露出些许犹豫。但其妻（虔婆）坚决主张报官，痛骂李公“老蠢物”，并威胁若不去首告便亲自去衙门叫屈。李公最终妥协，建议先让李瑞兰稳住史进，自己则去报官，导致史进被捉入大牢。梁山攻破东平府后，李公与李瑞兰及虔婆等一家老小均被史进寻仇斩杀。,[PERSON#827]是[BOOK#22]中[LOCATION#6][LOCATION#210]娼妓[PERSON#135]的大伯（或父亲），与其妻（[PERSON#849]）共同经营妓院。[PERSON#152]攻打[LOCATION#6]时，[PERSON#277][PERSON#277]因与[PERSON#135]有旧交，自荐携带金银潜入其家作内应，并承诺事后带李家全家上[LOCATION#752]。[PERSON#827]起初担心[LOCATION#752]势大，若出卖[PERSON#277]，日后城破会遭报复，且认为“他把许多金银与我家，不与他担些干系，买我们做甚么”，流露出些许犹豫。但其妻（[PERSON#849]）坚决主张报官，痛骂[PERSON#827]“老蠢物”，并威胁若不去首告便亲自去衙门叫屈。[PERSON#827]最终妥协，建议先让[PERSON#135]稳住[PERSON#277]，自己则去报官，导致[PERSON#277]被捉入大牢。[LOCATION#752]攻破[LOCATION#6]后，[PERSON#827]与[PERSON#135]及[PERSON#849]等一家老小均被[PERSON#277]寻仇斩杀。
PERSON#432,冯喜,方腊,冯喜是长篇小说《水浒传》中的虚构人物，方腊麾下将领，官拜引进使。在梁山军队受招安后进攻润州时，冯喜奉方腊之命向守将吕师囊传递警示，提醒防备北面来敌，但此时梁山众将已假扮献粮的扬州富商陈观等人混入城中，导致润州失守。,[PERSON#432]是长篇小说[BOOK#22]中的虚构人物，[PERSON#598]麾下将领，官拜引进使。在[LOCATION#752]军队受招安后进攻[LOCATION#153]时，[PERSON#432]奉[PERSON#598]之命向守将[PERSON#232]传递警示，提醒防备北面来敌，但此时[LOCATION#752]众将已假扮献粮的[LOCATION#94]富商[PERSON#150]等人混入城中，导致[LOCATION#153]失守。
PERSON#626,浦文英,方腊,"浦文英是《水浒传》中方腊阵营的司天太监，负责观测天文历法。其向方腊奏报""罡星侵入吴地，为祸不小""的天象预警，暗示梁山势力对南方的威胁。当南方将星黯淡之际，浦文英根据天象力劝包道乙归降宋江，直言""宋江等将星尚有一半明朗者""，却遭包道乙以玄元混天剑当场斩杀。该角色因准确预言战局走向却与阵营立场相悖，最终在劝阻包道乙时被怒杀身亡。","[PERSON#626]是[BOOK#22]中[PERSON#598]阵营的司天太监，负责观测天文历法。其向[PERSON#598]奏报""""罡星侵入吴地，为祸不小""""的天象预警，暗示[LOCATION#752]势力对南方的威胁。当南方将星黯淡之际，[PERSON#626]根据天象力劝[PERSON#491]归降[PERSON#152]，直言""""[PERSON#152]等将星尚有一半明朗者""""，却遭[PERSON#491]以玄元混天剑当场斩杀。该角色因准确预言战局走向却与阵营立场相悖，最终在劝阻[PERSON#491]时被怒杀身亡。"
PERSON#524,孙定,朝廷,孙定，又名孙佛儿，是古典小说《水浒传》中的人物，于原著第八回“林教头刺配沧州道 鲁智深大闹野猪林”登场，时任开封府当案孔目。因常周全他人而被称为孙佛儿。高太尉设计陷害林冲私闯白虎节堂时，孙定察觉案情冤屈，向府尹直言“此事果是屈了林冲”，并反驳高俅对案件判决的干预。经过周旋，孙定将林冲罪名改为“腰悬利刃，误入节堂”，最终促成脊杖二十并发配沧州的判决。该事件展现了孙定在官场势力博弈中坚守本心，通过合法程序保全林冲性命的行为轨迹。,[PERSON#524]，又名[PERSON#524]，是于原著“[PERSON#699]刺配[LOCATION#139]道 [PERSON#532]大闹[LOCATION#222]”登场，时任[LOCATION#82]府当案孔目。因常周全他人而被称为[PERSON#524]。[PERSON#763]设计陷害[PERSON#699]私闯[LOCATION#178]时，[PERSON#524]察觉案情冤屈，向府尹直言“此事果是屈了[PERSON#699]”，并反驳[PERSON#974]对案件判决的干预。经过周旋，[PERSON#524]将[PERSON#699]罪名改为“腰悬利刃，误入节堂”，最终促成脊杖二十并发配[LOCATION#139]的判决。该事件展现了[PERSON#524]在官场势力博弈中坚守本心，通过合法程序保全[PERSON#699]性命的行为轨迹。
PERSON#81,赵得,朝廷,赵得是元末明初施耐庵小说《水浒传》中的虚拟人物，郓城县都头，与其兄赵能同为县衙差役。在原著第四十一回中，奉命追捕回乡接父的宋江，将其围困于还道村古庙。搜查时因神像显灵引发黑风、砂石等异象，导致官兵溃散撤退，其误判宋江藏身处间接促成宋江得九天玄女赐天书的关键情节。后又在电视剧改编情节中参与二次追捕，遭遇李逵截杀，赵能被砍杀，其随众败退。作为推动剧情的次要角色，赵得兄弟的行动凸显了宋江“星主”身份的神异性，其追捕失败标志着官府势力对梁山核心人物威慑力的消解。最终通过古庙受挫和兄长身亡的结局，强化了梁山好汉反抗压迫的叙事脉络。,[PERSON#81]，[LOCATION#219]县[PERSON#18]，与其兄[PERSON#240]同为县衙差役。在原著中，奉命追捕回乡接父的[PERSON#152]，将其围困于[LOCATION#214]。搜查时因神像显灵引发黑风、砂石等异象，导致官兵溃散撤退，其误判[PERSON#152]藏身处间接促成[PERSON#152]得[PERSON#645]赐天书的关键情节。后又在电视剧改编情节中参与二次追捕，遭遇[PERSON#614]截杀，[PERSON#240]被砍杀，其随众败退。作为推动剧情的次要角色，[PERSON#81]兄弟的行动凸显了[PERSON#152]“星主”身份的神异性，其追捕失败标志着官府势力对[LOCATION#752]核心人物威慑力的消解。最终通过古庙受挫和兄长身亡的结局，强化了[LOCATION#752]好汉反抗压迫的叙事脉络。
PERSON#735,周信,朝廷,周信，古典小说《水浒传》中的人物，跟随童贯征讨梁山的八都监之一。,[PERSON#735]，跟随[PERSON#398]征讨[LOCATION#752]的八都监之一。
PERSON#611,苏定,地方势力,苏定是《水浒传》中的虚构人物，任曾头市副教师，史文恭的搭档，与其共同训练曾家五虎。原著中对其外貌、兵器等未详细描写，部分衍生作品补充其为辽国蔚州人，擅使浑铁镗、飞镖，绰号“小天宝”。梁山攻打曾头市时驻守北寨，主张退守待援以应对吴用计谋，后随史文恭夜袭中伏。突围时遭鲁智深、武松等四人截杀，坠入陷坑被乱箭射死。其驻守的北寨因战略重要性成为防御关键，弟子曾涂的战力表现间接反映出其武艺高于普通战将。作为次要角色，苏定在原著中仅有“从长商议”一句台词，结局一笔带过，形象刻画简略。其战术威胁性通过被四大高手围剿的情节侧面体现，主要服务于推动曾头市战役的叙事进程。,[PERSON#611]，任[LOCATION#108]副教师，[PERSON#976]的搭档，与其共同训练曾家五虎。原著中对其外貌、兵器等未详细描写，部分衍生作品补充其为[LOCATION#213][LOCATION#205]人，擅使浑铁镗、飞镖，绰号“[PERSON#611]”。[LOCATION#752]攻打[LOCATION#108]时驻守北寨，主张退守待援以应对[PERSON#546]计谋，后随[PERSON#976]夜袭中伏。突围时遭[PERSON#532]、[PERSON#18]等四人截杀，坠入陷坑被乱箭射死。其驻守的北寨因战略重要性成为防御关键，弟子[PERSON#764]的战力表现间接反映出其武艺高于普通战将。作为次要角色，[PERSON#611]在原著中仅有“从长商议”一句台词，结局一笔带过，形象刻画简略。其战术威胁性通过被四大高手围剿的情节侧面体现，主要服务于推动[LOCATION#108]战役的叙事进程。
PERSON#695,琼妖纳延,辽国,琼妖纳延是《水浒传》中辽国武将，与寇镇远共同担任兀颜光统帅的前部先锋，武器为枪。其战甲描写细致，头戴鱼尾卷云镔铁冠，身披龙鳞傲霜嵌缝铠，反映出作者对其形象的着重刻画。在梁山军连胜之际，琼妖纳延自荐担任先锋迎战宋军，既展现其骁勇自信，亦体现兀颜光对其的器重。在与梁山军交战时，琼妖纳延二三十回合击败史进，成为整部小说中唯一在正规单挑战胜史进的人物。史进此前曾生擒陈达、斩杀吴秉彝及辽将楚明玉、曹明济，并与卞祥三十回合战平，展现出较强战力。琼妖纳延追击史进时被花荣暗箭射落马下，遭史进补刀身亡。其短暂登场集中体现了辽军高阶将领的武艺水平。,[PERSON#695]是[BOOK#22]中[LOCATION#213]武将，与[PERSON#679]共同担任[PERSON#461]统帅的前部先锋，武器为枪。其战甲描写细致，头戴鱼尾卷云镔铁冠，身披龙鳞傲霜嵌缝铠，反映出作者对其形象的着重刻画。在[LOCATION#752]军连胜之际，[PERSON#695]自荐担任先锋迎战宋军，既展现其骁勇自信，亦体现[PERSON#461]对其的器重。在与[LOCATION#752]军交战时，[PERSON#695]二三十回合击败[PERSON#277]，成为整部小说中唯一在正规单挑战胜[PERSON#277]的人物。[PERSON#277]此前曾生擒[PERSON#714]、斩杀吴秉彝及辽将[PERSON#236]、[PERSON#373]，并与卞祥三十回合战平，展现出较强战力。[PERSON#695]追击[PERSON#277]时被[PERSON#399]暗箭射落马下，遭[PERSON#277]补刀身亡。其短暂登场集中体现了辽军高阶将领的武艺水平。
PERSON#958,樊瑞,梁山,樊瑞，古典名著《水浒传》中的人物。一百单八将之一，绰号“混世魔王”。濮州人氏，原为芒砀山寨主，与项充、李衮扬言要吞并梁山，结果遭到宋江的征剿，被公孙胜降服，遂归顺梁山。梁山大聚义时，排第六十一位，上应地然星（一作地默星），担任步军将校。征方腊回朝授武奕郎、都统领，后辞官出家，随公孙胜修道。,[PERSON#958]，绰号“[PERSON#958]”。濮州人氏，原为[LOCATION#194]寨主，与[PERSON#940]、[PERSON#404]扬言要吞并[LOCATION#752]，结果遭到[PERSON#152]的征剿，被[PERSON#204]降服，遂归顺[LOCATION#752]。[LOCATION#752]大聚义时，排第六十一位，上应地然星（一作地默星），担任步军将校。征[PERSON#598]回朝授武奕郎、都统领，后辞官出家，随[PERSON#204]修道。
PERSON#738,邹润,梁山,邹润，古典名著《水浒传》中的人物。一百单八将之一，因脑后长有一个肉瘤，绰号“独角龙”。山东莱州人，邹渊的侄子，为人慷慨忠良。在孙新的联络下，邹润叔侄参与营救解珍、解宝，及卧底祝家庄的行动。祝家庄被攻破后入伙梁山。梁山大聚义时，排第九十一位，上应地角星。征方腊回朝授武奕郎，后返回登云山。,[PERSON#738]，因脑后长有一个肉瘤，绰号“[PERSON#738]”。[LOCATION#65][LOCATION#200]人，[PERSON#58]的侄子，为人慷慨忠良。在[PERSON#348]的联络下，[PERSON#738]叔侄参与营救[PERSON#318]、[PERSON#677]，及卧底[LOCATION#185]的行动。[LOCATION#185]被攻破后入伙[LOCATION#752]。[LOCATION#752]大聚义时，排第九十一位，上应地角星。征[PERSON#598]回朝授武奕郎，后返回[LOCATION#176]。
PERSON#373,曹明济,辽国,曹明济是《水浒传》中辽国檀州守将，与阿里奇、咬儿惟康、楚明玉并称洞仙侍郎麾下四员猛将，号称“皆有万夫不当之勇”。在檀州战役中，洞仙侍郎命其与楚明玉开启水门，试图通过水路截取宋军粮船，却被预先埋伏的李俊、阮氏三雄等水军头领击溃。曹明济见战船遭凌振火炮袭击后弃船而逃，与楚明玉各自逃散。檀州城破后，同咬儿惟康等人投奔蓟州，向耶律得重禀报宋军战况。该角色最终未再参与后续战事，结局未作具体交代。,[PERSON#373]是[BOOK#22]中[LOCATION#213][LOCATION#125]守将，与[PERSON#182]、[PERSON#407]、[PERSON#236]并称[PERSON#258]麾下四员猛将，号称“皆有万夫不当之勇”。在[LOCATION#125]战役中，[PERSON#258]命其与[PERSON#236]开启水门，试图通过水路截取宋军粮船，却被预先埋伏的[PERSON#66]、[PERSON#435]等水军头领击溃。[PERSON#373]见战船遭[PERSON#757]火炮袭击后弃船而逃，与[PERSON#236]各自逃散。[LOCATION#125]城破后，同[PERSON#407]等人投奔[LOCATION#202]，向[PERSON#296]禀报宋军战况。该角色最终未再参与后续战事，结局未作具体交代。
PERSON#407,咬儿惟康,辽国,咬儿惟康是中国古典小说《水浒传》中的虚构人物，担任辽国檀州守将，隶属洞仙侍郎麾下。作为洞仙侍郎手下的四员猛将之一，他与楚明玉、曹明济等共同抵御宋军进攻。在与宋军交战中，咬儿惟康虽号称有万夫不当之勇，但实际实力不足以对抗一流猛将。檀州陷落后，他退至蓟州，在与索超的对战中因无心恋战，仅交手二十余回合便败退，最终被索超斩杀。,[PERSON#407]是中国[BOOK#22]中的虚构人物，担任[LOCATION#213][LOCATION#125]守将，隶属[PERSON#258]麾下。作为[PERSON#258]手下的四员猛将之一，他与[PERSON#236]、[PERSON#373]等共同抵御宋军进攻。在与宋军交战中，[PERSON#407]虽号称有万夫不当之勇，但实际实力不足以对抗一流猛将。[LOCATION#125]陷落后，他退至[LOCATION#202]，在与[PERSON#86]的对战中因无心恋战，仅交手二十余回合便败退，最终被[PERSON#86]斩杀。
PERSON#80,宝密圣,辽国,宝密圣是《水浒传》中辽国御弟大王耶律得重麾下总兵大将，汉人与契丹人混血，虎背熊腰，善使长槊。他在蓟州战役中率军迎战宋江率领的梁山军队，与豹子头林冲展开激烈对决。两人交战三十余合不分胜负，林冲为立战功加强攻势，最终在第三十合突发杀招将其刺杀于马下。其武艺被评定为“强彪”级别，综合实力位列《水浒传》百回本武将第40名。作为蓟州守军最高统帅，宝密圣的死亡直接导致辽军防线崩溃，副总兵天山勇随后亦被徐宁击杀。,[PERSON#80]是[BOOK#22]中[LOCATION#213][PERSON#296][PERSON#296]麾下总兵大将，汉人与契丹人混血，虎背熊腰，善使长槊。他在[LOCATION#202]战役中率军迎战[PERSON#152]率领的[LOCATION#752]军队，与[PERSON#699][PERSON#699]展开激烈对决。两人交战三十余合不分胜负，[PERSON#699]为立战功加强攻势，最终在第三十合突发杀招将其刺杀于马下。其武艺被评定为“强彪”级别，综合实力位列[BOOK#22]百回本武将第40名。作为[LOCATION#202]守军最高统帅，[PERSON#80]的死亡直接导致辽军防线崩溃，副总兵[PERSON#707]随后亦被[PERSON#336]击杀。
PERSON#892,秦玉兰,方腊,秦玉兰是元末明初小说《水浒传》中的虚构人物，原为江南方腊麾下常州守将金节之妻，在第九十二回首次登场。她随夫降宋，书中称其“贤良之妻”，以“贞静幽闲女丈夫”形容其深谋远虑。宋军围攻常州期间，秦玉兰劝说丈夫金节归降宋朝，建议其通过密信与宋军联络，并献策诈败诱敌入城以实现里应外合。金节采纳其计，向宋军射出密信后佯败诱敌，最终促成常州守军归降。书中将秦玉兰与魏国韩希孟类比，赞诗称“玉兰力赞更贤良”，突显其对金节降宋的推动作用。,[PERSON#892]是元末明初小说[BOOK#22]中的虚构人物，原为[LOCATION#130][PERSON#598]麾下[LOCATION#72]守将[PERSON#361]之妻。她随夫降宋，书中称其“贤良之妻”，以“贞静幽闲女丈夫”形容其深谋远虑。宋军围攻[LOCATION#72]期间，[PERSON#892]劝说丈夫[PERSON#361]归降宋朝，建议其通过密信与宋军联络，并献策诈败诱敌入城以实现里应外合。[PERSON#361]采纳其计，向宋军射出密信后佯败诱敌，最终促成[LOCATION#72]守军归降。书中将[PERSON#892]与魏国[PERSON#349]类比，赞诗称“[PERSON#340]力赞更贤良”，突显其对[PERSON#361]降宋的推动作用。
PERSON#495,王寅,方腊,王寅，古典小说《水浒传》中的人物。江南方腊麾下兵部尚书，善使钢枪，兼具谋略与武勇。歙州之战，他设计坑杀梁山将领单廷圭、魏定国。城破后，又击杀李云、石勇。突围时力战孙立、黄信、邹渊、邹润四将不落下风，但最终因林冲加入围攻而被乱枪戳死。,[PERSON#495]，[LOCATION#130][PERSON#598]麾下兵部尚书，善使钢枪，兼具谋略与武勇。[LOCATION#126]之战，他设计坑杀[LOCATION#752]将领[PERSON#799]、[PERSON#60]。城破后，又击杀[PERSON#279]、[PERSON#129]。突围时力战[PERSON#82]、[PERSON#966]、[PERSON#58]、[PERSON#738]四将不落下风，但最终因[PERSON#699]加入围攻而被乱枪戳死。
