PERSON_ID,NAME_LIST,LABEL,DES,N_DES
PERSON#941,甄费,其他,甄费是曹雪芹小说《红楼梦》中人物，名费，字士隐，角色命名源自《礼记·中庸》"君子之道费而隐"，谐音"真事隐"，与贾雨村构成"假语存"的对应关系，暗示其可能承载作者自身经历投影。作为串联全书主题的核心线索人物，甄费经历幼女被拐、家宅焚毁、寄人篱下等变故，最终在贫病中顿悟《好了歌》出家。其命运不仅暗含"真废物"的隐喻，更通过"甄贾对照"的结构设计，奠定"将真事隐去，用假语村言"的叙事基调，完整呈现封建知识分子从沉迷到觉醒的精神轨迹。,[PERSON#941]是[PERSON#263]小说[BOOK#38]中人物，名[PERSON#531]，字[PERSON#111]，角色命名源自[BOOK#34]"君子之道[PERSON#531]而隐"，谐音"[PERSON#394]"，与[PERSON#659]构成"[PERSON#26]"的对应关系，暗示其可能承载作者自身经历投影。作为串联全书主题的核心线索人物，[PERSON#941]经历幼女被拐、家宅焚毁、寄人篱下等变故，最终在贫病中顿悟[BOOK#16]出家。其命运不仅暗含"真废物"的隐喻，更通过"[PERSON#380]对照"的结构设计，奠定"将[PERSON#394]去，用[PERSON#28]"的叙事基调，完整呈现封建知识分子从沉迷到觉醒的精神轨迹。
PERSON#265,封氏,其他,封氏，曹雪芹小说《红楼梦》中人物，甄士隐之妻，封肃之女，又称“甄家娘子”。在87版电视剧《红楼梦》中由陈祖荣饰演。封肃为乡中富农，无官爵功名。封氏性情贤淑，与甄士隐育有独女英莲。英莲幼年被拐后家宅遭焚毁，夫妻投奔封肃。封肃厌恶女婿，哄骗其财产致甄士隐破产出家。封氏带侍女日夜劳作维持生计，贾雨村任官后探访时未攀附权势，仅感怀身世，后接受其资助寻女。,[PERSON#265]，[PERSON#263]小说[BOOK#38]中人物，[PERSON#374]之妻，[PERSON#929]之女，又称“[PERSON#378]娘子”。在87版电视剧[BOOK#38]中由[PERSON#632]饰演。[PERSON#929]为乡中富农，无[PERSON#152]爵功名。[PERSON#265]性情贤淑，与[PERSON#374]育有独女[PERSON#470]。[PERSON#470]幼年被拐后家宅遭焚毁，夫妻投奔[PERSON#929]。[PERSON#929]厌恶女婿，哄骗其财产致[PERSON#374]破产出家。[PERSON#265]带侍女日夜劳作维持生计，[PERSON#659]任[PERSON#152]后探访时未攀附权势，仅感怀身世，后接受其资助寻女。
PERSON#130,神瑛侍者,其他,神瑛侍者，男，中国四大名著之一《红楼梦》及其衍生作品中的角色之一，由欧阳奋强饰演，瞿佳配音。神瑛侍者，从《脂砚斋重评石头记》的描写看来，神瑛侍者为贾宝玉的前身，他对三生石畔的绛珠仙草曾有灌溉之恩。贾宝玉身上的通灵宝玉是由顽石变化而成的。后在绛珠“泪尽夭折”后，经历了与宝钗“恩爱夫妻不到冬”、贾府的“忽喇喇似大厦倾”、女儿们的“三春去后诸芳尽”等等人间不适后，心灰意冷地“悬崖散手”，与绛珠“证了前缘”。,[PERSON#130]，男，[LOCATION#3]四大名著之一[BOOK#38]及其衍生作品中的角色之一，由[PERSON#301]饰演，[PERSON#396]配音。[PERSON#130]，从[BOOK#44]的描写看来，[PERSON#130]为[PERSON#733_1]的前身，他对[LOCATION#1]的[PERSON#431]曾有灌溉之恩。[PERSON#733_1]身上的[PERSON#596]是由[PERSON#639]变[PERSON#62]而成的。后在[PERSON#429]“泪尽夭折”后，经历了与[PERSON#159]“恩爱夫妻不到冬”、[LOCATION#63]的“忽喇喇似大厦倾”、女儿们的“三春去后诸芳尽”等等人间不适后，心灰意冷地“悬崖散手”，与[PERSON#429]“证了前缘”。
PERSON#870,警幻仙子,其他,警幻仙子，小说《红楼梦》及其衍生作品中的角色之一。警幻仙子，爱神、美神，太虚幻境司主。《红楼梦》第五回，她受宁荣二公所托，让宝玉阅览金陵十二钗命运簿册，聆听《红楼梦曲》十四支，又将妹妹可卿许配于宝玉，引导宝玉“留意于孔孟之间，委身于经济之道”。警幻之名，即设计情欲声色梦幻警醒宝玉入于仕途经济正路。无奈宝玉竟未悟，梦醒后依然不改意淫志行，直到后四十回第二梦才了悟。根据《红楼梦》中的脂批探佚，警幻仙子应该在最后一回中展示警幻情榜。,[PERSON#870]，小说[BOOK#38]及其衍生作品中的角色之一。[PERSON#870]，爱神、美神，[LOCATION#25]司主。[BOOK#38]第五回，她受[PERSON#150]所托，让[PERSON#157]阅览[LOCATION#72][PERSON#65]命运簿册，聆听[BOOK#42]十四支，又将妹妹[PERSON#76]许配于[PERSON#157]，引导[PERSON#157]“留意于[PERSON#139]之间，委身于经济之道”。[PERSON#523]之名，即设计情欲声色梦幻警醒[PERSON#157]入于仕途经济正路。无奈[PERSON#157]竟未悟，梦醒后依然不改意淫志行，直到后四十回第二梦才了悟。根据[BOOK#38]中的[PERSON#455]探佚，[PERSON#870]应该在最后一回中展示[PERSON#523]情榜。
PERSON#733_1,贾宝玉,荣国府,贾宝玉，中国古典名著《红楼梦》中的人物，前世真身为神瑛侍者，今生为荣国府贾政与王夫人所生的次子，因衔通灵宝玉而诞，系贾府玉字辈嫡孙，故名贾宝玉，贾府通称宝二爷。贾宝玉自幼深受贾母疼爱，游于温柔富贵乡，专爱作养脂粉，亲近家里姐妹和丫鬟；他与林黛玉青梅竹马，互为知己，发展成一段世间少有的纯洁感情；他重情不重礼，结交了秦钟、蒋玉菡、柳湘莲、北静王等有情男子；他喜欢诗词曲赋之类性情文学，厌恶四书和八股文，批判程朱理学，把那些追逐科举考试、仕途经济的封建文人叫做“禄蠹”。可是到头来“瞬息间则又乐极悲生，人非物换”，他所欣赏的女子们死的死，散的散；自身又在家族安排下糊里糊涂与薛宝钗结婚，致使林黛玉泪尽而逝；再经抄家之痛，越发唬得他疯疯傻傻。为了报答天恩祖德，也为了尽快了却尘缘，他以高魁贵子重振家业，最后跟随一僧一道出走，回到青埂峰。贾宝玉形象带有曹雪芹自传的色彩，但其本质上属于艺术虚构，是作者有意识塑造的集意淫、补天济世、正邪两赋三大美德于一身的典型形象，在世界文学史上极具创新性。,[PERSON#733_1]，[LOCATION#3]古典名著[BOOK#38]中的人物，前世真身为[PERSON#130]，今生为[LOCATION#56][PERSON#357]与[PERSON#15_1]所生的次子，因衔[PERSON#596]而诞，系[LOCATION#63][PERSON#336]字辈嫡孙，故名[PERSON#733_1]，[LOCATION#63]通称宝二[PERSON#334]。[PERSON#733_1]自幼深受[PERSON#972]疼爱，游于温柔富贵乡，专爱作养脂粉，亲近家里姐妹和丫鬟；他与[PERSON#41]青[PERSON#299]竹马，互为知己，发展成一段世间少有的纯洁感情；他重情不重礼，结交了[PERSON#418]、[PERSON#375]、[PERSON#971]、[PERSON#63]等有情男子；他喜欢诗词曲赋之类性情文学，厌恶四书和八股文，批判程朱理学，把那些追逐科举考试、仕途经济的封建文人叫做“禄蠹”。可是到头来“瞬息间则又乐极悲生，人非物换”，他所欣赏的女子们死的死，散的散；自身又在家族安排下糊里糊涂与[PERSON#680]结婚，致使[PERSON#41]泪尽而逝；再经抄家之痛，越发唬得他疯疯傻傻。为了报答天恩祖德，也为了尽快了却尘缘，他以高魁贵子重振家业，最后跟随一僧一道出走，回到青埂峰。[PERSON#733_1]形象带有[PERSON#263]自传的色彩，但其本质上属于艺术虚构，是作者有意识塑造的集意淫、补天济世、正邪两赋三大美德于一身的典型形象，在世界文学史上极具创新性。
PERSON#733,马道婆,其他,马道婆是清代小说《红楼梦》中的虚构角色，贾宝玉的寄名干娘，在1987年电视剧版中由李倍饰演。她以封建迷信活动为业，长期游走于贾府各房骗取钱财。借宝玉被烫伤之机，先以“促狭鬼缠身”之说哄骗贾母捐五斤香油点灯祈福，后又受赵姨娘贿赂，用纸人邪术加害宝玉与王熙凤，致两人濒死，最终被癞头和尚用通灵宝玉化解危机。此外，她还收受当铺内眷钱财施法制造混乱，谎称治病敛财。因遗落施法道具被捕，刑部从其住处查获大量纸人、草人及勒索账册，最终被处死刑。作为封建迷信势力的代表，她的连环诈骗与邪术操控暴露了贾府内部矛盾，其罪行败露与伏法结局暗合因果报应的叙事逻辑。,[PERSON#733]是清代小说[BOOK#38]中的虚构角色，[PERSON#733_1]的寄名干娘，在1987年电视剧版中由[PERSON#267]饰演。她以封建迷信活动为业，长期游走于[LOCATION#63]各房骗取钱财。借[PERSON#157]被烫伤之机，先以“促狭鬼缠身”之说哄骗[PERSON#972]捐五斤香油点灯祈福，后又受[PERSON#234]贿赂，用纸人邪术加害[PERSON#157]与[PERSON#433]，致两人濒死，最终被[PERSON#384]用[PERSON#596][PERSON#62]解危机。此外，她还收受当铺内眷钱财施法制造混乱，谎称治病敛财。因遗落施法道具被捕，刑部从其住处查获大量纸人、草人及勒索账册，最终被处死刑。作为封建迷信势力的代表，她的连环诈骗与邪术操控暴露了[LOCATION#63]内部矛盾，其罪行败露与伏法结局暗合因果报应的叙事逻辑。
PERSON#659,贾雨村,其他,贾雨村，是古典名著《红楼梦》中的重要角色，名：化，字：时飞，别号：雨村。他是一个提纲挈领式的人物，以“假语村言”（一说“假语存焉”）提醒读者，统率全文。 原系湖州人，生于仕宦之家，但到他时，祖宗根基已尽，人口衰丧，只剩下他一人。他想进京求取功名，无奈囊内空空，只得暂在姑苏城里葫芦庙里安身，每日卖文为生。后因甄士隐相助，他才有钱上路，考中进士，升为知府。不久、因贪污徇私、被革职，受聘至林如海家、任林黛玉的启蒙老师，借与林如海的关系攀附上了贾府。在贾政的帮助下，他又官复原职，但为官不正，乱判了一起“葫芦案”（谐音：“糊涂案”）；最终“因嫌纱帽小，致使锁枷扛”。,[PERSON#659]，是古典名著[BOOK#38]中的重要角色，名：[PERSON#62]，字：[PERSON#246]，别号：[PERSON#635]。他是一个提纲挈领式的人物，以“[PERSON#28]”（一说“[PERSON#26]焉”）提醒读者，统率全文。 原系[LOCATION#46]人，生于仕宦之家，但到他时，祖宗根基已尽，人口衰丧，只剩下他一人。他想进[LOCATION#5]求取功名，无奈囊内[PERSON#415]，只得暂在[LOCATION#26]城里[LOCATION#58]里安身，每日卖文为生。后因[PERSON#374]相助，他才有钱上路，考中进士，升为知府。不久、因贪污徇私、被革职，受聘至[PERSON#377]家、任[PERSON#41]的启蒙老师，借与[PERSON#377]的关系攀附上了[LOCATION#63]。在[PERSON#357]的帮助下，他又[PERSON#152]复原职，但为[PERSON#152]不正，乱判了一起“[PERSON#485]”（谐音：“糊涂案”）；最终“因嫌纱帽小，致使锁枷扛”。
PERSON#960,老爷,荣国府,“老爷”是汉语中具有多重含义的尊称词汇。其原初指代父亲或祖父，后逐渐延伸为对神明（如“城隍老爷”）、官员、士绅及家庭男主人的敬称，部分方言亦用于称呼曾祖父或外祖父。该词内涵涵盖亲属与社会双重维度：亲属称谓中既可指长辈男性（如双亲之父、曾祖父），亦可作外祖父的方言表达；社会语境中则用于尊崇权贵阶层或家主，明清时期仆人称男主人为“老爷”，对应女主人称“老姥”。部分方言还将“老爷”用于指代太阳等自然现象。“老爷”源自古汉语，明代文献已明确记载其社会尊称功能，如《柳南随笔》称九卿为“老爷”。其语义演变与封建等级制度密切相关，唐代起“爷”字逐渐成为尊贵者代称，至明清广泛应用于官绅阶层。现代汉语中“姥爷”等称谓亦由此演化，部分方言及历史文本仍保留其古义。,“[PERSON#960]”是汉语中具有多重含义的尊称词汇。其原初指代父亲或祖父，后逐渐延伸为对神明（如“城隍[PERSON#960]”）、[PERSON#152]员、士绅及家庭男主人的敬称，部分方言亦用于称呼曾祖父或外祖父。该词内涵涵盖亲属与社会双重维度：亲属称谓中既可指长辈男性（如双亲之父、曾祖父），亦可作外祖父的方言表达；社会语境中则用于尊崇权贵阶层或家主，明清时期仆人称男主人为“[PERSON#960]”，对应女主人称“老姥”。部分方言还将“[PERSON#960]”用于指代太阳等自然现象。“[PERSON#960]”源自古汉语，明代文献已明确记载其社会尊称功能，如[BOOK#26]称九卿为“[PERSON#960]”。其语义演变与封建等级制度密切相关，唐代起“[PERSON#334]”字逐渐成为尊贵者代称，至明清广泛应用于[PERSON#152]绅阶层。现代汉语中“[PERSON#136]”等称谓亦由此演[PERSON#62]，部分方言及历史文本仍保留其古义。
PERSON#929,封肃,其他,封肃是清代小说《红楼梦》中甄士隐的岳父，其名字谐音“又疯又俗”，暗示其势利贪婪的性格特点。他因哄骗落魄女婿甄士隐的财产，导致后者最终出家，展现了封建社会中人情冷暖的世态。此外，封肃在贾雨村纳甄家丫鬟娇杏为妾的情节中，因攀附权贵而积极促成此事，这一行为反映了清代婚姻法律与社会现实的脱节。,[PERSON#929]是清代小说[BOOK#38]中[PERSON#374]的岳父，其名字谐音“又疯又俗”，暗示其势利贪婪的性格特点。他因哄骗落魄女婿[PERSON#374]的财产，导致后者最终出家，展现了封建社会中人情冷暖的世态。此外，[PERSON#929]在[PERSON#659]纳[PERSON#378]丫鬟[PERSON#137]为妾的情节中，因攀附权贵而积极促成此事，这一行为反映了清代婚姻法律与社会现实的脱节。
PERSON#841,甄英莲,其他,甄英莲，又名香菱、秋菱，是《红楼梦》中重要的女性人物，首次登场于第一回《甄士隐梦幻识通灵 贾雨村风尘怀闺秀》，为甄士隐之女、薛蟠之妾，位列金陵十二钗副册。甄英莲出身姑苏乡宦之家，为家中独女，幼年在元宵夜被拐，长大后被卖给乡绅公子冯渊，却遭薛蟠强抢，被迫随薛蟠客居贾府，薛宝钗为其取名“香菱”。香菱起初为使唤丫头，后被薛蟠收入房中成为侍妾，在贾府期间与众姐妹关系融洽，还诚心拜林黛玉为师，废寝忘食学诗，终有所成，参与芦雪广联诗。薛蟠娶正妻夏金桂后，香菱被改名为“秋菱”，饱受夏金桂及其丫鬟宝蟾的残酷虐待与精神折磨，甚至险些丢命。最终，香菱被扶为正室，却因难产而死，遗下一子。甄英莲的个性源于钟鼎诗书之家出身与底层流浪生活的共同作用，她简单乐观、少有束缚、无贪欲多虑，与其他女性角色迥然不同；其作为首位出场且位列副册之首的关键人物，不仅引出其他重要角色，更串联起红楼女儿的悲剧命运，其名字谐音“真应怜”，寄托了曹雪芹对群钗的深切悲悯与对美好人性无力护佑的痛惜；她的经历更展现出女性意识的彻底丧失，如薛蟠娶夏金桂时，她竟满心喜悦、主动让夫，揭示了“自觉妾意识”的麻木与封建礼教造成的精神创伤，这一独特形象也广泛出现在《红楼梦》的影视改编作品中。,[PERSON#841]，又名[PERSON#645]、[PERSON#401]，是[BOOK#38]中重要的女性人物，首次登场于第一回[BOOK#32]，为[PERSON#374]之女、[PERSON#346]之妾，位列[LOCATION#72][PERSON#65]副册。[PERSON#841]出身[LOCATION#26]乡宦之家，为家中独女，幼年在元宵夜被拐，长大后被卖给乡绅公子[PERSON#977]，却遭[PERSON#346]强抢，被迫随[PERSON#346]客居[LOCATION#63]，[PERSON#680]为其取名“[PERSON#645]”。[PERSON#645]起初为使唤丫头，后被[PERSON#346]收入房中成为侍妾，在[LOCATION#63]期间与众姐妹关系融洽，还诚心拜[PERSON#41]为师，废寝忘食学诗，终有所成，参与[PERSON#463]联诗。[PERSON#346]娶正妻[PERSON#250_1]后，[PERSON#645]被改名为“[PERSON#401]”，饱受[PERSON#250_1]及其丫鬟[PERSON#842]的残酷虐待与精神折磨，甚至险些丢命。最终，[PERSON#645]被扶为正室，却因难产而死，遗下一子。[PERSON#841]的个性源于[PERSON#620][PERSON#525]之家出身与底层流浪生活的共同作用，她简单乐观、少有束缚、无贪欲多虑，与其他女性角色迥然不同；其作为首位出场且位列副册之首的关键人物，不仅引出其他重要角色，更串联起红楼女儿的悲剧命运，其名字谐音“真应怜”，寄托了[PERSON#263]对群[PERSON#618]的深切悲悯与对美好人性无力护佑的痛惜；她的经历更展现出女性意识的彻底丧失，如[PERSON#346]娶[PERSON#250_1]时，她竟满心喜悦、主动让夫，揭示了“自觉妾意识”的麻木与封建礼教造成的精神创伤，这一独特形象也广泛出现在[BOOK#38]的影视改编作品中。
PERSON#392,庄妇,其他,当地村庄的农妇或有些体面的村妇，可能是庄头或村中长者的家眷，指代那个具体村庄里前来行礼送别的妇女们。,[LOCATION#34]的农妇或有些体面的村妇，可能是庄头或村中长者的家眷，指代那个具体村庄里前来行礼送别的妇女们。
PERSON#377,林如海,其他,林如海，又称“林海”，是中国古典名著《红楼梦》中的人物，初次登场于第二回“贾夫人仙逝扬州城 冷子兴演说荣国府”，为林黛玉的父亲，嫡妻贾敏为贾老太君之女。林如海为姑苏人氏，因祖上袭过列侯，亦是科第出身，曾为前科探花，后升至兰台寺大夫，又钦点出为巡盐御史，年逾四十膝下无儿，只有一女黛玉。后贾雨村找上林如海谈叙复职之事，请其设法疏通，林如海为报其恩情随即应允，代为筹划书信与费用，并在黛玉上京进贾府之日邀请贾雨村同行。林如海送别黛玉后身染重病，遂传信接黛玉回家，次年九月初三巳时病逝。林如海开明豁达、知恩图报，作为列侯之后的世袭贵族，虽能维持家族一时的富贵权势，却终究无法阻止家族走向衰败，他一死林家便“绝后”。小说通过林如海的形象，从侧面展现地主阶级普遍衰亡的趋势，体现封建社会由盛转衰的历史必然性；其形象亦常见于后世作品，如戏剧《红楼梦·别父》及多部《红楼梦》影视剧。,[PERSON#377]，又称“[PERSON#281]”，是[LOCATION#3]古典名著[BOOK#38]中的人物，初次登场于第二回“[PERSON#542]仙逝[LOCATION#38] [PERSON#40]演说[LOCATION#56]”，为[PERSON#41]的父亲，嫡妻[PERSON#556]为[PERSON#572]之女。[PERSON#377]为[LOCATION#26]人氏，因祖上袭过列侯，亦是科第出身，曾为前科探[PERSON#464]，后升至兰台寺大夫，又钦点出为巡盐御史，年逾四十膝下无儿，只有一女[PERSON#666]。后[PERSON#659]找上[PERSON#377]谈叙复职之事，请其设法疏通，[PERSON#377]为报其恩情随即应允，代为筹划书信与[PERSON#531]用，并在[PERSON#666]上[LOCATION#5]进[LOCATION#63]之日邀请[PERSON#659]同行。[PERSON#377]送别[PERSON#666]后身染重病，遂传信接[PERSON#666]回家，次年九月初三巳时病逝。[PERSON#377]开明豁达、知恩图报，作为列侯之后的世袭贵族，虽能维持家族一时的富贵权势，却终究无法阻止家族走向衰败，他一死林家便“绝后”。小说通过[PERSON#377]的形象，从侧面展现地主阶级普遍衰亡的趋势，体现封建社会由盛转衰的历史必然性；其形象亦常见于后世作品，如戏剧[BOOK#39]及多部[BOOK#38]影视剧。
PERSON#40,冷子兴,其他,冷子兴是清代小说《红楼梦》及其衍生作品中的角色，作为都城古董商，系周瑞女婿，与贾雨村为友人关系。在2010年新版电视剧《红楼梦》中由英达饰演。冷子兴通过“演说荣国府”情节，以第三人称视角向贾雨村介绍贾府人物关系，使贾府主要人物在其口中完成群体亮相。其身为王夫人奴仆周瑞女婿的身份，成为贾雨村与四大家族建立联系的重要纽带。该角色作为叙事线索，通过古董商人身份的特殊寓意，承担预先勾勒贾府兴衰脉络的功能。冷子兴的名字寓意“冷眼观子兴”，其“来历不明”的身份背景与“演说之谜”形成《红楼梦》悲剧根源的隐喻载体。通过该角色完成贾府人物关系网的架构后，贾雨村正式具备潜入四大家族权贵圈的条件。,[PERSON#40]是清代小说[BOOK#38]及其衍生作品中的角色，作为[LOCATION#69]古董商，系[PERSON#760]女婿，与[PERSON#659]为友人关系。在2010年新版电视剧[BOOK#38]中由英达饰演。[PERSON#40]通过“演说[LOCATION#56]”情节，以第三人称视角向[PERSON#659]介绍[LOCATION#63]人物关系，使[LOCATION#63]主要人物在其口中完成群体亮相。其身为[PERSON#15_1]奴仆[PERSON#760]女婿的身份，成为[PERSON#659]与四大家族建立联系的重要纽带。该角色作为叙事线索，通过古董商人身份的特殊寓意，承担预先勾勒[LOCATION#63]兴衰脉络的功能。[PERSON#40]的名字寓意“[PERSON#45]”，其“来历不明”的身份背景与“演说之谜”形成[BOOK#38]悲剧根源的隐喻载体。通过该角色完成[LOCATION#63]人物关系网的架构后，[PERSON#659]正式具备潜入四大家族权贵圈的条件。
PERSON#171,贾敬,宁国府,贾敬（Jia Jing），中国古典小说《红楼梦》及其衍生作品中的角色，宁国公贾演的孙子，京营节度使世袭一等神威将军贾代化的次子，贾珍之父。是乙卯科进士，却一味好道，在都外玄真观修炼，烧丹炼汞，别的事一概不管，放纵家人胡作非为。后因吃秘制的丹砂烧胀而死。死后追赐为五品之职。,[PERSON#171]（Jia Jing），[LOCATION#3]古典小说[BOOK#38]及其衍生作品中的角色，宁国公[PERSON#565]的孙子，[LOCATION#5]营节度使世袭一等神威将军[PERSON#535]的次子，[PERSON#452]之父。是乙卯科进士，却一味好道，在[LOCATION#70][LOCATION#50]修炼，烧丹炼汞，别的事一概不管，放纵家人胡作非为。后因吃秘制的丹砂烧胀而死。死后追赐为五品之职。
PERSON#452,贾珍,宁国府,贾珍，也称珍大爷、珍哥儿，是《红楼梦》中的人物，其名首见于第二回《贾夫人仙逝扬州城 冷子兴演说荣国府》，是贾敬之子、尤氏之夫、贾蓉之父。贾珍出身名门，为宁国府长孙，因父贾敬好道不理世事，他承袭宁国公世职。无人管束的贾珍恣意享乐，与儿媳秦可卿关系暧昧。秦可卿去世后，他悲痛异常，操办奢华葬礼，并为贾蓉捐五品官，还邀请王熙凤协理宁国府。身为族长，贾珍多打理家族事务，如建造大观园、领班清虚观打醮、参与除夕祭宗祠、管理田庄地租等。后来贾敬去世，贾珍一面主持丧事，一面暗中与尤氏姐妹厮混，居丧期间还以习射为名聚众赌博饮酒。续作中，他因鞭打悍仆以正家法引发非议，后与尤氏、贾蓉相继染怪病，引起贾府恐慌。宁国府被查抄后，贾珍被革职，派往海疆效力赎罪，最终皇帝大赦天下，他被免罪并继续袭宁国公世职。贾珍在贾宝玉心目中是“泥做的骨肉”“渣滓浊沫”般的丑类代表，其行径糜烂、胡作非为，与多名女性亲属存在不正当关系，面对秦可卿之死“如丧考妣”的表现更显不堪，即便在丧期也依旧寻欢作乐；作为宁国府的统治者与贾氏族长，他的骄奢淫逸对同辈与后辈产生不良影响。然而，贾珍的“坏”并非绝对，如他对秦可卿之死的反常举动或许反映出某种真挚情感，也有观点从复杂的家庭与家族关系中审视其性格的多面性，认为他并非一无是处；这一形象在《红楼梦》的诸多衍生作品中亦有呈现。,[PERSON#452]，也称[PERSON#370]、[PERSON#367]，是[BOOK#38]中的人物，其名首见于第二回[BOOK#57]，是[PERSON#171]之子、[PERSON#777]之夫、[PERSON#88]之父。[PERSON#452]出身名门，为[LOCATION#28]长孙，因父[PERSON#171]好道不理世事，他承袭宁国公世职。无人管束的[PERSON#452]恣意享乐，与儿媳[PERSON#548]关系暧昧。[PERSON#548]去世后，他悲痛异常，操办奢华葬礼，并为[PERSON#88]捐五品[PERSON#152]，还邀请[PERSON#433]协理[LOCATION#28]。身为族长，[PERSON#452]多打理家族事务，如建造[LOCATION#20]、领班清虚观打醮、参与除夕祭宗祠、管理田庄地租等。后来[PERSON#171]去世，[PERSON#452]一面主持丧事，一面暗中与[PERSON#777]姐妹厮混，居丧期间还以习射为名聚众赌博饮酒。续作中，他因鞭打悍仆以正家法引发非议，后与[PERSON#777]、[PERSON#88]相继染怪病，引起[LOCATION#63]恐慌。[LOCATION#28]被查抄后，[PERSON#452]被革职，派往海疆效力赎罪，最终皇帝大赦天下，他被免罪并继续袭宁国公世职。[PERSON#452]在[PERSON#733_1]心目中是“泥做的骨肉”“渣滓浊沫”般的丑类代表，其行径糜烂、胡作非为，与多名女性亲属存在不正当关系，面对[PERSON#548]之死“如丧考妣”的表现更显不堪，即便在丧期也依旧寻欢作乐；作为[LOCATION#28]的统治者与[PERSON#561]族长，他的骄奢淫逸对同辈与后辈产生不良影响。然而，[PERSON#452]的“坏”并非绝对，如他对[PERSON#548]之死的反常举动或许反映出某种真挚情感，也有观点从复杂的家庭与家族关系中审视其性格的多面性，认为他并非一无是处；这一形象在[BOOK#38]的诸多衍生作品中亦有呈现。
PERSON#926,贾赦,荣国府,贾赦，字恩侯，是《红楼梦》中的人物，其名首见于第二回《贾夫人仙逝扬州城 冷子兴演说荣国府》，为贾代善、贾母的长子，贾政之兄，贾琏与贾迎春之父。贾赦身袭荣国公世职，官居一等将军，年长却沉溺酒色，常与小妾寻欢。他看中贾母贴身丫鬟鸳鸯，执意纳其为妾，却遭鸳鸯誓死反抗与贾母强烈反对，只得作罢，转而花费八百两银子另购十七岁的嫣红。其后，他觊觎石呆子珍藏的二十把古扇，强买不成，便勾结贾雨村罗织罪名，抄没其家产并强夺古扇。对待家人，他同样专横跋扈：因石呆子案等事迁怒贾琏办事不力，将其毒打一顿；中秋夜宴上借“婆子针心”的笑话影射贾母偏心；又不顾劝阻，执意将女儿迎春许配给孙绍祖，导致迎春悲惨收场。后来贾府被抄家，贾赦家产尽数没收，被发配边远地区效力赎罪，最终因皇帝大赦而免罪，家产亦被赏还。贾赦贵为荣国公长孙，身份显赫，本应德高望重，但他昏聩无识、贪财好色、为老不尊，不仅不被贾母喜爱，在奴婢眼中也毫无威望。与以礼教自持的弟弟贾政相比，贾赦不顾礼法、名誉与良心的约束，恣意作恶，是封建末世贵族子孙的典型代表，也是贾府长辈中为恶的魁首，对贾府的衰败负有不可推卸的责任；其形象亦在《红楼梦》的多部影视作品中得到呈现。,[PERSON#926]，字恩侯，是[BOOK#38]中的人物，其名首见于第二回[BOOK#57]，为[PERSON#536]、[PERSON#972]的长子，[PERSON#357]之[PERSON#34]，[PERSON#186_1]与[PERSON#230]之父。[PERSON#926]身袭荣国公世职，[PERSON#152]居一等将军，年长却沉溺酒色，常与小妾寻欢。他看中[PERSON#972]贴身丫鬟[PERSON#654]，执意纳其为妾，却遭[PERSON#654]誓死反抗与[PERSON#972]强烈反对，只得作罢，转而[PERSON#464][PERSON#531]八百两银子另购十七岁的[PERSON#138]。其后，他觊觎[PERSON#397]珍藏的二十把古扇，强买不成，便勾结[PERSON#659]罗织罪名，抄没其家产并强夺古扇。对待家人，他同样专横跋扈：因[PERSON#397]案等事迁怒[PERSON#186_1]办事不力，将其毒打一顿；中秋夜宴上借“婆子针心”的笑话影射[PERSON#972]偏心；又不顾劝阻，执意将女儿[PERSON#595]许配给[PERSON#570_1]，导致[PERSON#595]悲惨收场。后来[LOCATION#63]被抄家，[PERSON#926]家产尽数没收，被发配边远地区效力赎罪，最终因皇帝大赦而免罪，家产亦被赏还。[PERSON#926]贵为荣国公长孙，身份显赫，本应德高望重，但他昏聩无识、贪财好色、为老不尊，不仅不被[PERSON#972]喜爱，在奴婢眼中也毫无威望。与以礼教自持的[PERSON#187][PERSON#187][PERSON#357]相比，[PERSON#926]不顾礼法、名誉与良心的约束，恣意作恶，是封建末世贵族子孙的典型代表，也是[LOCATION#63]长辈中为恶的魁首，对[LOCATION#63]的衰败负有不可推卸的责任；其形象亦在[BOOK#38]的多部影视作品中得到呈现。
PERSON#325,贾珠,荣国府,贾珠是中国古典小说《红楼梦》中的虚拟人物，为荣国府贾政与王夫人所生嫡长子，贾宝玉与贾元春胞兄。十四岁进学，未满二十岁娶国子监祭酒李守中之女李纨为妻，生子贾兰后病逝。贾珠早逝导致李纨青年守寡，其子贾兰随母迁居大观园稻香村，该院落以竹篱茅舍的建筑风格为特色。王夫人在贾政责打宝玉时曾追忆贾珠，感叹"若有你活着，便死一百个我也不管了"，侧面印证其生前品学表现优于宝玉。南京大学学生吴滢在《贾珠之死》中为其构建"年少聪颖、孝顺听话"的形象，认为家庭教育失败是悲剧根源。贾珠之死客观上造成荣国府继承权空缺，成为家族矛盾的潜在诱因。,[PERSON#325]是[LOCATION#3]古典小说[BOOK#38]中的虚拟人物，为[LOCATION#56][PERSON#357]与[PERSON#15_1]所生嫡长子，[PERSON#733_1]与[PERSON#904]胞[PERSON#34]。十四岁进学，未满二十岁娶国子监祭酒[PERSON#270]之女[PERSON#315]为妻，生子[PERSON#522]后病逝。[PERSON#325]早逝导致[PERSON#315]青年守寡，其子[PERSON#522]随母迁居[LOCATION#21]，该院落以竹篱茅舍的建筑风格为特色。[PERSON#15_1]在[PERSON#357]责打[PERSON#157]时曾追忆[PERSON#325]，感叹"若有你活着，便死一百个我也不管了"，侧面印证其生前品学表现优于[PERSON#157]。[LOCATION#10]大学学生吴滢在[BOOK#59]中为其构建"年少聪颖、孝顺听话"的形象，认为家庭教育失败是悲剧根源。[PERSON#325]之死客观上造成[LOCATION#56]继承权空缺，成为家族矛盾的潜在诱因。
PERSON#904,贾元春,荣国府,贾元春，中国古典名著《红楼梦》中的人物，又称贾妃、元妃，其名首见于第二回《贾夫人仙逝扬州城 冷子兴演说荣国府》，初次登场于第十七至十八回《大观园试才题对额 荣国府归省庆元宵》，为金陵十二钗之一，荣国府二老爷贾政嫡长女、王夫人所出、贾宝玉的胞姐。贾元春因生于正月初一而得名，自幼由贾母教养，对弟弟贾宝玉十分怜爱，曾教他读书写字。她长大后凭贤孝才德被选入宫中担任女史，后晋封凤藻宫尚书，又加封为贤德妃。为迎接其归宁省亲，贾府特意修建省亲别院；省亲当日正值元宵节，贾元春与家人团聚，游览大观园，为各处题写匾额、赐下名称，并命众姐妹及贾宝玉题咏作诗。此后，她虽身居深宫，却常牵挂家事：曾派人送灯谜供众人猜玩，下谕让薛宝钗、贾宝玉等人入住大观园，出资打平安醮，赏赐端午节礼，并在贾母等人生辰时送上贺礼。在续作中，贾元春渐渐身体发福，行动费力，时常发作痰疾，后又沾染寒气，最终病入膏肓，于甲寅年十二月十九日离世，享年四十三岁。贾元春是曹雪芹按理想后妃塑造、以“贤德”为标志的封建淑女典型，近乎完美，却“有材补天而无命补天”；她在书中出场虽不多，却作用重大：使贾府与宫廷相连，为贾府因宫廷斗争败落埋下伏笔，扩大作品的社会意义；其省亲促成大观园的出现，为众少男少女提供活动空间；其贵为帝妃却仍难逃悲剧命运，更象征封建社会女性的无奈与悲哀。此外，贾元春的形象也在电视剧、戏曲等《红楼梦》衍生作品中多有呈现。,[PERSON#904]，[LOCATION#3]古典名著[BOOK#38]中的人物，又称[PERSON#543]、[PERSON#32]，其名首见于第二回[BOOK#57]，初次登场于第十七至十八回[BOOK#15]，为[LOCATION#72][PERSON#65]之一，[LOCATION#56]二[PERSON#960][PERSON#357]嫡长女、[PERSON#15_1]所出、[PERSON#733_1]的胞姐。[PERSON#904]因生于正月初一而得名，自幼由[PERSON#972]教养，对[PERSON#187][PERSON#187][PERSON#733_1]十分怜爱，曾教他读书写字。她长大后凭贤孝才德被选入宫中担任女史，后晋封凤藻宫尚书，又加封为贤德妃。为迎接其归宁省亲，[LOCATION#63]特意修建省亲别院；省亲当日正值元宵节，[PERSON#904]与家人团聚，游览[LOCATION#20]，为各处题写匾额、赐下名称，并命众姐妹及[PERSON#733_1]题咏作诗。此后，她虽身居深宫，却常牵挂家事：曾派人送灯谜供众人猜玩，下谕让[PERSON#680]、[PERSON#733_1]等人入住[LOCATION#20]，出资打平安醮，赏赐端午节礼，并在[PERSON#972]等人生辰时送上贺礼。在续作中，[PERSON#904]渐渐身体发福，行动[PERSON#531]力，时常发作痰疾，后又沾染寒气，最终病入膏肓，于甲寅年十二月十九日离世，享年四十三岁。[PERSON#904]是[PERSON#263]按理想后妃塑造、以“贤德”为标志的封建淑女典型，近乎完美，却“有材补天而无命补天”；她在书中出场虽不多，却作用重大：使[LOCATION#63]与宫廷相连，为[LOCATION#63]因宫廷斗争败落埋下伏笔，扩大作品的社会意义；其省亲促成[LOCATION#20]的出现，为众少男少女提供活动空间；其贵为帝妃却仍难逃悲剧命运，更象征封建社会女性的无奈与悲哀。此外，[PERSON#904]的形象也在电视剧、戏曲等[BOOK#38]衍生作品中多有呈现。
PERSON#230,贾迎春,荣国府,贾迎春，又名二姑娘、二木头、迎丫头，是《红楼梦》中的人物，其名首见于第二回《贾夫人仙逝扬州城 冷子兴演说荣国府》，正式登场于第三回《贾雨村夤缘复旧职 林黛玉抛父进京都》，为金陵十二钗之一，荣国府贾赦庶女，贾琏同父异母的妹妹，孙绍祖之妻。贾迎春为贾赦妾室所出，生母早亡，养成温柔沉默的性格，日常多与众姐妹一同出入。海棠诗社兴起时，她虽不擅作诗，也参与其中，并因其居住的紫菱洲得名“菱洲”。其贵重首饰攒珠累丝金凤被乳母典当赌博事发后，她却选择息事宁人，任由事态发展。及至抄检大观园，其贴身丫鬟司棋因私藏违禁之物面临驱逐严惩，贾迎春虽心中不舍，却因“事关风化，无可如何”，眼看司棋离去。后来，她被父亲贾赦做主许配给孙绍祖，婚后被丈夫视同抵债之物，饱受欺凌，最终含恨离世。时值贾母病重，贾府无暇他顾，其丧事遂草草完结。贾迎春在书中并不十分突出，即便跻身金陵十二钗之列，着墨也较少，但她因生存环境养成的懦弱性格，使其“懦小姐”的形象仍具独特意味，让美与美被毁灭的过程呈现出更多层次。她的悲剧既反映封建末世新旧贵族权势更迭中旧贵族女性地位的沦落，也揭示统治阶级内部权力再分配的残酷与复杂，更凸显封建包办婚姻的罪恶，同时体现作者对宿命论、封建礼教及懦弱人性的深刻批判；这一形象亦出现在诸多艺术作品中，如电视剧《红楼梦》、舞剧《红楼梦》。,[PERSON#230]，又名[PERSON#5]、[PERSON#6]、[PERSON#594]，是[BOOK#38]中的人物，其名首见于第二回[BOOK#57]，正式登场于第三回[BOOK#61]，为[LOCATION#72][PERSON#65]之一，[LOCATION#56][PERSON#926]庶女，[PERSON#186_1]同父异母的妹妹，[PERSON#570_1]之妻。[PERSON#230]为[PERSON#926]妾室所出，生母早亡，养成温柔沉默的性格，日常多与众姐妹一同出入。海棠诗社兴起时，她虽不擅作诗，也参与其中，并因其居住的[LOCATION#53]得名“[PERSON#482]”。其贵重首饰[PERSON#238]被乳母典当赌博事发后，她却选择息事宁人，任由事态发展。及至抄检[LOCATION#20]，其贴身丫鬟[PERSON#261]因私藏违禁之物面临驱逐严惩，[PERSON#230]虽心中不舍，却因“事关风[PERSON#62]，无可如何”，眼看[PERSON#261]离去。后来，她被父亲[PERSON#926]做主许配给[PERSON#570_1]，婚后被丈夫视同抵债之物，饱受欺凌，最终含恨离世。时值[PERSON#972]病重，[LOCATION#63]无暇他顾，其丧事遂草草完结。[PERSON#230]在书中并不十分突出，即便跻身[LOCATION#72][PERSON#65]之列，着墨也较少，但她因生存环境养成的懦弱性格，使其“懦小姐”的形象仍具独特意味，让美与美被毁灭的过程呈现出更多层次。她的悲剧既反映封建末世新旧贵族权势更迭中旧贵族女性地位的沦落，也揭示统治阶级内部权力再分配的残酷与复杂，更凸显封建包办婚姻的罪恶，同时体现作者对宿命论、封建礼教及懦弱人性的深刻批判；这一形象亦出现在诸多艺术作品中，如电视剧[BOOK#38]、舞剧[BOOK#38]。
PERSON#748,贾探春,荣国府,贾探春是《红楼梦》中重要的女性角色，于第三回初次登场，出身四大家族之一的贾家，是贾政庶出之女、赵姨娘所生，排行贾府三小姐，亦列入金陵十二钗正册第四位。林黛玉入贾府时，贾母召集众姐妹相见，探春亦在其中，且在贾宝玉为黛玉取字“颦儿”时敏锐指出其为杜撰。她先后在元妃省亲时题写匾额，在元宵佳节写下《风筝》灯谜诗，又与贾宝玉、林黛玉、薛宝钗、李纨等共同成立海棠诗社，使大观园的诗社文化达到鼎盛。王熙凤卧病期间，她与李纨共同治理大观园并推行改革，虽初见成效，却终究难挽贾府衰败。抄检大观园时，她态度坚决，提出“百足之虫，死而不僵，必须先从家里自杀自灭起来，才能一败涂地”，迫使凤姐等人让步；面对王善保家的纠缠，她怒扇其耳光，展现刚烈性格。最终，她被迫远嫁和亲，远离故土（续书情节）。作为没落家族的庶女，探春才情卓绝却难施抱负，她的一生既是女性命运的悲剧，也是人才被埋没、性格受限与时代压迫交织而成的悲剧。,[PERSON#748]是[BOOK#38]中重要的女性角色，于第三回初次登场，出身四大家族之一的[PERSON#545]，是[PERSON#357]庶出之女、[PERSON#234]所生，排行[LOCATION#63]三小姐，亦列入[LOCATION#72][PERSON#65]正册第四位。[PERSON#41]入[LOCATION#63]时，[PERSON#972]召集众姐妹相见，[PERSON#237]亦在其中，且在[PERSON#733_1]为[PERSON#666]取字“[PERSON#642]”时敏锐指出其为杜撰。她先后在[PERSON#32]省亲时题写匾额，在元宵佳节写下[BOOK#66]灯谜诗，又与[PERSON#733_1]、[PERSON#41]、[PERSON#680]、[PERSON#315]等共同成立海棠诗社，使[LOCATION#20]的诗社文[PERSON#62]达到鼎盛。[PERSON#433]卧病期间，她与[PERSON#315]共同治理[LOCATION#20]并推行改革，虽初见成效，却终究难挽[LOCATION#63]衰败。抄检[LOCATION#20]时，她态度坚决，提出“百足之虫，死而不僵，必须先从家里自杀自灭起来，才能一败涂地”，迫使[PERSON#53]等人让步；面对[PERSON#114]纠缠，她怒扇其耳光，展现刚烈性格。最终，她被迫远嫁和亲，远离故土（续书情节）。作为没落家族的庶女，[PERSON#237]才情卓绝却难施抱负，她的一生既是女性命运的悲剧，也是人才被埋没、性格受限与时代压迫交织而成的悲剧。
PERSON#186_1,贾琏,荣国府,贾琏，清代曹雪芹所著《红楼梦》中的人物，其名首见于第二回《贾夫人仙逝扬州城  冷子兴演说荣国府》，初次登场于第四回《薄命女偏逢薄命郎  葫芦僧乱判葫芦案》，是荣国府贾赦长子，王熙凤、尤二姐的丈夫，贾巧姐的父亲。林如海病重后，贾琏护送林黛玉回扬州探视，后又带其送林如海灵柩至苏州。归家后，贾琏便投身贾元春省亲的筹备事宜。女儿贾巧姐出痘期间，他独居外书房，却与仆妇多姑娘有染，幸得平儿遮掩未让王熙凤发觉。王熙凤生日当天，贾琏又与鲍二媳妇偷情，被王熙凤撞破，夫妻失和。在宁国府协理贾敬丧事时，他贪恋尤二姐美色，经贾蓉怂恿，瞒着王熙凤偷娶尤二姐。之后，贾琏欲促成柳湘莲与尤三姐婚事，然柳湘莲悔婚致尤三姐自刎。贾琏不喜读书，捐得同知之职，长于机变应对，平日总理家务。与贾府其他单纯混吃等死的男人不同，贾琏虽不喜读书，但为人精明能干，荣国府许多大事都是在他的主持下完成的，是荣国府对外的能力担当。缺点是多情好色，,[PERSON#186_1]，清代[PERSON#263]所著[BOOK#38]中的人物，其名首见于第二回[BOOK#56]，初次登场于第四回[BOOK#46]，是[LOCATION#56][PERSON#926]长子，[PERSON#433]、[PERSON#945]的丈夫，[PERSON#283]的父亲。[PERSON#377]病重后，[PERSON#186_1]护送[PERSON#41]回[LOCATION#37]探视，后又带其送[PERSON#377]灵柩至[LOCATION#55]。归家后，[PERSON#186_1]便投身[PERSON#904]省亲的筹备事宜。女儿[PERSON#283]出痘期间，他独居外书房，却与仆妇[PERSON#450]有染，幸得[PERSON#285]遮掩未让[PERSON#433]发觉。[PERSON#433]生日当天，[PERSON#186_1]又与[PERSON#955]媳妇偷情，被[PERSON#433]撞破，夫妻失和。在[LOCATION#28]协理[PERSON#171]丧事时，他贪恋[PERSON#945]美色，经[PERSON#88]怂恿，瞒着[PERSON#433]偷娶[PERSON#945]。之后，[PERSON#186_1]欲促成[PERSON#971]与[PERSON#521]婚事，然[PERSON#971]悔婚致[PERSON#521]自刎。[PERSON#186_1]不喜读书，捐得同知之职，长于机变应对，平日总理家务。与[LOCATION#63]其他单纯混吃等死的男人不同，[PERSON#186_1]虽不喜读书，但为人精明能干，[LOCATION#56]许多大事都是在他的主持下完成的，是[LOCATION#56]对外的能力担当。缺点是多情好色，
PERSON#972,贾母,荣国府,贾母，又称史太君，是曹雪芹长篇小说《红楼梦》中人物，出身金陵史侯家族（四大家族之一），为贾代善之妻、贾宝玉祖母及林黛玉外祖母，育有贾赦、贾政、贾敏等子女，其内侄孙女为史湘云。作为贾府最高统治者，其治家风格大礼严谨、小节灵活，通过纵容孙辈维系家族平衡，尤其溺爱贾宝玉并默许其与林黛玉的青梅竹马关系。被众人称为史太君、老太太、老祖宗。《红楼梦》第三回中，贾母正式亮相，亲率贾府众人迎接父母双亡、千里投奔的林黛玉，其言行间尽显慈爱威严，给黛玉带去温情。作为贾府最高掌权者，贾母贯穿全书，元妃省亲时率族人迎候，宝钗生辰时牵头设宴，还亲往清虚观祈福、携众人两宴大观园，见证并维系着贾府的繁华。贾母一生养尊处优，八旬大寿庆典极为隆重，荣宁两府开宴七日，极尽奢靡，既是贾府鼎盛的印记，也暗藏由盛转衰的伏笔。后来贾府获罪被抄，繁华尽灭，贾母亲历家破人亡的惨状，悲痛积郁成疾，最终卧病不起，享年八十三岁，走完了荣华半生、终陷悲凉的一生。贾母虽交管家权于晚辈，仍保有家族事务的最终决策权，面对贾府衰败时主动缩减排场，展现出对危机的清醒认知。其性格通权达变，既庇护年轻一代的成长空间，又默认家族内部奢靡风气，被评价为“古今中外一祖母”式的封建贵族代表人物典型。晚年贾母亲历贾府由盛转衰，虽竭力调解家族矛盾，终无力挽救颓势，临终自省“罪孽皆由我一人”。,[PERSON#972]，又称[PERSON#81]，是[PERSON#263]长篇小说[BOOK#38]中人物，出身[LOCATION#72][PERSON#78]家族（四大家族之一），为[PERSON#536]之妻、[PERSON#733_1]祖母及[PERSON#41]外祖母，育有[PERSON#926]、[PERSON#357]、[PERSON#556]等子女，其内侄孙女为[PERSON#660]。作为[LOCATION#63]最高统治者，其治家风格大礼严谨、小节灵活，通过纵容孙辈维系家族平衡，尤其溺爱[PERSON#733_1]并默许其与[PERSON#41]的青[PERSON#299]竹马关系。被众人称为[PERSON#81]、老[PERSON#911]、[PERSON#441]。[BOOK#38]第三回中，[PERSON#972]正式亮相，亲率[LOCATION#63]众人迎接父母双亡、千里投奔的[PERSON#41]，其言行间尽显慈爱威严，给[PERSON#666]带去温情。作为[LOCATION#63]最高掌权者，[PERSON#972]贯穿全书，[PERSON#32]省亲时率族人迎候，[PERSON#159]生辰时牵头设宴，还亲往清虚观祈福、携众人两宴[LOCATION#20]，见证并维系着[LOCATION#63]的繁华。[PERSON#972]一生养尊处优，八旬大寿庆典极为[PERSON#634]重，荣宁两府开宴七日，极尽奢靡，既是[LOCATION#63]鼎盛的印记，也暗藏由盛转衰的伏笔。后来[LOCATION#63]获罪被抄，繁华尽灭，[PERSON#972]亲历家破人亡的惨状，悲痛积郁成疾，最终卧病不起，享年八十三岁，走完了荣华半生、终陷悲凉的一生。[PERSON#972]虽交管家权于晚辈，仍保有家族事务的最终决策权，面对[LOCATION#63]衰败时主动缩减排场，展现出对危机的清醒认知。其性格通权达变，既庇护年轻一代的成长空间，又默认家族内部奢靡风气，被评价为“古今中外一祖母”式的封建贵族代表人物典型。晚年[PERSON#972]亲历[LOCATION#63]由盛转衰，虽竭力调解家族矛盾，终无力挽救颓势，临终自省“罪孽皆由我一人”。
PERSON#41,林黛玉,其他,林黛玉，中国古典名著《红楼梦》中的人物，与薛宝钗并为金陵十二钗正册之首，西方灵河岸绛珠仙草转世，荣府幺女贾敏与扬州巡盐御史林如海之独生女，母亲贾敏是贾代善和贾母四个女儿里最小的女儿，贾母的外孙女，贾宝玉的姑表妹、恋人、知己，贾府通称林姑娘。林黛玉是古代文学作品中极富灵气的经典女性形象。从小聪明清秀，父母对她爱如珍宝。5岁上学，6至7岁母亲早亡，10岁接到贾母身边抚养教育。11岁时父亲逝世，从此常住贾府，养成了孤标傲世的性格。12岁时，贾元春省亲，林黛玉入住潇湘馆，在大观园诗社里别号潇湘妃子，作诗直抒性灵。林黛玉与贾宝玉青梅竹马，脂砚斋说“二玉近中远”“实远之至”。绛珠还泪的神话赋予了林黛玉迷人的诗人气质，同时又定下了悲剧基调。林黛玉与薛宝钗在太虚幻境才女榜上并列第一，二人既存在人性上的德才之争，婚姻上的金木之争，又因同属正邪两赋的禀性而惺惺相惜。80回以后林黛玉的故事，脂评有若干提示，如“《牡丹亭》中伏黛玉之死”（17、18回）、“将来泪尽夭亡”（22回）、“落叶萧萧、寒烟漠漠”与“凤尾森森、龙吟细细对照，《十独吟》与《五美吟》对照”（26回、64回），宝玉诔晴雯“实诔黛玉”（79回）等等。但这些提示在后面都没有着落，现在后40回中林黛玉故事收束于98回，有如下重要情节：痴魂惊噩梦，见82回；颦卿绝粒，见86回；得知宝玉定亲，先痴迷复清醒，终至“焚稿断痴情”，“魂归离恨天”，见96、97、98回。,[PERSON#41]，[LOCATION#3]古典名著[BOOK#38]中的人物，与[PERSON#680]并为[LOCATION#72][PERSON#65]正册之首，西方灵河岸[PERSON#431]转世，[LOCATION#57]幺女[PERSON#556]与[LOCATION#37]巡盐御史[PERSON#377]之独生女，母亲[PERSON#556]是[PERSON#536]和[PERSON#972]四个女儿里最小的女儿，[PERSON#972]的外孙女，[PERSON#733_1]的姑表妹、恋人、知己，[LOCATION#63]通称林姑娘。[PERSON#41]是古代文学作品中极富灵气的经典女性形象。从小聪明清秀，父母对她爱如珍宝。5岁上学，6至7岁母亲早亡，10岁接到[PERSON#972]身边抚养教育。11岁时父亲逝世，从此常住[LOCATION#63]，养成了孤标傲世的性格。12岁时，[PERSON#904]省亲，[PERSON#41]入住[LOCATION#48]，在[LOCATION#20]诗社里别号潇湘妃子，作诗直抒性灵。[PERSON#41]与[PERSON#733_1]青[PERSON#299]竹马，[PERSON#457]说“二[PERSON#336]近中远”“实远之至”。[PERSON#429]还泪的神话赋予了[PERSON#41]迷人的诗人气质，同时又定下了悲剧基调。[PERSON#41]与[PERSON#680]在[LOCATION#25]才女榜上并列第一，二人既存在人性上的德才之争，婚姻上的金木之争，又因同属正邪两赋的禀性而惺惺相惜。80回以后[PERSON#41]的故事，脂评有若干提示，如“[BOOK#31]中伏[PERSON#666]之死”（17、18回）、“将来泪尽夭亡”（22回）、“落叶萧萧、寒[PERSON#329]漠漠”与“凤尾森森、龙吟细细对照，[BOOK#7]与[BOOK#3]对照”（26回、64回），[PERSON#157]诔[PERSON#414]“实诔[PERSON#666]”（79回）等等。但这些提示在后面都没有着落，现在后40回中[PERSON#41]故事收束于98回，有如下重要情节：痴魂惊噩梦，见82回；颦卿绝粒，见86回；得知[PERSON#157]定亲，先痴迷复清醒，终至“焚稿断痴情”，“魂归离恨天”，见96、97、98回。
PERSON#911,太太,荣国府,太太是汉语称谓词，原为对长辈女性的尊称，现多指已婚女性的敬称（常冠以丈夫姓氏），方言中偶指曾祖母。该词源于周朝贤母“三太”称谓典故，汉哀帝时期首次用于尊称皇室女眷，明代规定中丞以上官员之妻可称太太，清代逐渐泛化为家庭主妇的通用称谓。民国时期扩展至官员眷属，二十世纪末受港澳台影响成为平民化敬称。其称谓演变历经等级色彩淡化过程：汉代王室专用，明代士大夫阶层限定，清代仆人广泛使用，最终在现代脱离阶级属性。旧时官僚妻室、女主人及夫妻互称等用法仍存于历史文献，当代核心语义聚焦已婚女性尊称。,[PERSON#911]是汉语称谓词，原为对长辈女性的尊称，现多指已婚女性的敬称（常冠以丈夫姓氏），方言中偶指曾祖母。该词源于[LOCATION#15]贤母“[PERSON#1]”称谓典故，汉哀帝时期首次用于尊称皇室女眷，明代规定中丞以上[PERSON#152]员之妻可称[PERSON#911]，清代逐渐泛[PERSON#62]为家庭主妇的通用称谓。民国时期扩展至[PERSON#152]员眷属，二十世纪末受[LOCATION#45]影响成为平民[PERSON#62]敬称。其称谓演变历经等级色彩淡[PERSON#62]过程：汉代[PERSON#339]室专用，明代士大夫阶层限定，清代仆人广泛使用，最终在现代脱离阶级属性。旧时[PERSON#152]僚妻室、女主人及夫妻互称等用法仍存于历史文献，当代核心语义聚焦已婚女性尊称。
PERSON#315,李纨,荣国府,李纨，字宫裁，又名稻香老农，是《红楼梦》中位列金陵十二钗正册第十一位的人物，首次登场于第四回。她出身金陵仕宦名族，父亲李守中官至国子监祭酒，家风重礼守节。自幼受传统闺训熏陶，嫁入荣国府为嫡长孙贾珠之妻，谨守妇道。然而贾珠早逝，使她青春守寡，自此将全部希望寄托于独子贾兰。她深居稻香村，衣着素净，言行合礼，宛如“槁木死灰”，在繁华的贾府中显得格外寂静。探春发起海棠诗社时，她主动请缨掌坛并慷慨出资，于严谨克己之外展现出难得的诗心与组织能力。作为母亲，她将全部心力倾注于贾兰的学业，督促其寒窗苦读。贾府衰败之际，李纨因一贯低调安分，与贾兰得以保全。后来贾兰高中举人，她终于获凤冠霞帔，得享诰命之荣，却在荣耀加身之时骤然病逝。李纨一生隐忍，与王熙凤形成鲜明对比；她代表正统、功利性的价值观（科举功名），与贾宝玉的人生哲学相冲突。她恪守封建礼教，以贞静淡泊示人，内心却仍存自然审美与诗情。最终在“凤冠霞帔”与“黄泉路近”的悖论中落幕，成为封建伦理压抑下的典型悲剧形象。,[PERSON#315]，字[PERSON#161]，又名[PERSON#413]，是[BOOK#38]中位列[LOCATION#72][PERSON#65]正册第十一位的人物，首次登场于第四回。她出身[LOCATION#72]仕宦名族，父亲[PERSON#270][PERSON#152]至国子监祭酒，家风重礼守节。自幼受传统闺训熏陶，嫁入[LOCATION#56]为嫡长孙[PERSON#325]之妻，谨守妇道。然而[PERSON#325]早逝，使她青春守寡，自此将全部希望寄托于独子[PERSON#522]。她深居[LOCATION#52]，衣着素净，言行合礼，宛如“槁木死灰”，在繁华的[LOCATION#63]中显得格外寂静。[PERSON#237]发起海棠诗社时，她主动请缨掌坛并慷慨出资，于严谨克己之外展现出难得的诗心与组织能力。作为母亲，她将全部心力倾注于[PERSON#522]的学业，督促其寒窗苦读。[LOCATION#63]衰败之际，[PERSON#315]因一贯低调安分，与[PERSON#522]得以保全。后来[PERSON#522]高中举人，她终于获凤冠霞帔，得享诰命之荣，却在荣耀加身之时骤然病逝。[PERSON#315]一生隐忍，与[PERSON#433]形成鲜明对比；她代表正统、功利性的价值观（科举功名），与[PERSON#733_1]的人生哲学相冲突。她恪守封建礼教，以贞静淡泊示人，内心却仍存自然审美与诗情。最终在“凤冠霞帔”与“黄泉路近”的悖论中落幕，成为封建伦理压抑下的典型悲剧形象。
PERSON#15_1,王夫人,荣国府,王夫人，中国古典小说《红楼梦》中的人物，出身四大家族之一的金陵王氏，荣国府二老爷贾政的正妻，男主角贾宝玉与贵妃贾元春的生母（长子贾珠早亡），大老爷贾赦长媳王熙凤的姑姑，薛姨妈的姐姐。,[PERSON#15_1]，[LOCATION#3]古典小说[BOOK#38]中的人物，出身四大家族之一的[LOCATION#72][PERSON#356]，[LOCATION#56]二[PERSON#960][PERSON#357]的正妻，男主角[PERSON#733_1]与贵妃[PERSON#904]的生母（长子[PERSON#325]早亡），大[PERSON#960][PERSON#926]长媳[PERSON#433]的姑姑，[PERSON#390]的姐姐。
PERSON#368,小丫头,荣国府,“小丫头”作为汉语传统称谓词，其词源可追溯至唐代刘禹锡诗句“花面丫头十三四”，指代梳着树杈状发髻的小女孩。宋代至民国时期在江南地区特指被役使的年轻婢女，如《红楼梦》中“使唤的小丫头”即为此类身份。南昌方言保留“丫”作动词表示“张开”的用法，并衍生出“沙脚”等词汇。现代汉语中多指天真可爱的幼年女性，《宝葫芦的秘密》例句“看这小丫头笑得多开心”即展现此语义。文学作品常以“蓬头散发”“胆怯受罚”等细节刻画其弱势地位或天真执着的形象特征。,“[PERSON#368]”作为汉语传统称谓词，其词源可追溯至唐代[PERSON#60]诗句“[PERSON#464]面丫头十三四”，指代梳着树杈状发髻的小女孩。宋代至民国时期在[LOCATION#42]地区特指被役使的年轻婢女，如[BOOK#38]中“使唤的[PERSON#368]”即为此类身份。南昌方言保留“丫”作动词表示“[PERSON#188]开”的用法，并衍生出“沙脚”等词汇。现代汉语中多指天真可爱的幼年女性，[BOOK#19]例句“看这[PERSON#368]笑得多开心”即展现此语义。文学作品常以“蓬头散发”“胆怯受罚”等细节刻画其弱势地位或天真执着的形象特征。
PERSON#820,雪雁,其他,雪雁是中国古典小说《红楼梦》中的人物，为林黛玉从苏州带来的贴身丫鬟，由马明妹、姚雯嘉饰演，张卫宁担任87版配音。雪雁自幼跟随黛玉入贾府。她误信宝玉定亲传言致黛玉病危，后在“掉包计”中被调去搀扶宝钗，使宝玉误认婚配对象。宝玉成亲后她被安排服侍宝钗，终因“心地不甚明白”被配与小厮。该角色因年幼无知、不明事理等性格缺陷，逐渐失去黛玉信任。体现了其在贾府的边缘化地位。,[PERSON#820]是[LOCATION#3]古典小说[BOOK#38]中的人物，为[PERSON#41]从[LOCATION#55]带来的贴身丫鬟，由[PERSON#647]、[PERSON#134]饰演，[PERSON#192]担任87版配音。[PERSON#820]自幼跟随[PERSON#666]入[LOCATION#63]。她误信[PERSON#157]定亲传言致[PERSON#666]病危，后在“掉包计”中被调去搀扶[PERSON#159]，使[PERSON#157]误认婚配对象。[PERSON#157]成亲后她被安排服侍[PERSON#159]，终因“心地不甚明[PERSON#385]”被配与小厮。该角色因年幼无知、不明事理等性格缺陷，逐渐失去[PERSON#666]信任。体现了其在[LOCATION#63]的边缘[PERSON#62]地位。
PERSON#965,鹦哥,荣国府,紫鹃，《红楼梦》中的人物，原名鹦哥，是贾母房里的二等小丫头。贾母见林黛玉来时只带了两个人，恐不中使，便把鹦哥给了黛玉，改名为紫鹃。她聪明灵慧，和黛玉关系很好，情同姐妹，一时一刻不离开，是黛玉的“闺中贵友”，一心一意为黛玉着想，见黛玉是个孤儿，又和贾宝玉相爱，就劝黛玉趁老太太还硬朗的时候作定大事要紧。为此，她想出林家要接黛玉回苏州的话来试宝玉，使宝玉痴病大发。,[PERSON#235]，[BOOK#38]中的人物，原名[PERSON#965]，是[PERSON#972]房里的二等[PERSON#368]。[PERSON#972]见[PERSON#41]来时只带了两个人，恐不中使，便把[PERSON#965]给了[PERSON#666]，改名为[PERSON#235]。她聪明灵慧，和[PERSON#666]关系很好，情同姐妹，一时一刻不离开，是[PERSON#666]的“闺中贵友”，一心一意为[PERSON#666]着想，见[PERSON#666]是个孤儿，又和[PERSON#733_1]相爱，就劝[PERSON#666]趁老[PERSON#911]还硬朗的时候作定大事要紧。为此，她想出林家要接[PERSON#666]回[LOCATION#55]的话来试[PERSON#157]，使[PERSON#157]痴病大发。
PERSON#262,李嬷嬷,荣国府,李嬷嬷是《红楼梦》中贾宝玉的乳母，因哺育之恩在贾府享有特殊地位但逐渐被边缘化。她因干涉宝玉饮酒、提及贾政检查功课等行为引发宝玉厌烦，甚至导致茜雪被撵走。李嬷嬷性格中存在'倚老卖老'倾向，在绛芸轩当众指责袭人，缺乏身份意识与场合意识。其既有对宝玉的深切关怀，也存在身份认知僵化的问题，最终因青春期主仆关系转变产生矛盾。在宝玉病重时仍展现关心，体现角色复杂性。,[PERSON#262]是[BOOK#38]中[PERSON#733_1]的乳母，因哺育之恩在[LOCATION#63]享有特殊地位但逐渐被边缘[PERSON#62]。她因干涉[PERSON#157]饮酒、提及[PERSON#357]检查功课等行为引发[PERSON#157]厌烦，甚至导致[PERSON#379]被撵走。[PERSON#262]性格中存在'倚老卖老'倾向，在[LOCATION#54]当众指责[PERSON#512]，缺乏身份意识与场合意识。其既有对[PERSON#157]的深切关怀，也存在身份认知僵[PERSON#62]的问题，最终因青春期主仆关系转变产生矛盾。在[PERSON#157]病重时仍展现关心，体现角色复杂性。
PERSON#512,袭人,荣国府,袭人，姓花，本名珍珠（程乙本作“蕊珠”），是《红楼梦》中位列金陵十二钗又副册第二位的人物，初次登场于第三回，是贾宝玉身边最重要的女婢，后来嫁给蒋玉菡。她因家贫被卖入贾府，最初服侍贾母，后转至史湘云身边，因心地纯良、做事尽职，被贾母派去照顾贾宝玉，自此一心一意侍奉宝玉，与宝玉初试云雨后关系更为亲近。她常劝宝玉收敛性子、认真读书，并在被王夫人召见时坦言对宝玉言行的忧虑，因此深得王夫人信任，月钱也被提升至姨娘级别；其母病重返家时亦受到贾府厚待。晴雯被逐后，袭人一度被怀疑为告密者。在续作中，贾宝玉成亲，她仍在旁服侍；当宝玉欲将通灵玉交给癞头和尚时，她与紫鹃极力阻拦。最终宝玉出家，袭人无奈嫁给曾与宝玉互换汗巾的蒋玉菡。袭人在书中地位特殊，对贾宝玉、贾母、王夫人都极为重要，但其形象在学界争议颇大：有学者批评她以委曲求全的姿态媚主求荣，认为她为保自身地位而暗中攻击他人，并将晴雯之死、芳官等人被逐归咎于她；也有学者认为她恪尽职守、温柔和顺，思想正统、恪守礼教，且不失轻俏娇媚，是灵魂高尚的女奴，并以晴雯之死为例为她辩护。袭人的复杂形象也在电视剧、电影等《红楼梦》改编作品中得到丰富呈现。,[PERSON#512]，姓[PERSON#464]，本名[PERSON#140]（[PERSON#409]作“[PERSON#495]”），是[BOOK#38]中位列[LOCATION#72][PERSON#65]又副册第二位的人物，初次登场于第三回，是[PERSON#733_1]身边最重要的女婢，后来嫁给[PERSON#375]。她因家贫被卖入[LOCATION#63]，最初服侍[PERSON#972]，后转至[PERSON#660]身边，因心地纯良、做事尽职，被[PERSON#972]派去照顾[PERSON#733_1]，自此一心一意侍奉[PERSON#157]，与[PERSON#157]初试云雨后关系更为亲近。她常劝[PERSON#157]收敛性子、认真读书，并在被[PERSON#15_1]召见时坦言对[PERSON#157]言行的忧虑，因此深得[PERSON#15_1]信任，月钱也被提升至姨娘级别；其母病重返家时亦受到[LOCATION#63]厚待。[PERSON#414]被逐后，[PERSON#512]一度被怀疑为告密者。在续作中，[PERSON#733_1]成亲，她仍在旁服侍；当[PERSON#157]欲将通灵[PERSON#336]交给[PERSON#384]时，她与[PERSON#235]极力阻拦。最终[PERSON#157]出家，[PERSON#512]无奈嫁给曾与[PERSON#157]互换汗巾的[PERSON#375]。[PERSON#512]在书中地位特殊，对[PERSON#733_1]、[PERSON#972]、[PERSON#15_1]都极为重要，但其形象在学界争议颇大：有学者批评她以委曲求全的姿态媚主求荣，认为她为保自身地位而暗中攻击他人，并将[PERSON#414]之死、[PERSON#791]等人被逐归咎于她；也有学者认为她恪尽职守、温柔和顺，思想正统、恪守礼教，且不失轻俏娇媚，是灵魂高尚的女奴，并以[PERSON#414]之死为例为她辩护。[PERSON#512]的复杂形象也在电视剧、电影等[BOOK#38]改编作品中得到丰富呈现。
PERSON#346,薛蟠,其他,薛蟠，别名：呆霸王，古典小说《红楼梦》中的人物，陈洪海饰演。字文龙（一作“文起”），薛姨妈之子，薛宝钗之兄，是一个纨绔的世家公子，金陵城中第一个弄性尚气的人，人称“金陵一霸”，外号“呆霸王”。他出生于金陵省四大家族中的薛家，乃紫薇舍人薛公后裔，家世富贵，虽倚仗祖父之威名在户部挂虚名，领着内帑皇粮，但因幼年丧父，寡母又纵容溺爱，只知挥金如土，不学无术，终日唯有斗鸡走马，游山玩水而已。蛮横、任性、仗势欺人、好吃懒做、不学无术、贪图玩乐等，只要是小霸王有的性格，他都有。薛蟠是典型的富贵公子哥，虽是皇商，一应经济世事，全然不知，不过赖祖父之旧情分，户部挂虚名，支领钱粮，其余事体，自有伙计老家人等措办。（第四回）,[PERSON#346]，别名：[PERSON#90]，古典小说[BOOK#38]中的人物，[PERSON#631]饰演。字[PERSON#242]（一作“[PERSON#240]”），[PERSON#390]之子，[PERSON#680]之[PERSON#34]，是一个纨绔的世家公子，[LOCATION#73]中第一个弄性尚气的人，人称“[LOCATION#72]一霸”，外号“[PERSON#90]”。他出生于[LOCATION#74]四大家族中的[PERSON#503]，乃[PERSON#422][PERSON#501]后裔，家世富贵，虽倚仗祖父之威名在户部挂虚名，领着内帑皇粮，但因幼年丧父，寡母又纵容溺爱，只知挥金如土，不学无术，终日唯有斗鸡走马，游山玩水而已。蛮横、任性、仗势欺人、好吃懒做、不学无术、贪图玩乐等，只要是小霸[PERSON#339]有的性格，他都有。[PERSON#346]是典型的富贵公子哥，虽是皇商，一应经济世事，全然不知，不过赖祖父之旧情分，户部挂虚名，支领钱粮，其余事体，自有伙计老家人等措办。（第四回）
PERSON#196,王子腾,其他,王子腾，中国古典小说《红楼梦》中角色，都太尉统制县伯王公之后裔，金陵王家代表人物，王夫人、薛姨妈、王子胜之兄。历任京营节度使、九省统制、九省都检点，最终官至内阁大学士，掌握京城军权，成为四大家族实际掌权者。首次提及于第三回，其权势对四大家族兴衰具有决定性影响。作为王熙凤倚仗的势力，王子腾干预鲍二家自缢案审理，主导张华案走向，并保举贾雨村复职。其权势使王家超越贾家成为护官符之首，薛蟠畏惧其威势甚于贾政。后续升迁过程中，其政治地位直接影响元春封妃与家族命运。第九十五回王子腾奉旨返京途中暴病身亡，二十余日后元春薨逝，直接导致贾府被抄检、薛蟠二次命案难结等事件，四大家族随之彻底衰败。,[PERSON#196]，[LOCATION#3]古典小说[BOOK#38]中角色，都太尉统制县伯[PERSON#342]之后裔，[LOCATION#72][PERSON#339]家代表人物，[PERSON#15_1]、[PERSON#390]、[PERSON#349]之[PERSON#34]。历任[LOCATION#5]营节度使、九省统制、九省都检点，最终[PERSON#152]至内阁大学士，掌握[LOCATION#6]军权，成为四大家族实际掌权者。首次提及于第三回，其权势对四大家族兴衰具有决定性影响。作为[PERSON#433]倚仗的势力，[PERSON#196]干预[PERSON#955]家自缢案审理，主导[PERSON#931]案走向，并保举[PERSON#659]复职。其权势使[PERSON#339]家超越[PERSON#545]成为护[PERSON#152]符之首，[PERSON#346]畏惧其威势甚于[PERSON#357]。后续升迁过程中，其政治地位直接影响[PERSON#33]封妃与家族命运。第九十五回[PERSON#196]奉旨返[LOCATION#5]途中暴病身亡，二十余日后[PERSON#33]薨逝，直接导致[LOCATION#63]被抄检、[PERSON#346]二次命案难结等事件，四大家族随之彻底衰败。
PERSON#46,贾菌,其他,贾菌：（首见第九回）荣府近派的重孙，娄氏之子。少孤，在家塾中读书时与贾兰最好，年纪虽小，志气却大，极是淘气不怕人的，在顽童闹学时，他不肯吃亏，十分顽皮。,[PERSON#46]：（首见第九回）[LOCATION#57]近派的重孙，[PERSON#205]之子。少孤，在家塾中读书时与[PERSON#522]最好，年纪虽小，志气却大，极是淘气不怕人的，在顽童闹学时，他不肯吃亏，十分顽皮。
PERSON#509,门子,其他,门子是古典小说《红楼梦》中的虚构人物，登场于第四回"葫芦僧乱判葫芦案"，由洪丹强（1987版）和刘仪伟（2010版）分别在电视剧中饰演。原为葫芦庙小沙弥，因寺庙焚毁蓄发还俗，转任应天府衙役。在审理薛蟠打死冯渊一案中，他借眼色示意贾雨村暂停发签，私授"护官符"揭示贾史王薛四大家族权势网，并策划伪称薛蟠暴毙的判案策略。虽助贾雨村徇私结案攀附权贵，却因知晓其贫贱往事及枉法内情，最终被寻隙流放边疆。从沙弥转衙役的身份骤变，到参与权谋反遭清算的戏剧性命运，其人生轨迹既折射出封建官场潜规则的运作机制，也展现了底层投机者在权力漩涡中的生存困境。,[PERSON#509]是古典小说[BOOK#38]中的虚构人物，登场于第四回"[PERSON#484]乱判[PERSON#485]"，由[PERSON#311]（1987版）和[PERSON#57]（2010版）分别在电视剧中饰演。原为[LOCATION#58]小沙弥，因寺庙焚毁蓄发还俗，转任[LOCATION#33]衙役。在审理[PERSON#346]打死[PERSON#977]一案中，他借眼色示意[PERSON#659]暂停发签，私授"护[PERSON#152]符"揭示[PERSON#540][PERSON#339]薛四大家族权势网，并策划伪称[PERSON#346]暴毙的判案策略。虽助[PERSON#659]徇私结案攀附权贵，却因知晓其贫贱往事及枉法内情，最终被寻隙流放边疆。从沙弥转衙役的身份骤变，到参与权谋反遭清算的戏剧性命运，其人生轨迹既折射出封建[PERSON#152]场潜规则的运作机制，也展现了底层投机者在权力漩涡中的生存困境。
PERSON#140,珍珠,荣国府,珍珠，又称蚌珠、濂珠，是一种古老的有机宝石，主要产于珍珠贝类和珠母贝类软体动物体内。珍珠为贝类内分泌作用而生成的含碳酸钙的矿物珠粒，由大量微小的文石晶体集合而成的。种类丰富，形状各异，色彩斑斓。根据地质学和考古学的研究证明，在两亿年前，地球上就已经有了珍珠。珍珠药用在中国已有2000余年历史。在国际宝石界还将珍珠列为六月生辰的幸运石，结婚十三周年和三十周年的纪念石。具有瑰丽色彩和高雅气质的珍珠，象征着健康、纯洁、富有和幸福，自古以来为人们所喜爱。珍珠分为淡水珍珠和海水珍珠两种。中国的淡水珠主要养殖区在诸暨、常德、苏州、江西、湖北、安徽。珍珠有白色系、红色系、黄色系、深色系和杂色系五种，多数不透明。,[PERSON#140]，又称[PERSON#511]、[PERSON#322]，是一种古老的有机宝石，主要产于[PERSON#140]贝类和珠母贝类软体动物体内。[PERSON#140]为贝类内分泌作用而生成的含碳酸钙的矿物珠粒，由大量微小的文石晶体集合而成的。种类丰富，形状各异，色彩斑斓。根据地质学和考古学的研究证明，在两亿年前，地球上就已经有了[PERSON#140]。[PERSON#140]药用在[LOCATION#3]已有2000余年历史。在国际宝石界还将[PERSON#140]列为六月生辰的幸运石，结婚十三周年和三十周年的纪念石。具有瑰丽色彩和高雅气质的[PERSON#140]，象征着健康、纯洁、富有和幸福，自古以来为人们所喜爱。[PERSON#140]分为淡水[PERSON#140]和海水[PERSON#140]两种。[LOCATION#3]的淡水珠主要养殖区在[LOCATION#61]、常德、[LOCATION#55]、[LOCATION#44]、湖北、安徽。[PERSON#140]有[PERSON#385]色系、红色系、黄色系、深色系和杂色系五种，多数不透明。
PERSON#699,兄弟,其他,兄弟是汉语词语，外文名 brother。文言书写为“昆弟”，近义词为“手足”。基本含义包括亲属称谓与社会关系，如指同父母的哥哥和弟弟、对弟弟的称呼，或古代对同宗男子、姻亲男性、姐妹或亲戚的统称。兄弟内涵随语境变化，涵盖血缘关系、宗族成员及联姻对象，并用于比喻事物相似性或表达人际亲密关系。兄弟概念可扩展到朋友关系，如《论语》所言“四海之内，皆兄弟也”。兄弟源流可溯至甲骨文，“兄”为会意字，引申为兄长。《尔雅·释亲》定义兄、弟的长幼次序，《诗经·小雅》最早以“兄弟”指代至亲。《孟子》曾用兄弟称谓指代姐妹，汉代郑玄在《仪礼注》中进一步阐释其演变。,[PERSON#699]是汉语词语，外文名 brother。文言书写为“[PERSON#249]”，近义词为“手足”。基本含义包括亲属称谓与社会关系，如指同父母的哥哥和[PERSON#187][PERSON#187]、对[PERSON#187][PERSON#187]的称呼，或古代对同宗男子、姻亲男性、姐妹或亲戚的统称。[PERSON#699]内涵随语境变[PERSON#62]，涵盖血缘关系、宗族成员及联姻对象，并用于比喻事物相似性或表达人际亲密关系。[PERSON#699]概念可扩展到朋友关系，如[BOOK#53]所言“[LOCATION#16]之内，皆[PERSON#699]也”。[PERSON#699]源流可溯至甲骨文，“[PERSON#34]”为会意字，引申为[PERSON#34]长。[BOOK#21]定义[PERSON#34]、[PERSON#187]的长幼次序，[BOOK#54]最早以“[PERSON#699]”指代至亲。[BOOK#17]曾用[PERSON#699]称谓指代姐妹，汉代郑玄在[BOOK#4]中进一步阐释其演变。
PERSON#390,薛姨妈,其他,薛姨妈，古典小说《红楼梦》中的人物，其名始见于第三回《贾雨村夤（yín）缘复旧职 林黛玉抛父进京都》，于第四回《薄命女偏逢薄命郎 葫芦僧乱判葫芦案》正式登场，是薛蟠、薛宝钗之母，王子腾之妹，与王夫人是同胞姊妹。薛姨妈出身于“东海缺少白玉床，龙王来请金陵王”的王家，后嫁入“丰年好大雪，珍珠如土金如铁”的薛家。丈夫去世后，她与子女一起生活。约四十岁时，因送女儿薛宝钗参与侍选等事，她携全家离开金陵，寄居京城贾府的梨香院。此后，她常与贾母、王夫人相聚叙谈，对贾宝玉、林黛玉等晚辈也关爱备至。她参与了贾府的一系列重大活动，如元妃省亲、贾母两宴大观园等，还为薛蝌与邢岫烟成就了婚事。夏金桂嫁入薛家后，屡屡顶撞薛姨妈，家中也因此不宁。薛蟠因打死张三入狱，薛姨妈变卖家产四处求情打点，薛家自此越发衰败。晚年，她促成薛宝钗与贾宝玉的婚事，暗合了早先“金玉”之说，然而贾宝玉最终出走，只留薛宝钗独守空房。,[PERSON#390]，古典小说[BOOK#38]中的人物，其名始见于第三回[BOOK#62]，于第四回[BOOK#47]正式登场，是[PERSON#346]、[PERSON#680]之母，[PERSON#196]之妹，与[PERSON#15_1]是同胞姊妹。[PERSON#390]出身于“[LOCATION#2]缺少[PERSON#386]，[PERSON#668]来请[LOCATION#72][PERSON#339]”的[PERSON#339]家，后嫁入“丰年好大雪，[PERSON#140]如土金如铁”的[PERSON#503]。丈夫去世后，她与子女一起生活。约四十岁时，因送女儿[PERSON#680]参与侍选等事，她携全家离开[LOCATION#72]，寄居[LOCATION#6][LOCATION#63]的[LOCATION#39]。此后，她常与[PERSON#972]、[PERSON#15_1]相聚叙谈，对[PERSON#733_1]、[PERSON#41]等晚辈也关爱备至。她参与了[LOCATION#63]的一系列重大活动，如[PERSON#32]省亲、[PERSON#972]两宴[LOCATION#20]等，还为[PERSON#684]与[PERSON#586]成就了婚事。[PERSON#250_1]嫁入[PERSON#503]后，屡屡顶撞[PERSON#390]，家中也因此不宁。[PERSON#346]因打死[PERSON#189]入狱，[PERSON#390]变卖家产四处求情打点，[PERSON#503]自此越发衰败。晚年，她促成[PERSON#680]与[PERSON#733_1]的婚事，暗合了早先“金[PERSON#336]”之说，然而[PERSON#733_1]最终出走，只留[PERSON#680]独守空房。
PERSON#777,尤氏,宁国府,尤氏，又称珍大奶奶，是古典小说《红楼梦》中宁国府贾珍的续弦妻子，首次登场于小说第五回。她出身寒微，继母为尤老娘，尤二姐与尤三姐是其异父异母的妹妹。作为宁府主母，尤氏虽需参与家族事务、维系与荣府关系，却因续弦身份且无子嗣，在家族中地位尴尬，缺乏实际权威。尤氏在宁府多次主持或参与家事活动，如设宴赏梅、操办王熙凤寿宴等，展现了一定的理事能力。秦可卿丧事期间，她因病未能主持，但于贾敬暴亡时临危受命，独力料理丧仪，显出其果断与条理。她曾暂代宁、荣两府家务，亦屡遭家族冲突的冲击，如王熙凤因贾琏偷娶尤二姐而大闹宁国府时，尤氏只能忍辱赔礼。此外，她与贾惜春、众仆妇之间的摩擦，也反映其处境之难。最终宁府被抄，尤氏寄居荣府，晚景凄凉。尤氏是《红楼梦》中软弱女性的典型代表，性格懦弱隐忍，常对丈夫贾珍的放纵行为束手无策，对家族纷争多采取退让态度。然而，她亦具宽厚与才干，如退还份子钱、独理丧事等行为，赢得部分批评家的肯定。,[PERSON#777]，又称[PERSON#369]，是古典小说[BOOK#38]中[LOCATION#28][PERSON#452]的续弦妻子，首次登场于小说第五回。她出身寒微，继母为[PERSON#527]，[PERSON#945]与[PERSON#521]是其异父异母的妹妹。作为宁府主母，[PERSON#777]虽需参与家族事务、维系与[LOCATION#57]关系，却因续弦身份且无子嗣，在家族中地位尴尬，缺乏实际权威。[PERSON#777]在宁府多次主持或参与家事活动，如设宴赏[PERSON#299]、操办[PERSON#433]寿宴等，展现了一定的理事能力。[PERSON#548]丧事期间，她因病未能主持，但于[PERSON#171]暴亡时临危受命，独力料理丧仪，显出其果断与条理。她曾暂代宁、荣两府家务，亦屡遭家族冲突的冲击，如[PERSON#433]因[PERSON#186_1]偷娶[PERSON#945]而大闹[LOCATION#28]时，[PERSON#777]只能忍辱赔礼。此外，她与[PERSON#483]、众仆妇之间的摩擦，也反映其处境之难。最终宁府被抄，[PERSON#777]寄居[LOCATION#57]，晚景凄凉。[PERSON#777]是[BOOK#38]中软弱女性的典型代表，性格懦弱隐忍，常对丈夫[PERSON#452]的放纵行为束手无策，对家族纷争多采取退让态度。然而，她亦具宽厚与才干，如退还份子钱、独理丧事等行为，赢得部分批评家的肯定。
PERSON#56,邢夫人和王夫人,荣国府,《红楼梦》中的邢夫人和王夫人是贾府荣国府的两房太太，性格与地位截然不同。邢夫人是贾赦之妻，虽为长房却因丈夫不得宠而地位尴尬，她为人愚弱、吝啬且刻薄，对继女迎春漠不关心，常因贪财而顺从丈夫的无理要求。王夫人是贾政之妻，出身显赫的王家，作为荣国府的实际掌权者，她表面吃斋念佛、宽仁慈厚，实则因溺爱宝玉而手段强硬，曾因“抄检大观园”和“逼死金钏”等事件暴露其封建家长的冷酷本质。,[BOOK#38]中的[PERSON#56]是[LOCATION#67]的两房[PERSON#911]，性格与地位截然不同。[PERSON#95]是[PERSON#926]之妻，虽为长房却因丈夫不得宠而地位尴尬，她为人愚弱、吝啬且刻薄，对继女[PERSON#595]漠不关心，常因贪财而顺从丈夫的无理要求。[PERSON#15_1]是[PERSON#357]之妻，出身显赫的[PERSON#339]家，作为[LOCATION#56]的实际掌权者，她表面吃斋念佛、宽仁慈厚，实则因溺爱[PERSON#157]而手段强硬，曾因“抄检[LOCATION#20]”和“逼死[PERSON#696]”等事件暴露其封建家长的冷酷本质。
PERSON#548,秦可卿,宁国府,秦可卿，乳名兼美，小名可儿，又称秦氏、蓉大奶奶，是《红楼梦》中的人物，初登场于第五回《游幻境指迷十二钗 饮仙醪曲演红楼梦》，位列金陵十二钗之一，为秦业的养女、贾蓉之妻，在太虚幻境中为警幻仙子的妹妹。秦可卿身世不详，自幼由营缮郎秦业从养生堂抱养，长大后嫁与贾蓉。一次贾母等人前往宁国府赏梅时，她安置贾宝玉午睡，宝玉随后在她的卧室中梦入太虚幻境；之后她又为宝玉引荐弟弟秦钟。不久秦可卿身染重病，虽经多位大夫诊治却未见好转，生命垂危。临终前，她托梦王熙凤，警示其思虑家族衰败、及早筹划，并预示将有一件短暂的喜事。秦可卿去世后，贾府为其举办奢华隆重的葬礼。原著曾设“秦可卿淫丧天香楼”情节，后因脂砚斋建议删改。秦可卿是近乎完美的贵族少奶奶，深得贾府上下好评，堪称封建伦理妇道典范，集贤德、孝顺、处事周全与深谋远虑于一身。然而，这样的形象与《红楼梦曲》中“擅风情，秉月貌，便是败家的根本”的预示形成鲜明反差，这种矛盾成为学者研究的重要线索，并据此认为秦可卿是经过“再创造”、被赋予“优良品行”的角色。她的身份来历、与贾珍的关系等疑团也引发广泛讨论，学界对其形象塑造的成败与意义亦有截然不同的观点。,[PERSON#548]，乳名[PERSON#38]，小名[PERSON#75]，又称[PERSON#407]、[PERSON#490]，是[BOOK#38]中的人物，初登场于第五回[BOOK#30]，位列[LOCATION#72][PERSON#65]之一，为[PERSON#404]的养女、[PERSON#88]之妻，在[LOCATION#25]中为[PERSON#870]的妹妹。[PERSON#548]身世不详，自幼由营缮郎[PERSON#404]从[LOCATION#8]抱养，长大后嫁与[PERSON#88]。一次[PERSON#972]等人前往[LOCATION#28]赏[PERSON#299]时，她安置[PERSON#733_1]午睡，[PERSON#157]随后在她的卧室中梦入[LOCATION#25]；之后她又为[PERSON#157]引荐[PERSON#187][PERSON#187][PERSON#418]。不久[PERSON#548]身染重病，虽经多位大夫诊治却未见好转，生命垂危。临终前，她托梦[PERSON#433]，警示其思虑家族衰败、及早筹划，并预示将有一件短暂的喜事。[PERSON#548]去世后，[LOCATION#63]为其举办奢华[PERSON#634]重的葬礼。原著曾设“[PERSON#548]淫丧[PERSON#125]”情节，后因[PERSON#457]建议删改。[PERSON#548]是近乎完美的贵族少奶奶，深得[LOCATION#63]上下好评，堪称封建伦理妇道典范，集贤德、孝顺、处事周全与深谋远虑于一身。然而，这样的形象与[BOOK#42]中“擅风情，秉月貌，便是败家的根本”的预示形成鲜明反差，这种矛盾成为学者研究的重要线索，并据此认为[PERSON#548]是经过“再创造”、被赋予“优良品行”的角色。她的身份来历、与[PERSON#452]的关系等疑团也引发广泛讨论，学界对其形象塑造的成败与意义亦有截然不同的观点。
PERSON#609_1,麝月,荣国府,麝月是古典小说《红楼梦》中的女性角色，由俞红菲、芦菲、阚清子等演员饰演，身份为贾宝玉身边一等丫鬟，位列怡红院四大丫鬟之一。她在书中出场较少，但作为唯一见证贾府衰败全程的丫鬟，常被视作袭人的影子，性格隐忍且处事周全。曾以身份压制坠儿娘、何婆等争端，展现出辩才能力。荼縻花签‘开到荼蘼花事了’暗示其陪伴宝玉至贾府败落，最终留守服侍宝钗。高鹗续书中，麝月在宝玉出家后仍留守贾府，成为大观园群芳散尽的最后见证者。,[PERSON#609_1]是古典小说[BOOK#38]中的女性角色，由[PERSON#22]、[PERSON#462]、[PERSON#626]等演员饰演，身份为[PERSON#733_1]身边一等丫鬟，位列[LOCATION#36]四大丫鬟之一。她在书中出场较少，但作为唯一见证[LOCATION#63]衰败全程的丫鬟，常被视作[PERSON#512]的影子，性格隐忍且处事周全。曾以身份压制[PERSON#555]娘、何婆等争端，展现出辩才能力。荼縻[PERSON#464]签‘开到荼蘼[PERSON#464]事了’暗示其陪伴[PERSON#157]至[LOCATION#63]败落，最终留守服侍[PERSON#159]。[PERSON#649]续书中，[PERSON#609_1]在[PERSON#157]出家后仍留守[LOCATION#63]，成为[LOCATION#20]群芳散尽的最后见证者。
PERSON#498,秋纹,荣国府,秋纹是《红楼梦》中贾宝玉的四大贴身丫鬟之一，出场于怡红院次要角色，其影视形象曾由柏淑青、耿夏萌等演员饰演。她以媚上欺下的双重性格著称，常借宝玉之势行事：因送花得贾母、王夫人赏赐便得意炫耀，被晴雯讥讽“捡剩衣”时仍强调“只领太太恩典”。对待底层丫鬟刻薄蛮横，曾因小红越位倒茶而唾骂，强夺婆子热水时摆足主子派头。虽紧跟袭人、麝月，却因目光短浅、庸俗市侩不被众人喜爱，宝玉更将其归为“未嫁已成鱼眼睛”的异化典型。该角色通过送花争宠、打压同行等情节，展现封建等级制度下奴性人格的扭曲，成为大观园市侩习气的缩影。,[PERSON#498]是[BOOK#38]中[PERSON#733_1]的四大贴身丫鬟之一，出场于[LOCATION#36]次要角色，其影视形象曾由[PERSON#289]、[PERSON#446]等演员饰演。她以媚上欺下的双重性格著称，常借[PERSON#157]之势行事：因送[PERSON#464]得[PERSON#972]、[PERSON#15_1]赏赐便得意炫耀，被[PERSON#414]讥讽“捡剩衣”时仍强调“只领[PERSON#911]恩典”。对待底层丫鬟刻薄蛮横，曾因[PERSON#686]越位倒茶而唾骂，强夺婆子热水时摆足主子派头。虽紧跟[PERSON#512]、[PERSON#609_1]，却因目光短浅、庸俗市侩不被众人喜爱，[PERSON#157]更将其归为“未嫁已成鱼眼睛”的异[PERSON#62]典型。该角色通过送[PERSON#464]争宠、打压同行等情节，展现封建等级制度下奴性人格的扭曲，成为[LOCATION#20]市侩习气的缩影。
PERSON#360_1,彩云,荣国府,彩云是《红楼梦》中王夫人的大丫鬟，与彩霞共同服侍王夫人，多数版本将其与彩霞视为不同角色。彩云与贾环关系密切，曾劝阻赵姨娘与芳官纠纷未果，后因贾环索要物品偷取王夫人的玫瑰露引发盗窃事件，经平儿协调由宝玉担责。贾环怀疑彩云与宝玉有私情，将赠物掷还致其悲愤投河，最终彩云身染不治之症。在玫瑰露事件中，彩云自述受赵姨娘再三央告行窃，平儿顾及探春颜面及与彩云旧情，未予深究。影视改编中，1987版《红楼梦》由李曼饰演彩云，1996年台版由黄宁敏出演。,[PERSON#360_1]是[BOOK#38]中[PERSON#15_1]的大丫鬟，与[PERSON#345]共同服侍[PERSON#15_1]，多数版本将其与[PERSON#345]视为不同角色。[PERSON#360_1]与[PERSON#616]关系密切，曾劝阻[PERSON#234]与[PERSON#791]纠纷未果，后因[PERSON#616]索要物品偷取[PERSON#15_1]的玫瑰露引发盗窃事件，经[PERSON#285]协调由[PERSON#157]担责。[PERSON#616]怀疑[PERSON#360_1]与[PERSON#157]有私情，将赠物掷还致其悲愤投河，最终[PERSON#360_1]身染不治之症。在玫瑰露事件中，[PERSON#360_1]自述受[PERSON#234]再三央告行窃，[PERSON#285]顾及[PERSON#237]颜面及与[PERSON#360_1]旧情，未予深究。影视改编中，1987版[BOOK#38]由[PERSON#272]饰演[PERSON#360_1]，1996年台版由[PERSON#658]出演。
PERSON#570_1,孙绍祖,其他,孙绍祖，小说《红楼梦》及其衍生作品中的角色。迎春丈夫孙绍祖在家境困难时曾经拜倒在贾府门下，乞求帮助。后来，孙绍祖在京袭了官职，又“在兵部候缺题升”，贾家衰败后，孙绍祖向他逼债，任意践踏迎春。迎春判词有“迎春遭遇中山狼”一幅，画中的孙绍祖，高壮如异兽，十分可怕。“中山狼”之形态毕出也。在这桩弱女悍夫的不幸婚姻的室内细节，文字没有写到之处，似乎都可从画中窥出。,[PERSON#570_1]，小说[BOOK#38]及其衍生作品中的角色。[PERSON#595]丈夫[PERSON#570_1]在家境困难时曾经拜倒在[LOCATION#63]门下，乞求帮助。后来，[PERSON#570_1]在[LOCATION#5]袭了[PERSON#152]职，又“在兵部候缺题升”，[PERSON#545]衰败后，[PERSON#570_1]向他逼债，任意践踏[PERSON#595]。[PERSON#595]判词有“[PERSON#595]遭遇[PERSON#2]”一幅，画中的[PERSON#570_1]，高壮如异兽，十分可怕。“[PERSON#2]”之形态毕出也。在这桩弱女悍夫的不幸婚姻的室内细节，文字没有写到之处，似乎都可从画中窥出。
PERSON#261_1,琥珀,荣国府,琥珀，小说《红楼梦》中的人物，贾母身边的大丫鬟，照顾贾母起居生活。,[PERSON#261_1]，小说[BOOK#38]中的人物，[PERSON#972]身边的大丫鬟，照顾[PERSON#972]起居生活。
PERSON#85,王狗儿,其他,王狗儿，古典小说《红楼梦》及其衍生作品中的角色之一。王狗儿，别名狗儿，男，王狗儿的爷爷因为贪王熙凤的爷爷的势利，“便连了宗，认作侄儿”，于是王狗儿的爷爷成了王熙凤的爷爷的“本家”。但隔了两代以后，王狗儿家成了穷庄稼汉，金陵王家的人则成了高门大户贾府的贵夫人(王夫人)和少奶奶(王熙凤)，两家人也就没来往了。,[PERSON#85]，古典小说[BOOK#38]及其衍生作品中的角色之一。[PERSON#85]，别名[PERSON#335]，男，[PERSON#85]的[PERSON#334][PERSON#334]因为贪[PERSON#433]的[PERSON#334][PERSON#334]的势利，“便连了宗，认作侄儿”，于是[PERSON#85]的[PERSON#334][PERSON#334]成了[PERSON#433]的[PERSON#334][PERSON#334]的“本家”。但隔了两代以后，[PERSON#85]家成了穷庄稼汉，[LOCATION#72][PERSON#339]家的人则成了高门大户[LOCATION#63]的贵夫人([PERSON#15_1])和少奶奶([PERSON#433])，两家人也就没来往了。
PERSON#628,刘氏,其他,刘氏是《红楼梦》中刘姥姥的女儿，王狗儿的妻子，板儿的母亲。她性格温顺隐忍，面对丈夫因家贫而借酒撒气时“不敢顶撞”，是典型的底层农村妇女形象。在刘姥姥提出去贾府“打抽丰”的主意后，她虽未直接参与，但作为家庭主妇默默支持，是促成刘姥姥一进荣国府的重要家庭背景人物。,[PERSON#628]是[BOOK#38]中[PERSON#456]的女儿，[PERSON#85]的妻子，[PERSON#843]的母亲。她性格温顺隐忍，面对丈夫因家贫而借酒撒气时“不敢顶撞”，是典型的底层农村妇女形象。在[PERSON#456]提出去[LOCATION#63]“打抽丰”的主意后，她虽未直接参与，但作为家庭主妇默默支持，是促成[PERSON#456]一进[LOCATION#56]的重要家庭背景人物。
PERSON#843,板儿,其他,王板儿是《红楼梦》中刘姥姥的外孙，首次登场于第六回“刘姥姥一进荣国府”，在87版电视剧中由李玥饰演童年时期。作为王狗儿之子，其家族因祖父王成之父与王熙凤祖父连宗而攀附贾府，这一背景成为刘姥姥与贾府往来的关键。幼年随刘姥姥初入荣国府时性格腼腆，第二次进府已显露顽劣本性，因乱拿佛手被刘姥姥管教。脂砚斋批注揭示其与巧姐交换佛手、柚子的情节暗含姻缘伏笔，预示贾府败落后将迎娶巧姐。成年后独探贾府消息，最终实现与巧姐的婚配结局。该角色通过孩童视角展现贵族与平民互动，以交换物件等细节串联家族命运变迁。其命运轨迹既印证曹雪芹草蛇灰线的叙事技法，也反映了封建社会中阶层流动的复杂性。,[PERSON#339][PERSON#843]是[BOOK#38]中[PERSON#456]的外孙，首次登场于第六回“[PERSON#456]一进[LOCATION#56]”，在87版电视剧中由[PERSON#275]饰演童年时期。作为[PERSON#85]之子，其家族因祖父[PERSON#352]之父与[PERSON#433]祖父连宗而攀附[LOCATION#63]，这一背景成为[PERSON#456]与[LOCATION#63]往来的关键。幼年随[PERSON#456]初入[LOCATION#56]时性格腼腆，第二次进府已显露顽劣本性，因乱拿[PERSON#16]被[PERSON#456]管教。[PERSON#457]批注揭示其与[PERSON#179]交换[PERSON#16]、[PERSON#290]的情节暗含姻缘伏笔，预示[LOCATION#63]败落后将迎娶[PERSON#179]。成年后独探[LOCATION#63]消息，最终实现与[PERSON#179]的婚配结局。该角色通过孩童视角展现贵族与平民互动，以交换物件等细节串联家族命运变迁。其命运轨迹既印证[PERSON#263]草蛇灰线的叙事技法，也反映了封建社会中阶层流动的复杂性。
PERSON#600,青儿,其他,王青儿是中国古典小说《红楼梦》中的女性角色，系刘姥姥外孙女。祖父王成曾任小京官，与王夫人之父建立连宗关系。家族迁居城外后，王青儿与兄长王板儿随父母王狗儿、刘氏生活。该角色首次登场于第六回，通过祖辈连宗关系与贾府保持远亲联系。王成去世后家道中落，王狗儿成为家庭主要支撑者。最终王板儿与贾府王熙凤之女贾巧姐结为姻亲。,[PERSON#339][PERSON#600]是[LOCATION#3]古典小说[BOOK#38]中的女性角色，系[PERSON#456]外孙女。祖父[PERSON#352]曾任小[LOCATION#5][PERSON#152]，与[PERSON#15_1]之父建立连宗关系。家族迁居[LOCATION#18]后，[PERSON#339][PERSON#600]与[PERSON#34]长[PERSON#339][PERSON#843]随父母[PERSON#85]、[PERSON#628]生活。该角色首次登场于第六回，通过祖辈连宗关系与[LOCATION#63]保持远亲联系。[PERSON#352]去世后家道中落，[PERSON#85]成为家庭主要支撑者。最终[PERSON#339][PERSON#843]与[LOCATION#63][PERSON#433]之女[PERSON#283]结为姻亲。
PERSON#456,刘姥姥,其他,刘姥姥，中国古典文学名著《红楼梦》中人物，初次登场于第六回《贾宝玉初试云雨情 刘姥姥一进荣国府》，是一名农村老妇。刘姥姥守寡多年，仅靠两亩薄田维持生计，与女儿刘氏一家共同生活。某年秋末冬初，因家道艰难，她携外孙王板儿前往荣国府求助，经周瑞家的引荐得见王熙凤，获赠二十两银子和一串钱。待庄稼丰收后，刘姥姥二进荣国府报恩，被留宿。期间，她随贾母等人游览大观园，宴席上知趣识礼博得众人欢心，后误入怡红院在贾宝玉床上睡着，还应王熙凤所求为其女儿取了名字。临别时，贾母、王夫人、王熙凤等纷纷赠送衣物、点心、银子等。贾母去世后，刘姥姥三进荣国府探望，病重的王熙凤将女儿贾巧姐托付于她。后来贾环等人欲将贾巧姐卖与外藩时，刘姥姥四进荣国府，连夜带贾巧姐、平儿离开贾府，藏于乡间避祸，待风波平息后，终将贾巧姐、平儿平安送回。刘姥姥以鲜明的“村”气形象深入人心，她满头插花、酩酊大醉、层出不穷闹笑话，是个带有喜剧色彩的人物。但她“村而不俗”，有着善良、正直、勤劳、能干的品质，极富智慧，可敬可爱。作为小说中的“小人物”，刘姥姥在叙事结构上起到了提纲挈领的重要作用：通过她的直接接触，刻画出荣府人物众生相；经由她的眼睛，展现了大观园的宏大美丽以及贵族人家的生活面貌。从另一角度看，刘姥姥的形象与贾府的太太小姐们形成了鲜明对照，宛如映照贾府的一面镜子。这一独特的红楼人物形象，还通过《红楼梦》的衍生作品得到了生动的艺术再现。,[PERSON#456]，[LOCATION#3]古典文学名著[BOOK#38]中人物，初次登场于第六回[BOOK#58]，是一名农村老妇。[PERSON#456]守寡多年，仅靠两亩薄田维持生计，与女儿[PERSON#628]一家共同生活。某年秋末冬初，因家道艰难，她携外孙[PERSON#339][PERSON#843]前往[LOCATION#56]求助，经[PERSON#51]引荐得见[PERSON#433]，获赠二十两银子和一串钱。待庄稼丰收后，[PERSON#456]二进[LOCATION#56]报恩，被留宿。期间，她随[PERSON#972]等人游览[LOCATION#20]，宴席上知趣识礼博得众人欢心，后误入[LOCATION#36]在[PERSON#733_1]床上睡着，还应[PERSON#433]所求为其女儿取了名字。临别时，[PERSON#972]、[PERSON#15_1]、[PERSON#433]等纷纷赠送衣物、点心、银子等。[PERSON#972]去世后，[PERSON#456]三进[LOCATION#56]探望，病重的[PERSON#433]将女儿[PERSON#283]托付于她。后来[PERSON#616]等人欲将[PERSON#283]卖与外藩时，[PERSON#456]四进[LOCATION#56]，连夜带[PERSON#283]、[PERSON#285]离开[LOCATION#63]，藏于乡间避祸，待风波平息后，终将[PERSON#283]、[PERSON#285]平安送回。[PERSON#456]以鲜明的“村”气形象深入人心，她满头插[PERSON#464]、酩酊大醉、层出不穷闹笑话，是个带有喜剧色彩的人物。但她“村而不俗”，有着善良、正直、勤劳、能干的品质，极富智慧，可敬可爱。作为小说中的“小人物”，[PERSON#456]在叙事结构上起到了提纲挈领的重要作用：通过她的直接接触，刻画出[LOCATION#57]人物众生相；经由她的眼睛，展现了[LOCATION#20]的宏大美丽以及贵族人家的生活面貌。从另一角度看，[PERSON#456]的形象与[LOCATION#63]的[PERSON#911]小姐们形成了鲜明对照，宛如映照[LOCATION#63]的一面镜子。这一独特的红楼人物形象，还通过[BOOK#38]的衍生作品得到了生动的艺术再现。
PERSON#51,周瑞家的,荣国府,周瑞家的，是小说《红楼梦》及其衍生作品中的虚拟角色，王夫人的陪房，其丈夫周瑞负责宁国府地租银钱收支，女婿为古董商冷子兴。她主管荣国府女眷出行事务，因旧日交情引荐刘姥姥进府求助，期间显露傲慢态度并评价王熙凤"少说一万个心眼子"，借机彰显自身地位。在抄检大观园事件中，她奉命驱逐司棋时态度强硬，拒绝其与姊妹辞别，被贾宝玉斥为沾染"男人气味"的"鱼眼睛"形象。后因故被逐出贾府（该情节出自80回后续书，存争议）。该角色处事善于借势，脂砚斋评其"当世还算作一个正人"。其影视形象曾由竺菊香（1962年）、孙彩虹（1987年）等演员饰演。,[PERSON#51]，是小说[BOOK#38]及其衍生作品中的虚拟角色，[PERSON#15_1]的陪房，其丈夫[PERSON#760]负责[LOCATION#28]地租银钱收支，女婿为古董商[PERSON#40]。她主管[LOCATION#56]女眷出行事务，因旧日交情引荐[PERSON#456]进府求助，期间显露傲慢态度并评价[PERSON#433]"少说一万个心眼子"，借机彰显自身地位。在抄检[LOCATION#20]事件中，她奉命驱逐[PERSON#261]时态度强硬，拒绝其与姊妹辞别，被[PERSON#733_1]斥为沾染"男人气味"的"鱼眼睛"形象。后因故被逐出[LOCATION#63]（该情节出自80回后续书，存争议）。该角色处事善于借势，[PERSON#457]评其"当世还算作一个正人"。其影视形象曾由[PERSON#419]（1962年）、[PERSON#143]（1987年）等演员饰演。
PERSON#285,平儿,荣国府,平儿是曹雪芹长篇小说《红楼梦》中人物，原为王熙凤陪嫁丫头，后成为贾琏通房大丫头，影视形象由沈琳（87版）、倪雪华（89版）等塑造。其家庭关系涉及贾赦、邢夫人、贾琏及王熙凤，常以“平姑娘”称谓出现。作为王熙凤心腹，平儿协助理家时秉持善良本性，曾于茯苓霜事件中劝谏凤姐宽待下人，暗中接济尤二姐并助其处理后事。她在贾琏之俗与凤姐之威间周旋调解，获宝玉同情其处境艰难。根据后四十回续写，凤姐亡故后平儿照料巧姐并被贾琏扶正。书中李纨称其为“奶奶的一把总钥匙”，薛宝钗评其“远愁近虑，不亢不卑”。学者指出平儿性格兼具清醒与善良，在权力斗争中保持淳厚本性，既体现王熙凤泼辣形象的衬托，又以处世智慧化解贾府内部矛盾。,[PERSON#285]是[PERSON#263]长篇小说[BOOK#38]中人物，原为[PERSON#433]陪嫁丫头，后成为[PERSON#186_1]通房大丫头，影视形象由[PERSON#305]（87版）、[PERSON#24]（89版）等塑造。其家庭关系涉及[PERSON#926]、[PERSON#95]、[PERSON#186_1]及[PERSON#433]，常以“平姑娘”称谓出现。作为[PERSON#433]心腹，[PERSON#285]协助理家时秉持善良本性，曾于茯苓霜事件中劝谏[PERSON#53]宽待下人，暗中接济[PERSON#945]并助其处理后事。她在[PERSON#186_1]之俗与[PERSON#53]之威间周旋调解，获[PERSON#157]同情其处境艰难。根据后四十回续写，[PERSON#53]亡故后[PERSON#285]照料[PERSON#179]并被[PERSON#186_1]扶正。书中[PERSON#315]称其为“奶奶的一把总钥匙”，[PERSON#680]评其“远愁近虑，不亢不卑”。学者指出[PERSON#285]性格兼具清醒与善良，在权力斗争中保持淳厚本性，既体现[PERSON#433]泼辣形象的衬托，又以处世智慧[PERSON#62]解[LOCATION#63]内部矛盾。
PERSON#760,周瑞,荣国府,周瑞，男，《红楼梦》中的人物角色，冷子兴的岳丈，荣府的男管家，人称周大爷，其妻是贾府王夫人的陪房，住在贾府后街。87版电视剧《红楼梦》第二十七集首次登场，由鲍来福饰演。周瑞名义上负责管理春秋两季的地租，并在闲暇时陪同少爷们外出。然而，他实际上还暗中帮助凤姐等人进行放贷和收款。过去，周瑞曾在争购田地时得到刘姥姥的女婿狗儿的帮助。因此，当刘姥姥第一次进入荣国府时，是由周瑞的妻子引见的。后来，由于他的干儿子何三打劫贾府的事情被揭露，周瑞因此失宠并被驱逐。在某次尤氏前往大观园时，发现各处角门都未关闭，寻找管家而不得，反而与两个婆子发生争吵。此时周瑞赶来表现殷勤，并向凤姐报告了此事，结果导致邢夫人在众人面前批评了凤姐。,[PERSON#760]，男，[BOOK#38]中的人物角色，[PERSON#40]的岳丈，[LOCATION#57]的男管家，人称[PERSON#91]，其妻是[LOCATION#63][PERSON#15_1]的陪房，住在[LOCATION#63]后街。87版电视剧[BOOK#38]第二十七集首次登场，由[PERSON#652]饰演。[PERSON#760]名义上负责管理春秋两季的地租，并在闲暇时陪同少[PERSON#334]们外出。然而，他实际上还暗中帮助[PERSON#53]等人进行放贷和收款。过去，[PERSON#760]曾在争购田地时得到[PERSON#456]的女婿[PERSON#335]的帮助。因此，当[PERSON#456]第一次进入[LOCATION#56]时，是由[PERSON#760]的妻子引见的。后来，由于他的干儿子[PERSON#314]打劫[LOCATION#63]的事情被揭露，[PERSON#760]因此失宠并被驱逐。在某次[PERSON#777]前往[LOCATION#20]时，发现各处角门都未关闭，寻找管家而不得，反而与两个婆子发生争吵。此时[PERSON#760]赶来表现殷勤，并向[PERSON#53]报告了此事，结果导致[PERSON#95]在众人面前批评了[PERSON#53]。
PERSON#696,金钏,荣国府,金钏，曹雪芹创作的小说《红楼梦》及其衍生作品中的人物，1987版《红楼梦》由张迎玖饰金钏儿。金钏，四大烈婢之一，本姓白，她与妹妹“玉钏”同是王夫人房中丫头。因和贾宝玉在王夫人屋里调情，被王夫人打骂并要撵出贾府，遂跳井自杀。,[PERSON#696]，[PERSON#263]创作的小说[BOOK#38]及其衍生作品中的人物，1987版[BOOK#38]由[PERSON#204]饰[PERSON#696]儿。[PERSON#696]，四大烈婢之一，本姓[PERSON#385]，她与妹妹“[PERSON#338]”同是[PERSON#15_1]房中丫头。因和[PERSON#733_1]在[PERSON#15_1]屋里调情，被[PERSON#15_1]打骂并要撵出[LOCATION#63]，遂跳井自杀。
PERSON#680,薛宝钗,其他,薛宝钗，又称宝丫头、宝姑娘，是《红楼梦》中的重要人物，初次登场于第四回《薄命女偏逢薄命郎 葫芦僧乱判葫芦案》，与林黛玉并列为金陵十二钗正册之首，是薛姨妈之女、薛蟠胞妹，亦是贾宝玉的姨表姐与妻子。薛宝钗自幼受父亲钟爱，随其读书习字；父亲去世后，便与母亲、兄长共同生活。十三岁时，为备选公主郡主陪侍，随家人入京，客居贾府，深得众人喜爱。她曾与贾宝玉互看通灵宝玉与金锁，其金锁所镌文字与宝玉之文隐隐相对。贾元春省亲后，薛宝钗入住大观园蘅芜苑，此后常与众姐妹及贾宝玉说笑、玩耍、作诗，参与贾府诸多活动，并时常规劝贾宝玉与林黛玉。王熙凤病重期间，她曾与贾探春、李纨共理荣国府。抄检大观园次日，她以母病为由主动搬离蘅芜苑。后来贾府为给神智恍惚的贾宝玉冲喜，她垂泪默然应允，在王熙凤偷梁换柱之计下出闺成大礼。婚后贾宝玉病情好转，二人曾有一段恩爱时光，但不久贾府遭逢巨变、家道中落，贾宝玉出家，已有身孕的薛宝钗悲怆孤苦。薛宝钗豁达稳重、温厚贤淑，始终恪守封建礼教规范，是正统教养熏陶出的淑女典范。然而，她端庄表象之下亦暗藏少女情愫与功利之心；最终难逃厄运的命运，深刻揭示封建社会的残酷本质——即便身为制度的忠诚拥护者，也无法幸免。因其性格的复杂性与典型性，薛宝钗在红学研究中常与林黛玉并置比较，甚至引发尊贬之争；这一经典形象也在诸多《红楼梦》衍生作品中得到生动呈现。,[PERSON#680]，又称[PERSON#154]、[PERSON#155]，是[BOOK#38]中的重要人物，初次登场于第四回[BOOK#47]，与[PERSON#41]并列为[LOCATION#72][PERSON#65]正册之首，是[PERSON#390]之女、[PERSON#346]胞妹，亦是[PERSON#733_1]的姨表姐与妻子。[PERSON#680]自幼受父亲钟爱，随其读书习字；父亲去世后，便与母亲、[PERSON#34]长共同生活。十三岁时，为备选公主郡主陪侍，随家人入[LOCATION#5]，客居[LOCATION#63]，深得众人喜爱。她曾与[PERSON#733_1]互看[PERSON#596]与[PERSON#614]，其[PERSON#614]所镌文字与[PERSON#157]之文隐隐相对。[PERSON#904]省亲后，[PERSON#680]入住[LOCATION#20][PERSON#510]，此后常与众姐妹及[PERSON#733_1]说笑、玩耍、作诗，参与[LOCATION#63]诸多活动，并时常规劝[PERSON#733_1]与[PERSON#41]。[PERSON#433]病重期间，她曾与[PERSON#748]、[PERSON#315]共理[LOCATION#56]。抄检[LOCATION#20]次日，她以母病为由主动搬离[PERSON#510]。后来[LOCATION#63]为给神智恍惚的[PERSON#733_1]冲喜，她垂泪默然应允，在[PERSON#433]偷梁换柱之计下出闺成大礼。婚后[PERSON#733_1]病情好转，二人曾有一段恩爱时光，但不久[LOCATION#63]遭逢巨变、家道中落，[PERSON#733_1]出家，已有身孕的[PERSON#680]悲怆孤苦。[PERSON#680]豁达稳重、温厚贤淑，始终恪守封建礼教规范，是正统教养熏陶出的淑女典范。然而，她端庄表象之下亦暗藏少女情愫与功利之心；最终难逃厄运的命运，深刻揭示封建社会的残酷本质——即便身为制度的忠诚拥护者，也无法幸免。因其性格的复杂性与典型性，[PERSON#680]在红学研究中常与[PERSON#41]并置比较，甚至引发尊贬之争；这一经典形象也在诸多[BOOK#38]衍生作品中得到生动呈现。
PERSON#641,莺儿,其他,莺儿，又名黄金莺，是小说《红楼梦》中薛宝钗的贴身丫鬟，因宝钗嫌原名拗口而改名。她随宝钗入住贾府，擅长打络子、编花篮等精细工艺，在第三十五回为贾宝玉打梅花络时提出玉需金线相配的论点，被后世视为金玉良缘的重要提示。莺儿性格娇憨伶俐，曾因指出通灵宝玉与宝钗金锁文字相配引发关注，又在第五十九回折柳编篮引发春燕受罚事件。其言行常折射宝钗的处世风格，如编花篮时以玩笑化解矛盾，展现主仆间宽松相处模式。薛宝钗与贾宝玉成婚后，莺儿作为陪房丫头随行。全书通过其手巧、嘴巧的特质，侧面勾勒出宝钗形象中鲜为人知的细节层次。,[PERSON#641]，又名[PERSON#664]，是小说[BOOK#38]中[PERSON#680]的贴身丫鬟，因[PERSON#159]嫌原名拗口而改名。她随[PERSON#159]入住[LOCATION#63]，擅长打络子、编[PERSON#464]篮等精细工艺，在第三十五回为[PERSON#733_1]打[PERSON#299][PERSON#464]络时提出[PERSON#336]需金线相配的论点，被后世视为金[PERSON#336]良缘的重要提示。[PERSON#641]性格娇憨伶俐，曾因指出[PERSON#596]与[PERSON#159][PERSON#614]文字相配引发关注，又在第五十九回折柳编篮引发[PERSON#251]受罚事件。其言行常折射[PERSON#159]的处世风格，如编[PERSON#464]篮时以玩笑[PERSON#62]解矛盾，展现主仆间宽松相处模式。[PERSON#680]与[PERSON#733_1]成婚后，[PERSON#641]作为陪房丫头随行。全书通过其手[PERSON#178]、嘴[PERSON#178]的特质，侧面勾勒出[PERSON#159]形象中鲜为人知的细节层次。
PERSON#261,司棋,荣国府,司棋，本名秦司棋，是清代小说《红楼梦》中贾迎春的大丫鬟，王善保的外孙女、秦显的侄女，位列“四大烈婢”之一。性格刚烈果决，曾因厨房怠慢率众大闹小厨房，后与表弟潘又安私通被发现，被逐出大观园，最终因母亲阻挠婚事撞墙殉情。其影视形象分别由谷童（1987年版）、张鸣鸣（1989年版）、赵笑宇（2010年版）饰演。作为迎春首席丫鬟，司棋以雷厉风行的作风弥补了主子的懦弱性格，展现出“副小姐”的强势。第七十一回私会潘又安事发后，面对抄检大观园的危机始终面无惧色。被逐出府后坚持“一身作事一身当”的信念，在母亲反对婚事的僵局中撞墙自尽，潘又安随之刎颈殉情，实现生死相随。司棋“高大丰壮”的外形与刚烈性情形成独特人物反差，其追求爱情自由的行为在封建礼教背景下具有悲剧色彩，最终以殉情结局收场。,[PERSON#261]，本名[PERSON#402][PERSON#261]，是清代小说[BOOK#38]中[PERSON#230]的大丫鬟，[PERSON#344]的外孙女、[PERSON#406]的侄女，位列“四大烈婢”之一。性格刚烈果决，曾因[LOCATION#14]怠慢率众大闹[LOCATION#30]，后与表[PERSON#187][PERSON#320]私通被发现，被逐出[LOCATION#20]，最终因母亲阻挠婚事撞墙殉情。其影视形象分别由[PERSON#529]（1987年版）、[PERSON#208]（1989年版）、[PERSON#591]（2010年版）饰演。作为[PERSON#595]首席丫鬟，[PERSON#261]以雷厉风行的作风弥补了主子的懦弱性格，展现出“副小姐”的强势。第七十一回私会[PERSON#320]事发后，面对抄检[LOCATION#20]的危机始终面无惧色。被逐出府后坚持“一身作事一身当”的信念，在母亲反对婚事的僵局中撞墙自尽，[PERSON#320]随之刎颈殉情，实现生死相随。[PERSON#261]“高大丰壮”的外形与刚烈性情形成独特人物反差，其追求爱情自由的行为在封建礼教背景下具有悲剧色彩，最终以殉情结局收场。
PERSON#274,侍书,荣国府,侍书，中国古典名著《红楼梦》中的角色之一。侍书，贾探春的丫鬟，心眼灵活，口齿伶俐。最后结局是跟随探春远嫁。她的名字有很大争议，在脂评抄本中称“待书”，如庚辰本、己卯本、梦稿本、戚序本等。作“侍书的”的，如蒙府本、甲辰本、舒序本等。另外程本则一律作“侍书”。,[PERSON#274]，[LOCATION#3]古典名著[BOOK#38]中的角色之一。[PERSON#274]，[PERSON#748]的丫鬟，心眼灵活，口齿伶俐。最后结局是跟随[PERSON#237]远嫁。她的名字有很大争议，在脂评抄本中称“[PERSON#209]”，如庚辰本、己卯本、梦稿本、戚序本等。作“[PERSON#274]的”的，如蒙府本、甲辰本、舒序本等。另外[PERSON#411]则一律作“[PERSON#274]”。
PERSON#483,贾惜春,宁国府,贾惜春，又称四姑娘、四丫头，是《红楼梦》中的人物，其名出见于第二回《贾夫人仙逝扬州城 冷子兴演说荣国府》，初次登场于第三回《贾雨村夤缘复旧职 林黛玉抛父进京都》，为金陵十二钗之一，是贾敬之女、贾珍胞妹。贾惜春出身宁国府，但自幼无母，由荣国府贾母等人抚养长大，常与贾迎春、贾探春结伴读书、参与家族活动。在与水月庵小尼姑智能儿玩耍时，她一句笑言流露出出家念头，之后的灯谜更暗示了她的归宿。众姐妹入住大观园后，她居于蓼风轩，不擅诗词，海棠诗社结社时仅以“藕榭”之名负责誊录监场；但她精于绘画，曾受贾母之托绘制大观园图。抄检大观园时，丫鬟入画因私藏物品将受责罚，贾惜春不听劝阻，直言处罚与她无关，并因此与嫂子尤氏起了龃龉。续作中，她一度与王熙凤共同掌管家务，与妙玉交往较密，深受妙玉被劫一事影响，坚定出家之念；后又因地藏庵姑子言语刺激，不思饮食，只想剃发为尼。最终，她将居所作为静室，出家为尼，由紫鹃陪伴在侧。贾惜春自幼缺乏父母关爱，性情孤介倔强、洁身自爱，不愿受人摆布；孤僻的性格使她能更冷静地观察人生。她从贾迎春等姐妹的悲剧中看破世情，目睹贵族之家世俗生活的糜烂，又亲历家族“生关死劫”的大变故，最终在悲苦、无奈与希冀中选择出世。然而，她的出家并非求真证道，而是为求自保的消极逃避；这一独特形象在诸多衍生作品中也得到生动演绎。,[PERSON#483]，又称[PERSON#104]、[PERSON#101]，是[BOOK#38]中的人物，其名出见于第二回[BOOK#57]，初次登场于第三回[BOOK#61]，为[LOCATION#72][PERSON#65]之一，是[PERSON#171]之女、[PERSON#452]胞妹。[PERSON#483]出身[LOCATION#28]，但自幼无母，由[LOCATION#56][PERSON#972]等人抚养长大，常与[PERSON#230]、[PERSON#748]结伴读书、参与家族活动。在与[LOCATION#41]小尼姑[PERSON#117]玩耍时，她一句笑言流露出出家念头，之后的灯谜更暗示了她的归宿。众姐妹入住[LOCATION#20]后，她居于蓼风轩，不擅诗词，海棠诗社结社时仅以“[PERSON#508]”之名负责誊录监场；但她精于绘画，曾受[PERSON#972]之托绘制[LOCATION#20]图。抄检[LOCATION#20]时，丫鬟[PERSON#169]因私藏物品将受责罚，[PERSON#483]不听劝阻，直言处罚与她无关，并因此与嫂子[PERSON#777]起了龃龉。续作中，她一度与[PERSON#433]共同掌管家务，与[PERSON#671]交往较密，深受[PERSON#671]被劫一事影响，坚定出家之念；后又因[LOCATION#17]姑子言语刺激，不思饮食，只想剃发为尼。最终，她将居所作为静室，出家为尼，由[PERSON#235]陪伴在侧。[PERSON#483]自幼缺乏父母关爱，性情孤介倔强、洁身自爱，不愿受人摆布；孤僻的性格使她能更冷静地观察人生。她从[PERSON#230]等姐妹的悲剧中看破世情，目睹贵族之家世俗生活的糜烂，又亲历家族“生关死劫”的大变故，最终在悲苦、无奈与希冀中选择出世。然而，她的出家并非求真证道，而是为求自保的消极逃避；这一独特形象在诸多衍生作品中也得到生动演绎。
PERSON#117,智能儿,其他,智能儿，小说《红楼梦》及其衍生作品中的角色之一。智能儿，水月庵的小尼姑。净虚的徒弟，自幼在贾府走动，无人不识，也常和宝玉、秦钟玩笑。长大后渐知风情，看上秦钟人物风流，秦钟也爱她妍媚。两人情投意合，在馒头庵时幽会数次，秦钟返回家后，她从水月庵私逃出来找秦钟，不意被秦钟父亲秦业知觉，将她逐出，后不知去向。,[PERSON#117]，小说[BOOK#38]及其衍生作品中的角色之一。[PERSON#117]，[LOCATION#41]的小尼姑。[PERSON#532]的徒[PERSON#187]，自幼在[LOCATION#63]走动，无人不识，也常和[PERSON#157]、[PERSON#418]玩笑。长大后渐知风情，看上[PERSON#418]人物风流，[PERSON#418]也爱她妍媚。两人情投意合，在[LOCATION#77]时幽会数次，[PERSON#418]返回家后，她从[LOCATION#41]私逃出来找[PERSON#418]，不意被[PERSON#418]父亲[PERSON#404]知觉，将她逐出，后不知去向。
PERSON#532,净虚,其他,净虚是《红楼梦》第十五回中馒头庵的住持老尼，法号虽含'净虚'二字，实则表里不一，常借佛门之地谋取私利。她与王熙凤勾结，利用贾府权力谋取私利，如替胡老爷家念血盆经收取十两银子，以及策划退婚获取三千两银子好处费等。其人物形象与贾宝玉的率真形成鲜明对比，反映了社会腐败现象。作为智能儿的师父，她在宗教背景下构建了师徒关系网络。,[PERSON#532]是[BOOK#38]第十五回中[LOCATION#77]的住持老尼，法号虽含'[PERSON#532]'二字，实则表里不一，常借佛门之地谋取私利。她与[PERSON#433]勾结，利用[LOCATION#63]权力谋取私利，如替[PERSON#162]家念[PERSON#515]收取十两银子，以及策划退婚获取三千两银子好处[PERSON#531]等。其人物形象与[PERSON#733_1]的率真形成鲜明对比，反映了社会腐败现象。作为[PERSON#117]的师父，她在宗教背景下构建了师徒关系网络。
PERSON#74,丰儿,荣国府,丰儿是《红楼梦》中贾琏和王熙凤夫妇的贴身丫鬟，隶属荣国府仆役体系。作为凤姐的主要随从之一，其形象通过零散的情节得以展现：在第七回初登场时展现其基础职责，第二十五回宝玉与凤姐被魇魔法所困时，丰儿作为凤姐的丫鬟在混乱场景中与其他仆人一起哭泣，侧面烘托事件危急。根据2023年考证，丰儿被列入情榜第四副册，体现了曹雪芹对次要人物塑造的精妙布局。,[PERSON#74]是[BOOK#38]中[PERSON#186_1]和[PERSON#433]夫妇的贴身丫鬟，隶属[LOCATION#56]仆役体系。作为[PERSON#53]的主要随从之一，其形象通过零散的情节得以展现：在第七回初登场时展现其基础职责，第二十五回[PERSON#157]与[PERSON#53]被魇魔法所困时，[PERSON#74]作为[PERSON#53]的丫鬟在混乱场景中与其他仆人一起哭泣，侧面烘托事件危急。根据2023年考证，[PERSON#74]被列入情榜第四副册，体现了[PERSON#263]对次要人物塑造的精妙布局。
PERSON#283,贾巧姐,荣国府,贾巧姐，又名大姐儿，是《红楼梦》中的人物，王熙凤与贾琏的独生女，位列金陵十二钗。她以“大姐儿”之名在第七回“送宫花贾琏戏熙凤，宴宁府宝玉会秦钟”首次出现。贾巧姐自幼多病，恰逢刘姥姥二进大观园，王熙凤便请其给孩子起名压一压，刘姥姥以“巧”字为其取名，寓意遇难成祥、逢凶化吉。巧姐幼时天真可爱，曾因看见刘姥姥孙子板儿玩佛手而不要柚子要佛手。后来巧姐内热惊风，贾环前来探望却遭王熙凤怒骂。巧姐长大时正值贾府衰败，贾母、王熙凤相继病逝后，其舅舅王仁、哥哥贾芸及贾环等人密谋将她卖给“外落王爷”为妾，幸得刘姥姥相救。依曹雪芹原意，巧姐后来与刘姥姥孙子板儿结为夫妻；高鹗续书则改写为嫁给周财主之子，成为荒村野店的纺织农妇。贾巧姐虽非主要人物，却位列金陵十二钗，年幼性格未定，是理解《红楼梦》不可或缺的一环。她从“大观园”的宦府千金沦为“荒村野店”的纺绩村妇，寄寓了作者对农桑生活的朦胧向往，也折射出贵族家庭盛衰无常的深意。,[PERSON#283]，又名[PERSON#122]，是[BOOK#38]中的人物，[PERSON#433]与[PERSON#186_1]的独生女，位列[LOCATION#72][PERSON#65]。她以“[PERSON#122]”之名在第七回“送宫[PERSON#464][PERSON#186_1]戏熙凤，宴宁府[PERSON#157]会[PERSON#418]”首次出现。[PERSON#283]自幼多病，恰逢[PERSON#456]二进[LOCATION#20]，[PERSON#433]便请其给孩子起名压一压，[PERSON#456]以“[PERSON#178]”字为其取名，寓意遇难成祥、逢凶[PERSON#62]吉。[PERSON#179]幼时天真可爱，曾因看见[PERSON#456]孙子[PERSON#843]玩[PERSON#16]而不要[PERSON#290]要[PERSON#16]。后来[PERSON#179]内热惊风，[PERSON#616]前来探望却遭[PERSON#433]怒骂。[PERSON#179]长大时正值[LOCATION#63]衰败，[PERSON#972]、[PERSON#433]相继病逝后，其舅舅[PERSON#291]、哥哥[PERSON#113]及[PERSON#616]等人密谋将她卖给“外落[PERSON#339][PERSON#334]”为妾，幸得[PERSON#456]相救。依[PERSON#263]原意，[PERSON#179]后来与[PERSON#456]孙子[PERSON#843]结为夫妻；[PERSON#649]续书则改写为嫁给周财主之子，成为荒村野店的纺织农妇。[PERSON#283]虽非主要人物，却位列[LOCATION#72][PERSON#65]，年幼性格未定，是理解[BOOK#38]不可或缺的一环。她从“[LOCATION#20]”的宦府千金沦为“荒村野店”的纺绩村妇，寄寓了作者对农桑生活的朦胧向往，也折射出贵族家庭盛衰无常的深意。
PERSON#310,彩明,荣国府,贾巧姐，又名大姐儿，是《红楼梦》中的人物，王熙凤与贾琏的独生女，位列金陵十二钗。她以“大姐儿”之名在第七回“送宫花贾琏戏熙凤，宴宁府宝玉会秦钟”首次出现。贾巧姐自幼多病，恰逢刘姥姥二进大观园，王熙凤便请其给孩子起名压一压，刘姥姥以“巧”字为其取名，寓意遇难成祥、逢凶化吉。巧姐幼时天真可爱，曾因看见刘姥姥孙子板儿玩佛手而不要柚子要佛手。后来巧姐内热惊风，贾环前来探望却遭王熙凤怒骂。巧姐长大时正值贾府衰败，贾母、王熙凤相继病逝后，其舅舅王仁、哥哥贾芸及贾环等人密谋将她卖给“外落王爷”为妾，幸得刘姥姥相救。依曹雪芹原意，巧姐后来与刘姥姥孙子板儿结为夫妻；高鹗续书则改写为嫁给周财主之子，成为荒村野店的纺织农妇。贾巧姐虽非主要人物，却位列金陵十二钗，年幼性格未定，是理解《红楼梦》不可或缺的一环。她从“大观园”的宦府千金沦为“荒村野店”的纺绩村妇，寄寓了作者对农桑生活的朦胧向往，也折射出贵族家庭盛衰无常的深意。,[PERSON#283]，又名[PERSON#122]，是[BOOK#38]中的人物，[PERSON#433]与[PERSON#186_1]的独生女，位列[LOCATION#72][PERSON#65]。她以“[PERSON#122]”之名在第七回“送宫[PERSON#464][PERSON#186_1]戏熙凤，宴宁府[PERSON#157]会[PERSON#418]”首次出现。[PERSON#283]自幼多病，恰逢[PERSON#456]二进[LOCATION#20]，[PERSON#433]便请其给孩子起名压一压，[PERSON#456]以“[PERSON#178]”字为其取名，寓意遇难成祥、逢凶[PERSON#62]吉。[PERSON#179]幼时天真可爱，曾因看见[PERSON#456]孙子[PERSON#843]玩[PERSON#16]而不要[PERSON#290]要[PERSON#16]。后来[PERSON#179]内热惊风，[PERSON#616]前来探望却遭[PERSON#433]怒骂。[PERSON#179]长大时正值[LOCATION#63]衰败，[PERSON#972]、[PERSON#433]相继病逝后，其舅舅[PERSON#291]、哥哥[PERSON#113]及[PERSON#616]等人密谋将她卖给“外落[PERSON#339][PERSON#334]”为妾，幸得[PERSON#456]相救。依[PERSON#263]原意，[PERSON#179]后来与[PERSON#456]孙子[PERSON#843]结为夫妻；[PERSON#649]续书则改写为嫁给周财主之子，成为荒村野店的纺织农妇。[PERSON#283]虽非主要人物，却位列[LOCATION#72][PERSON#65]，年幼性格未定，是理解[BOOK#38]不可或缺的一环。她从“[LOCATION#20]”的宦府千金沦为“荒村野店”的纺绩村妇，寄寓了作者对农桑生活的朦胧向往，也折射出贵族家庭盛衰无常的深意。
PERSON#433,王熙凤,荣国府,王熙凤，又称凤辣子、凤姐、琏二奶奶、凤姑娘、凤哥、凤丫头，曹雪芹所著中国古典小说《红楼梦》中的人物，其形象始见于第二回《贾夫人仙逝扬州城  冷子兴演说荣国府》，于第三回《贾雨村夤缘复旧职  林黛玉抛父进京都》正式登场，是金陵十二钗之一，贾琏之妻，王夫人的内侄女。王熙凤早年嫁于荣国府贾赦长子贾琏。婚后不久，她便凭借才干逐渐掌管荣国府家务。秦可卿去世后，她受命协理宁国府，更展现出非凡的治家之才。然而，王熙凤为人狠辣且贪恋权财，犯下诸多恶行：设计间接害死觊觎其美色的贾瑞；为三千两银子拆散张金哥与守备之子的姻缘，致二人自尽；发觉贾琏偷娶尤二姐后，表面佯作贤良姿态，却暗中对尤二姐百般折磨，最终逼得尤二姐吞金自尽。贾府被抄家时，王熙凤往年放贷重利的借票被搜出，盘剥敛财之事败露。本就疾病缠身的她经此打击，身心俱损。此后虽仍料理家务，却已力不从心且渐失人心。,[PERSON#433]，又称[PERSON#55]、[PERSON#53]、[PERSON#371]、[PERSON#54]、[PERSON#52]、[PERSON#49]，[PERSON#263]所著[LOCATION#3]古典小说[BOOK#38]中的人物，其形象始见于第二回[BOOK#56]，于第三回[BOOK#60]正式登场，是[LOCATION#72][PERSON#65]之一，[PERSON#186_1]之妻，[PERSON#15_1]的内侄女。[PERSON#433]早年嫁于[LOCATION#56][PERSON#926]长子[PERSON#186_1]。婚后不久，她便凭借才干逐渐掌管[LOCATION#56]家务。[PERSON#548]去世后，她受命协理[LOCATION#28]，更展现出非凡的治家之才。然而，[PERSON#433]为人狠辣且贪恋权财，犯下诸多恶行：设计间接害死觊觎其美色的[PERSON#223]；为三千两银子拆散[PERSON#207]与守备之子的姻缘，致二人自尽；发觉[PERSON#186_1]偷娶[PERSON#945]后，表面佯作贤良姿态，却暗中对[PERSON#945]百般折磨，最终逼得[PERSON#945]吞金自尽。[LOCATION#63]被抄家时，[PERSON#433]往年放贷重利的借票被搜出，盘剥敛财之事败露。本就疾病缠身的她经此打击，身心俱损。此后虽仍料理家务，却已力不从心且渐失人心。
PERSON#418,秦钟,其他,秦钟，《红楼梦》中人物，表字鲸卿。秦邦业（也称秦业）的儿子，秦可卿的弟弟。秦钟生在寒门薄宦之家，于《红楼梦》第七回正式登场，他生得眉清目秀，粉面朱唇，身材俊俏，举止风流，怯怯羞羞的有些女儿之态。秦钟与贾宝玉意气相投，成为同窗密友。秦可卿去世后，秦钟因为和智能儿幽会缠绵，又受了些风寒，回来后便咳嗽伤风，饮食懒进。后秦邦业把智能儿逐出，将秦钟打了一顿，自己气得老病复发去世。秦钟本性怯弱，且带病未痊，受了笞杖，今见老父气死，又添了许多病症，不几日也死了。1987版电视剧版由师玉娟饰演，2010版电视剧版由石津宇饰演。秦钟在书中的作用就在于警示贾宝玉不要重蹈他的覆辙。,[PERSON#418]，[BOOK#38]中人物，表字[PERSON#653]。[PERSON#476]（也称[PERSON#404]）的儿子，[PERSON#548]的[PERSON#187][PERSON#187]。[PERSON#418]生在寒门薄宦之家，于[BOOK#38]第七回正式登场，他生得眉清目秀，粉面朱唇，身材俊俏，举止风流，怯怯羞羞的有些女儿之态。[PERSON#418]与[PERSON#733_1]意气相投，成为同窗密友。[PERSON#548]去世后，[PERSON#418]因为和[PERSON#117]幽会缠绵，又受了些风寒，回来后便咳嗽伤风，饮食懒进。后[PERSON#476]把[PERSON#117]逐出，将[PERSON#418]打了一顿，自己气得老病复发去世。[PERSON#418]本性怯弱，且带病未痊，受了笞杖，今见老父气死，又添了许多病症，不几日也死了。1987版电视剧版由师[PERSON#336]娟饰演，2010版电视剧版由石津宇饰演。[PERSON#418]在书中的作用就在于警示[PERSON#733_1]不要重蹈他的覆辙。
PERSON#963,焦大,宁国府,焦大，中国古典小说《红楼梦》中的角色之一。焦大，宁国府的老仆。从小跟宁国公贾演出过三四回兵，曾从死人堆里把奄奄一息的主子背出来。没有饭吃，他饿着肚子去偷东西给主子吃，没有水喝，他自己喝马尿，把得来的半碗水给主子喝。由于以往的功劳情分，宁府的主子们对他另眼相看，不大难为他。他对宁国府后代糜烂的生活深恶痛绝，也只有他在喝醉酒后敢大骂他们：“每日偷狗戏鸡，爬灰的爬灰，养小叔子的养小叔子”，吓得众小厮魂飞魄丧，把他捆起来，用土和马粪满满填了他一嘴。,[PERSON#963]，[LOCATION#3]古典小说[BOOK#38]中的角色之一。[PERSON#963]，[LOCATION#28]的老仆。从小跟宁国公[PERSON#565]出过三四回兵，曾从死人堆里把奄奄一息的主子背出来。没有饭吃，他饿着肚子去偷东西给主子吃，没有水喝，他自己喝马尿，把得来的半碗水给主子喝。由于以往的功劳情分，宁府的主子们对他另眼相看，不大难为他。他对[LOCATION#28]后代糜烂的生活深恶痛绝，也只有他在喝醉酒后敢大骂他们：“每日偷狗戏鸡，爬灰的爬灰，养小叔子的养小叔子”，吓得众小厮魂飞魄丧，把他捆起来，用土和马粪满满填了他一嘴。
PERSON#920,詹光,荣国府,詹光是中国古典小说《红楼梦》中虚构的清客形象，为贾政门下"四清客"之首。该群体共计12人，以趋炎附势、依附权贵为特征。作者通过"詹光"这一姓名设计暗含"沾光"的谐音隐喻，暗示其世故圆滑的性格特质。作为封建贵族豢养的文人帮闲，这类人物在小说中承担着展现贾府社会关系网络的重要叙事功能。,[PERSON#920]是[LOCATION#3]古典小说[BOOK#38]中虚构的清客形象，为[PERSON#357]门下"四清客"之首。该群体共计12人，以趋炎附势、依附权贵为特征。作者通过"[PERSON#920]"这一姓名设计暗含"[PERSON#309]"的谐音隐喻，暗示其世故圆滑的性格特质。作为封建贵族豢养的文人帮闲，这类人物在小说中承担着展现[LOCATION#63]社会关系网络的重要叙事功能。
PERSON#564,吴新登,荣国府,吴新登是《红楼梦》中贾府的重要仆人，担任银库房总领，脂砚斋评其名"盖无星戥也"，暗示其贪腐之心。其名谐音"无星戥"（"无星秤"），暗示其缺乏原则、中饱私囊的性格特点。贾府鼎盛时期，他身居要职，但在贾府衰落后卷款潜逃。其妻"吴新登家的"亦以心机闻名，曾在探春协理荣国府时故意刁难，凸显其欺软怕硬的品性。,[PERSON#564]是[BOOK#38]中[LOCATION#63]的重要仆人，担任银库房总领，[PERSON#457]评其名"盖[PERSON#244]也"，暗示其贪腐之心。其名谐音"[PERSON#244]"（"无星秤"），暗示其缺乏原则、中饱私囊的性格特点。[LOCATION#63]鼎盛时期，他身居要职，但在[LOCATION#63]衰落后卷款潜逃。其妻"[PERSON#564]家的"亦以心机闻名，曾在[PERSON#237]协理[LOCATION#56]时故意刁难，凸显其欺软怕硬的品性。
PERSON#191,钱华,荣国府,钱华是小说《红楼梦》中荣国府的仆役，在第八回以买办身份出场。该人物属于贾府管理架构中的底层仆役成员，与吴新登、戴良等同列荣国府仆役名单。宝玉探望宝钗途中遇见钱华时，因其多时未见少主，忙上前行打千礼请安。脂砚斋在甲戌本《红楼梦》钱华名字旁批注“亦钱开花之意，随事生情，因情得文”，通过谐音命名暗示人物属性。另据文本考证，“钱华”谐音“钱花”，与“吴新登（无星戥）”“戴良（大量）”共同构成对贾府钱财管理的隐喻，暗指荣国府财务混乱、资金流失的现象。钱华等老仆曾向宝玉求取墨宝，侧面反映其日常职守状态。,[PERSON#191]是小说[BOOK#38]中[LOCATION#56]的仆役，在第八回以买办身份出场。该人物属于[LOCATION#63]管理架构中的底层仆役成员，与[PERSON#564]、[PERSON#227]等同列[LOCATION#56]仆役名单。[PERSON#157]探望[PERSON#159]途中遇见[PERSON#191]时，因其多时未见少主，忙上前行打千礼请安。[PERSON#457]在甲戌本[BOOK#38][PERSON#191]名字旁批注“亦钱开[PERSON#464]之意，随事生情，因情得文”，通过谐音命名暗示人物属性。另据文本考证，“[PERSON#191]”谐音“[PERSON#623]”，与“[PERSON#564]（[PERSON#244]）”“[PERSON#227]（大量）”共同构成对[LOCATION#63]钱财管理的隐喻，暗指[LOCATION#56]财务混乱、资金流失的现象。[PERSON#191]等老仆曾向[PERSON#157]求取墨宝，侧面反映其日常职守状态。
PERSON#235,紫鹃,荣国府,紫鹃，《红楼梦》中的人物，原名鹦哥，是贾母房里的二等小丫头。贾母见林黛玉来时只带了两个人，恐不中使，便把鹦哥给了黛玉，改名为紫鹃。她聪明灵慧，和黛玉关系很好，情同姐妹，一时一刻不离开，是黛玉的“闺中贵友”，一心一意为黛玉着想，见黛玉是个孤儿，又和贾宝玉相爱，就劝黛玉趁老太太还硬朗的时候作定大事要紧。为此，她想出林家要接黛玉回苏州的话来试宝玉，使宝玉痴病大发。,[PERSON#235]，[BOOK#38]中的人物，原名[PERSON#965]，是[PERSON#972]房里的二等[PERSON#368]。[PERSON#972]见[PERSON#41]来时只带了两个人，恐不中使，便把[PERSON#965]给了[PERSON#666]，改名为[PERSON#235]。她聪明灵慧，和[PERSON#666]关系很好，情同姐妹，一时一刻不离开，是[PERSON#666]的“闺中贵友”，一心一意为[PERSON#666]着想，见[PERSON#666]是个孤儿，又和[PERSON#733_1]相爱，就劝[PERSON#666]趁老[PERSON#911]还硬朗的时候作定大事要紧。为此，她想出林家要接[PERSON#666]回[LOCATION#55]的话来试[PERSON#157]，使[PERSON#157]痴病大发。
PERSON#379,茜雪,荣国府,茜雪是清代小说《红楼梦》中贾宝玉的贴身丫鬟之一，首次出场于第七回周瑞家送宫花时，后因枫露茶事件被撵出贾府。其名出自南宋周密"一树湘桃飞茜雪"词句，与麝月、袭人等丫鬟名共同构成"风花雪月"的意象组合。茜雪原负责宝玉的茶水侍奉，第八回因李嬷嬷饮用了宝玉指名要喝的枫露茶，引发宝玉醉酒后的暴怒。此事直接导致她被驱逐，具体经过通过李嬷嬷、袭人等对话侧面补述。脂砚斋批语披露茜雪将在"狱神庙"情节中探视落难的宝玉，但该部分原稿已佚失。现存文本中茜雪在第八回、第十九回、第四十六回等章节被提及，而脂批所述狱神庙情节的缺失，使该角色成为原著未完成稿的重要悬念。,[PERSON#379]是清代小说[BOOK#38]中[PERSON#733_1]的贴身丫鬟之一，首次出场于第七回[PERSON#760]家送宫[PERSON#464]时，后因[PERSON#288]事件被撵出[LOCATION#63]。其名出自南宋[PERSON#93]"一树[PERSON#319]飞[PERSON#379]"词句，与[PERSON#609_1]、[PERSON#512]等丫鬟名共同构成"风[PERSON#464]雪月"的意象组合。[PERSON#379]原负责[PERSON#157]的茶水侍奉，第八回因[PERSON#262]饮用了[PERSON#157]指名要喝的[PERSON#288]，引发[PERSON#157]醉酒后的暴怒。此事直接导致她被驱逐，具体经过通过[PERSON#262]、[PERSON#512]等对话侧面补述。[PERSON#457]批语披露[PERSON#379]将在"狱神庙"情节中探视落难的[PERSON#157]，但该部分原稿已佚失。现存文本中[PERSON#379]在第八回、第十九回、第四十六回等章节被提及，而[PERSON#455]所述狱神庙情节的缺失，使该角色成为原著未完成稿的重要悬念。
PERSON#476,秦邦业,其他,秦邦业（或作秦业）是《红楼梦》中的虚构人物，出身书香门第却操持清寒之家。他担任营缮司郎中一职，曾从养生堂抱养秦可卿作为养女，后于五十三岁时得亲生儿子秦钟。其子秦钟因与水月庵小尼姑智能的私情被其发现，遭责打后引发秦邦业老病复发而亡。,[PERSON#476]（或作[PERSON#404]）是[BOOK#38]中的虚构人物，出身书香门第却操持清寒之家。他担任营缮司郎中一职，曾从[LOCATION#8]抱养[PERSON#548]作为养女，后于五十三岁时得亲生儿子[PERSON#418]。其子[PERSON#418]因与[LOCATION#41]小尼姑[PERSON#255]的私情被其发现，遭责打后引发[PERSON#476]老病复发而亡。
PERSON#809,贾代儒,其他,贾代儒是小说《红楼梦》中的虚拟角色，身份为贾府“代”字辈非嫡派宗族成员，在1987版和2010版电视剧中分别由徐洗繁、汪永贵饰演。作为贾府家塾的教书先生，贾代儒不仅负责教授贾宝玉等子弟八股文（宝玉曾两次师从其学习），更因科举未成依附贾府。他一生历经早年丧父、中年丧子、晚年丧孙三大不幸，其庶子身份与科举失败构成命运困境。对孙子贾瑞管教严苛，当贾瑞因触犯王熙凤遭相思局折磨后，未究缘由便施以罚跪、饿饭、补功课等惩戒。贾瑞最终因沉迷色欲病亡，暴露出其教育方式的僵化与失败。身为家塾管理者，贾代儒虽严控学生行止却未能约束薛蟠等人败坏学风，其孙更因缺乏正确引导走向堕落。该角色既展现封建礼教下严父形象，又深刻揭示了传统教育模式重形式轻教化的弊端。,[PERSON#809]是小说[BOOK#38]中的虚拟角色，身份为[LOCATION#63]“代”字辈非嫡派宗族成员，在1987版和2010版电视剧中分别由[PERSON#210]、[PERSON#303]饰演。作为[LOCATION#66]的教书先生，[PERSON#809]不仅负责教授[PERSON#733_1]等子[PERSON#187]八股文（[PERSON#157]曾两次师从其学习），更因科举未成依附[LOCATION#63]。他一生历经早年丧父、中年丧子、晚年丧孙三大不幸，其庶子身份与科举失败构成命运困境。对孙子[PERSON#223]管教严苛，当[PERSON#223]因触犯[PERSON#433]遭相思局折磨后，未究缘由便施以罚跪、饿饭、补功课等惩戒。[PERSON#223]最终因沉迷色欲病亡，暴露出其教育方式的僵[PERSON#62]与失败。身为家塾管理者，[PERSON#809]虽严控学生行止却未能约束[PERSON#346]等人败坏学风，其孙更因缺乏正确引导走向堕落。该角色既展现封建礼教下严父形象，又深刻揭示了传统教育模式重形式轻教[PERSON#62]的弊端。
PERSON#663,李贵,荣国府,李贵，男，是小说《红楼梦》中贾宝玉的长随，其母为贾宝玉的乳母李嬷嬷，主要负责在贾宝玉出门时听从使唤，办理杂事，现阶段主要工作是陪贾宝玉上学，负责拎包端砚、递茶倒水等。他主要负责陪同宝玉上学、处理日常杂务，并在学堂外等候。李贵性格稳重机敏，如在贾政训斥时巧妙应对，在学堂纠纷中妥善调解。尽管对仆役身份有隐忧，他仍恪尽职守，展现出传统忠仆形象。,[PERSON#663]，男，是小说[BOOK#38]中[PERSON#733_1]的长随，其母为[PERSON#733_1]的乳母[PERSON#262]，主要负责在[PERSON#733_1]出门时听从使唤，办理杂事，现阶段主要工作是陪[PERSON#733_1]上学，负责拎包端砚、递茶倒水等。他主要负责陪同[PERSON#157]上学、处理日常杂务，并在[LOCATION#27]外等候。[PERSON#663]性格稳重机敏，如在[PERSON#357]训斥时[PERSON#178]妙应对，在[LOCATION#27]纠纷中妥善调解。尽管对仆役身份有隐忧，他仍恪尽职守，展现出传统忠仆形象。
PERSON#260,香怜,其他,香怜是曹雪芹小说《红楼梦》中的男性角色，贾家义学小学生，首次登场于第九回，在贾氏族亲名录中与玉爱并列。该角色在2010年电视剧《红楼梦》中由侯一凡饰演。香怜因容貌俊俏被起女性化外号“香怜”，与玉爱同为薛蟠以银钱哄骗结交的“契弟”，后因薛蟠移情而被疏远。贾宝玉与秦钟入学后，香怜与秦钟在学堂后院私会时遭金荣撞破，金荣散布“亲嘴摸屁股”谣言引发学堂争斗，贾瑞偏袒金荣导致事件激化。其间香怜通过“设言托意”等方式与秦钟暗通情愫。该角色作为贾府宗族旁支成员，其经历构成第九回“顽童闹学堂”事件的核心线索，呈现贾府子弟间的欲望纠葛。,[PERSON#260]是[PERSON#263]小说[BOOK#38]中的男性角色，[LOCATION#62]小学生，首次登场于第九回，在[PERSON#561]族亲名录中与[PERSON#608]并列。该角色在2010年电视剧[BOOK#38]中由[PERSON#17]饰演。[PERSON#260]因容貌俊俏被起女性[PERSON#62]外号“[PERSON#260]”，与[PERSON#608]同为[PERSON#346]以银钱哄骗结交的“契[PERSON#187]”，后因[PERSON#346]移情而被疏远。[PERSON#733_1]与[PERSON#418]入学后，[PERSON#260]与[PERSON#418]在[LOCATION#27]后院私会时遭[PERSON#857]撞破，[PERSON#857]散布“亲嘴摸屁股”谣言引发[LOCATION#27]争斗，[PERSON#223]偏袒[PERSON#857]导致事件激[PERSON#62]。其间[PERSON#260]通过“设言托意”等方式与[PERSON#418]暗通情愫。该角色作为[LOCATION#63]宗族旁支成员，其经历构成第九回“顽童闹[LOCATION#27]”事件的核心线索，呈现[LOCATION#63]子[PERSON#187]间的欲望纠葛。
PERSON#608,玉爱,其他,玉爱是清代长篇小说《红楼梦》前八十回登场的人物，第九回"起嫌疑顽童闹学堂"事件的主要参与者之一。作为贾府义学中的学生，玉爱与香怜因"妩媚风流"的外貌特征被同学赋予女性化外号。其与薛蟠存在银钱结交关系，后与贾宝玉、秦钟产生"缱绻有情意"的互动。该角色通过命名符号（名字含"玉"）与行为特征，成为映射贾宝玉性格特质与命运走向的群体符号之一。,[PERSON#608]是清代长篇小说[BOOK#38]前八十回登场的人物，第九回"起嫌疑顽童闹[LOCATION#27]"事件的主要参与者之一。作为[LOCATION#64]中的学生，[PERSON#608]与[PERSON#260]因"妩媚风流"的外貌特征被同学赋予女性[PERSON#62]外号。其与[PERSON#346]存在银钱结交关系，后与[PERSON#733_1]、[PERSON#418]产生"缱绻有情意"的互动。该角色通过命名符号（名字含"[PERSON#336]"）与行为特征，成为映射[PERSON#733_1]性格特质与命运走向的群体符号之一。
PERSON#223,贾瑞,其他,贾瑞，男，曹雪芹所著小说《红楼梦》中的人物，贾府义学塾贾代儒的长孙。他因贪图便宜、品行不端，在学堂中勒索学生、纵容薛蟠横行?。后因觊觎王熙凤，被其设计“相思局”戏弄，最终因正照“风月宝鉴”纵欲而死?。,[PERSON#223]，男，[PERSON#263]所著小说[BOOK#38]中的人物，[LOCATION#65][PERSON#809]的长孙。他因贪图便宜、品行不端，在[LOCATION#27]中勒索学生、纵容[PERSON#346]横行?。后因觊觎[PERSON#433]，被其设计“相思局”戏弄，最终因正照“[PERSON#643]”纵欲而死?。
PERSON#857,金荣,其他,金荣是《红楼梦》中贾府家塾的学生，因第九回挑起的学堂风波成为书中短暂登场却颇具典型性的角色。他性格蛮横无理，主动以污言秽语挑衅秦钟，反遭宝玉的小厮茗烟当众羞辱，最终被迫向秦钟磕头认错。其母胡氏过度关注家塾带来的经济利益而忽视道德教育，导致金荣养成短视狭隘、不知感恩的品性。这一形象通过学堂冲突，折射出封建家族教育体系的弊端。,[PERSON#857]是[BOOK#38]中[LOCATION#66]的学生，因第九回挑起的[LOCATION#27]风波成为书中短暂登场却颇具典型性的角色。他性格蛮横无理，主动以污言秽语挑衅[PERSON#418]，反遭[PERSON#157]的小厮[PERSON#217]当众羞辱，最终被迫向[PERSON#418]磕头认错。其母[PERSON#821]过度关注家塾带来的经济利益而忽视道德教育，导致[PERSON#857]养成短视狭隘、不知感恩的品性。这一形象通过[LOCATION#27]冲突，折射出封建家族教育体系的弊端。
PERSON#615,贾蔷,宁国府,贾蔷是曹雪芹长篇小说《红楼梦》中的人物，宁国府正派玄孙，初次登场于第九回挑拨茗烟大闹学堂。他父母早亡后由贾珍抚养，生得风流俊俏，性格中兼具钻营投机与残忍凶狠，凭借贾珍溺爱及贾蓉帮扶，年少时虽名义上学，实则斗鸡走狗，后成为贾府梨香院戏班总管，负责筹建戏班并下姑苏采买行头。与小旦龄官情投意合，曾为哄其开心购雀儿反遭奚落，最终放生戏雀，龄官咳血时冒暑请医，凸显情感羁绊。贾蔷善于钻营，曾挑拨茗烟大闹学堂并设计贾瑞事件，展现其心计与投机本性。管理戏班期间，龄官因坚持职业操守拒演贵妃指定剧目，贾蔷默许其本角演出，获贾元春赞赏。脂砚斋批语暗示其或与龄官成婚，但高鹗续书称其行为不端，结局存争议。1987版《红楼梦》由罗立平、2010版由缪俊杰饰演该角色。其姓名“蔷”谐音“假墙”，暗含曹雪芹“假作真时真亦假”的创作哲学，人物命运与贾府兴衰及运河文化存在间接关联。,[PERSON#615]是[PERSON#263]长篇小说[BOOK#38]中的人物，[LOCATION#28]正派玄孙，初次登场于第九回挑拨[PERSON#217]大闹[LOCATION#27]。他父母早亡后由[PERSON#452]抚养，生得风流俊俏，性格中兼具钻营投机与残忍凶狠，凭借[PERSON#452]溺爱及[PERSON#88]帮扶，年少时虽名义上学，实则斗鸡走狗，后成为[LOCATION#63][LOCATION#39]戏班总管，负责筹建戏班并下[LOCATION#26]采买行头。与小旦[PERSON#537]情投意合，曾为哄其开心购雀儿反遭奚落，最终放生戏雀，[PERSON#537]咳血时冒暑请医，凸显情感羁绊。[PERSON#615]善于钻营，曾挑拨[PERSON#217]大闹[LOCATION#27]并设计[PERSON#223]事件，展现其心计与投机本性。管理戏班期间，[PERSON#537]因坚持职业操守拒演贵妃指定剧目，[PERSON#615]默许其本角演出，获[PERSON#904]赞赏。[PERSON#457]批语暗示其或与[PERSON#537]成婚，但[PERSON#649]续书称其行为不端，结局存争议。1987版[BOOK#38]由[PERSON#439]、2010版由[PERSON#438]饰演该角色。其姓名“[PERSON#491]”谐音“假墙”，暗含[PERSON#263]“假作真时真亦假”的创作哲学，人物命运与[LOCATION#63]兴衰及运河文[PERSON#62]存在间接关联。
PERSON#217,茗烟,荣国府,焙茗，又名茗烟，是古典小说《红楼梦》及其衍生作品中的角色，贾宝玉的贴身小厮。程本第二十四回交代其因宝玉嫌“烟”字改名焙茗，但脂砚斋评本后续回目仍混用两名称。该角色在多个影视改编版本中由韩兰根、李楠、叮当等演员饰演。焙茗作为宝玉最得用的书僮，曾参与大闹学堂事件：因金荣欺负秦钟，被贾蔷挑唆后引发学堂混战。他常揣摩宝玉心思行事，为其搜集《西厢记》等禁书解闷，并在水仙庵私祭金钏时自编祷词道出宝玉心事。性格兼具狡黠与忠诚，既被称为“宝玉叛逆的支持者”，又被脂批评为“贼茗烟”。该角色姓名存在版本差异，程本系统统一用“焙茗”，脂本则混用“茗烟”。,[PERSON#221]，又名[PERSON#217]，是古典小说[BOOK#38]及其衍生作品中的角色，[PERSON#733_1]的贴身小厮。[PERSON#411]第二十四回交代其因[PERSON#157]嫌“[PERSON#329]”字改名[PERSON#221]，但[PERSON#457]评本后续回目仍混用两名称。该角色在多个影视改编版本中由[PERSON#638]、[PERSON#273]、[PERSON#73]等演员饰演。[PERSON#221]作为[PERSON#157]最得用的书僮，曾参与大闹[LOCATION#27]事件：因[PERSON#857]欺负[PERSON#418]，被[PERSON#615]挑唆后引发[LOCATION#27]混战。他常揣摩[PERSON#157]心思行事，为其搜集[BOOK#50]等禁书解闷，并在[LOCATION#40]私祭[PERSON#696]时自编祷词道出[PERSON#157]心事。性格兼具狡黠与忠诚，既被称为“[PERSON#157]叛逆的支持者”，又被[PERSON#455]评为“贼[PERSON#217]”。该角色姓名存在版本差异，[PERSON#411]系统统一用“[PERSON#221]”，脂本则混用“[PERSON#217]”。
PERSON#776,锄药,荣国府,锄药是《红楼梦》中贾宝玉的四名贴身小厮之一，与茗烟（焙茗）、扫红、伴鹤等并列。作为荣国府贾政一脉的次要角色，他隶属贾府仆人体系中的男性仆从群体，是贾宝玉的四小厮之一。该角色虽无独立故事情节，但通过人物关系架构展现了贾府仆役群体的构成特点。,[PERSON#776]是[BOOK#38]中[PERSON#733_1]的四名贴身小厮之一，与[PERSON#217]（[PERSON#221]）、[PERSON#185]、[PERSON#13]等并列。作为[LOCATION#56][PERSON#357]一脉的次要角色，他隶属[LOCATION#63]仆人体系中的男性仆从群体，是[PERSON#733_1]的四小厮之一。该角色虽无独立故事情节，但通过人物关系架构展现了[LOCATION#63]仆役群体的构成特点。
PERSON#593,墨雨,荣国府,墨雨是《红楼梦》中贾宝玉的四名贴身小厮之一，与茗烟、锄药、扫红共同侍奉，属封建贵族未成年仆役的典型代表。其名“墨雨”与林黛玉之名形成谐音关联，暗喻“没玉”“失玉”等意象，预示宝玉失玉、黛死钗嫁等核心情节，姓名设置被视为作者隐写情节走向的手法。墨雨在原著第九十七回中向紫鹃泄露宝玉婚讯，直接推动宝黛悲剧高潮。部分衍生创作描绘其因触怒王夫人遭发卖的遭遇，反映封建等级制度下仆役的悲惨命运。情榜记载其位列贾府男性仆役序列，印证底层身份。,[PERSON#593]是[BOOK#38]中[PERSON#733_1]的四名贴身小厮之一，与[PERSON#217]、[PERSON#776]、[PERSON#185]共同侍奉，属封建贵族未成年仆役的典型代表。其名“[PERSON#593]”与[PERSON#41]之名形成谐音关联，暗喻“[PERSON#307]”“[PERSON#126]”等意象，预示[PERSON#157][PERSON#126]、[PERSON#665]死[PERSON#618]嫁等核心情节，姓名设置被视为作者隐写情节走向的手法。[PERSON#593]在原著第九十七回中向[PERSON#235]泄露[PERSON#157]婚讯，直接推动[PERSON#160]悲剧高潮。部分衍生创作描绘其因触怒[PERSON#15_1]遭发卖的遭遇，反映封建等级制度下仆役的悲惨命运。情榜记载其位列[LOCATION#63]男性仆役序列，印证底层身份。
PERSON#728,璜大奶奶,其他,璜大奶奶，小说《红楼梦》中人物，贾璜之妻，金荣的姑姑，属贾氏家族嫡派分支却处于边缘地位，依靠奉承王熙凤、尤氏维持体面生活。贾璜夫妻产业微薄，常赴宁荣二府请安讨好，凭此获得资助。通过向王熙凤"打旋磨子"借当头，她为金荣求得贾氏家塾就读资格。当其得知金荣在学堂受气后，怒气冲冲欲找尤氏理论，却因尤氏提及秦可卿病情而即刻收敛怒火，转而殷勤问候，最终未敢提及纠纷。该人物性格具有两面性：在家族弱势成员面前趾高气扬，面对贾府掌权者则卑躬屈膝，其行为折射出贾府旁支亲属的生存困境。,[PERSON#728]，小说[BOOK#38]中人物，[PERSON#571]之妻，[PERSON#857]的姑姑，属[PERSON#561]家族嫡派分支却处于边缘地位，依靠奉承[PERSON#433]、[PERSON#777]维持体面生活。[PERSON#571]夫妻产业微薄，常赴[LOCATION#29]请安讨好，凭此获得资助。通过向[PERSON#433]"打旋磨子"借当头，她为[PERSON#857]求得[PERSON#561]家塾就读资格。当其得知[PERSON#857]在[LOCATION#27]受气后，怒气冲冲欲找[PERSON#777]理论，却因[PERSON#777]提及[PERSON#548]病情而即刻收敛怒火，转而殷勤问候，最终未敢提及纠纷。该人物性格具有两面性：在家族弱势成员面前趾高气扬，面对[LOCATION#63]掌权者则卑躬屈膝，其行为折射出[LOCATION#63]旁支亲属的生存困境。
PERSON#821,胡氏,其他,胡氏，是清代小说《红楼梦》中的角色。贾蓉的续弦妻子，初次登场于第二十九回，其父曾任京畿道，嫁入宁国府后成为嫡长孙媳。作为贾蓉继室，她常参与除夕祭宗祠、元宵夜宴等家族活动，并随婆婆尤氏操办贾敬丧礼、尤二姐送殡等事务。宁国府被抄后，胡氏与尤氏等人被贾母接入荣国府安置。《红楼梦》版本间存在贾蓉续弦姓氏表述差异，第五十八回称“许氏”，第九十二回明确为胡氏。戴不凡根据《风月宝鉴》提出秦可卿晚死说，认为胡氏续弦情节存在矛盾，但刘梦溪等学者指出该观点缺乏实证支撑。,[PERSON#821]，是清代小说[BOOK#38]中的角色。[PERSON#88]的续弦妻子，初次登场于第二十九回，其父曾任[LOCATION#7]，嫁入[LOCATION#28]后成为嫡长孙媳。作为[PERSON#88]继室，她常参与除夕祭宗祠、元宵夜宴等家族活动，并随婆婆[PERSON#777]操办[PERSON#171]丧礼、[PERSON#945]送殡等事务。[LOCATION#28]被抄后，[PERSON#821]与[PERSON#777]等人被[PERSON#972]接入[LOCATION#56]安置。[BOOK#38]版本间存在[PERSON#88]续弦姓氏表述差异，第五十八回称“[PERSON#524]”，第九十二回明确为[PERSON#821]。戴不凡根据[BOOK#65]提出[PERSON#548]晚死说，认为[PERSON#821]续弦情节存在矛盾，但刘梦溪等学者指出该观点缺乏实证支撑。
PERSON#7,冯紫英,其他,冯紫英，男，名著《红楼梦》中的人物，（首见第十回）神武将军冯唐之子，与贾府中贾宝玉、薛蟠等人都有来往。冯紫英以豪爽、侠义著称，继承了父亲的武艺，尤其擅长弓马拳脚，在京城王公子弟中堪称高手。他虽不精于诗文，但性格稳重，说话办事有盘算，不同于贾宝玉的懵懂无知和薛蟠的出言不忌。冯紫英也是令所有红学家都热衷的“神秘人物”。就在第26回《蜂腰桥设言传心事 潇湘馆春困发幽情》中，由于薛蟠庆生，宝玉等人都前来道贺，冯紫英同样在其中。,[PERSON#7]，男，名著[BOOK#38]中的人物，（首见第十回）神武将军[PERSON#42]之子，与[LOCATION#63]中[PERSON#733_1]、[PERSON#346]等人都有来往。[PERSON#7]以豪爽、侠义著称，继承了父亲的武艺，尤其擅长弓马拳脚，在[LOCATION#6][PERSON#342]子[PERSON#187]中堪称高手。他虽不精于诗文，但性格稳重，说话办事有盘算，不同于[PERSON#733_1]的懵懂无知和[PERSON#346]的出言不忌。[PERSON#7]也是令所有红学家都热衷的“神秘人物”。就在第26回[BOOK#48]中，由于[PERSON#346]庆生，[PERSON#157]等人都前来道贺，[PERSON#7]同样在其中。
PERSON#77,赖升,宁国府,赖升是《红楼梦》中宁国府的大总管，赖嬷嬷的次子、赖大之弟，虽未在原著中正面出场，但其角色设定深刻反映了贾府奴仆阶层的生存法则。作为宁荣两府事务的核心协调者，他在凤姐协理宁国府时曾提醒同僚谨慎应对，侧面体现其察言观色的能力。其家族通过依附贾府积累财富，后代赖尚荣更借势捐官成为知县，成为贾府奴仆阶层"攀升"的典型。张福有《红楼梦人物百咏》以"绝非一个省油灯"评价其形象，生动补足了原著着墨不多的角色特质。,[PERSON#77]是[BOOK#38]中[LOCATION#28]的大总管，[PERSON#812]的次子、[PERSON#346_1]之[PERSON#187]，虽未在原著中正面出场，但其角色设定深刻反映了[LOCATION#63]奴仆阶层的生存法则。作为宁荣两府事务的核心协调者，他在[PERSON#53]协理[LOCATION#28]时曾提醒同僚谨慎应对，侧面体现其察言观色的能力。其家族通过依附[LOCATION#63]积累财富，后代[PERSON#745]更借势捐[PERSON#152]成为知县，成为[LOCATION#63]奴仆阶层"攀升"的典型。[PERSON#202]有[BOOK#40]以"绝非一个省油灯"评价其形象，生动补足了原著着墨不多的角色特质。
PERSON#69_1,北静郡王,其他,水溶，曹雪芹创作的小说《红楼梦》及其衍生作品中的角色，北静王，首见第十四回。年未弱冠，形容秀美，性情谦和。因祖上与贾府有世交之谊，故从未以异姓相见，更不以王位自居。秦可卿出丧，他特设路祭，在路旁高搭彩棚，设席张筵，和音奏乐，哀悼吊唁。又专请贾宝玉相见。他对通灵宝玉“称奇道异”了一番，夸奖宝玉果然如“宝”似“玉”，“真乃龙驹凤雏”，并把皇上亲赐之鹡鸰念珠一串赠与宝玉。贾宝玉素厌官僚权贵，但平日闻得北静王风流潇洒，不为官俗国体所缚，每思相会，所以相见之下，彼此都有惺惺相惜之意。,[PERSON#259_1]，[PERSON#263]创作的小说[BOOK#38]及其衍生作品中的角色，[PERSON#63]，首见第十四回。年未弱冠，形容秀美，性情谦和。因祖上与[LOCATION#63]有世交之谊，故从未以异姓相见，更不以[PERSON#339]位自居。[PERSON#548]出丧，他特设路祭，在路旁高搭彩棚，设席[PERSON#188]筵，和音奏乐，哀悼吊唁。又专请[PERSON#733_1]相见。他对[PERSON#596]“称奇道异”了一番，夸奖[PERSON#157]果然如“宝”似“[PERSON#336]”，“真乃龙驹凤雏”，并把皇上亲赐之鹡鸰念珠一串赠与[PERSON#157]。[PERSON#733_1]素厌[PERSON#152]僚权贵，但平日闻得[PERSON#63]风流潇洒，不为[PERSON#152]俗国体所缚，每思相会，所以相见之下，彼此都有惺惺相惜之意。
PERSON#709,来旺儿,荣国府,来旺儿是《红楼梦》中荣国府仆人，作为王熙凤的陪房成为其核心亲信。他专职处理放贷收账、干预官司等机密事务，参与铁槛寺伪造书信案、尤二姐事件等恶行，展现执行者与帮凶的双重性。其夫妇强娶彩霞等行径暴露主仆利益交换的黑暗面，最终因依附权势作恶成为贾府失势后被清算的典型。,[PERSON#709]是[BOOK#38]中[LOCATION#56]仆人，作为[PERSON#433]的陪房成为其核心亲信。他专职处理放贷收账、干预[PERSON#152]司等机密事务，参与[LOCATION#75]伪造书信案、[PERSON#945]事件等恶行，展现执行者与帮凶的双重性。其夫妇强娶[PERSON#345]等行径暴露主仆利益交换的黑暗面，最终因依附权势作恶成为[LOCATION#63]失势后被清算的典型。
PERSON#8,包勇,荣国府,包勇是《红楼梦》中的虚拟人物，首次登场于第九十三回，原为江南甄府家仆，因甄家败落被推荐至贾府，2010年电视剧《红楼梦》中由谢加起饰演。包勇身长五尺、浓眉长髯，性情耿直忠厚，因痛斥贾雨村忘恩负义遭贾府众人嫌隙，被贬看守园林。贾府衰微之际，盗贼夜窃荣府，包勇深夜持棍追贼，盗贼以掷瓦抵抗，包勇与四五名贼人打斗，并将贼人何三打落房下身亡。后随甄应嘉返回甄府。其从甄家投靠贾家，构成了连通甄、贾两家命运的叙事津梁。角色由高鹗续写塑造，作为后四十回新添的忠仆形象，其存在本身即为贾府走向衰败的伏笔。包勇通过联结甄贾两府叙事，凸显忠义人格，与焦大形成艺术呼应，被视为展现阳刚之美的“末世英雄”。,[PERSON#8]是[BOOK#38]中的虚拟人物，首次登场于第九十三回，原为[LOCATION#43]家仆，因[PERSON#378]败落被推荐至[LOCATION#63]，2010年电视剧[BOOK#38]中由[PERSON#528]饰演。[PERSON#8]身长五尺、浓眉长髯，性情耿直忠厚，因痛斥[PERSON#659]忘恩负义遭[LOCATION#63]众人嫌隙，被贬看[PERSON#151]林。[LOCATION#63]衰微之际，盗贼夜窃[LOCATION#57]，[PERSON#8]深夜持棍追贼，盗贼以掷瓦抵抗，[PERSON#8]与四五名贼人打斗，并将贼人[PERSON#314]打落房下身亡。后随[PERSON#475]返回甄府。其从[PERSON#378]投靠[PERSON#545]，构成了连通甄、[PERSON#534]两家命运的叙事津梁。角色由[PERSON#649]续写塑造，作为后四十回新添的忠仆形象，其存在本身即为[LOCATION#63]走向衰败的伏笔。[PERSON#8]通过联结[PERSON#380]两府叙事，凸显忠义人格，与[PERSON#963]形成艺术呼应，被视为展现阳刚之美的“末世英雄”。
PERSON#211,贾琮,荣国府,贾琮(cóng)，曹雪芹所著的小说《红楼梦》中的角色之一。贾琮，贾赦之子（二子，书中未明说）。在《红楼梦》前80回中是个出场不多，描写很少的一个角色。,[PERSON#211](cóng)，[PERSON#263]所著的小说[BOOK#38]中的角色之一。[PERSON#211]，[PERSON#926]之子（二子，书中未明说）。在[BOOK#38]前80回中是个出场不多，描写很少的一个角色。
PERSON#113,贾芸,其他,贾芸，又称“芸二爷”，是《红楼梦》中的人物，在第十三回“秦可卿死封龙禁尉 王熙风协理宁国府”中初次登场。贾芸家住在贾府附近，父亲早亡，与母亲相依为命。贾芸曾上荣国府找二叔贾琏谋求差事以维持生计，因贾宝玉一句玩笑话，认宝玉作干爹。后来因大观园花木工程一事，他想向二婶王熙凤讨情，向母舅卜世仁赊借香料未果，后得泼皮倪二相助，买了冰片麝香送给王熙凤，成功谋得花木工程差事。在绮霰斋书房，贾芸与怡红院丫头红玉初次相见，但因她是宝玉的丫头，便未问其名。之后因贾宝玉染怪病，贾芸被安排夜里轮班看守，与红玉渐渐熟悉。宝玉病愈后，贾芸随丫头坠儿去怡红院见宝玉，离开时从坠儿口中得知红玉名叫小红，并将自己的手帕当作红玉丢失的交给坠儿转交。据续书，高鹗写贾芸与红玉互换手帕后心意相合，但未交代二人结局。贾府没落后，贾芸与贾环、贾蔷等人厮混，常打闹聚赌，并设计将贾巧姐卖给外藩王爷为妾。贾府被赦后，贾芸被贾琏撵出贾府。贾芸在前八十回中性格伶俐乖巧，善于应变，是正面形象；但在续书中形象突变，与贾蔷等人为伍，甚至设计卖掉贾巧姐，被描写为忘恩负义之徒。贾芸的形象具有正反多面性，是作者隐身叙述方式的结果，其形象也出现在后世诸多《红楼梦》衍生作品中。,[PERSON#113]，又称“[PERSON#467]”，是[BOOK#38]中的人物，在第十三回“[PERSON#548]死封[PERSON#669] [PERSON#339]熙风协理[LOCATION#28]”中初次登场。[PERSON#113]家住在[LOCATION#63]附近，父亲早亡，与母亲相依为命。[PERSON#113]曾上[LOCATION#56]找二叔[PERSON#186_1]谋求差事以维持生计，因[PERSON#733_1]一句玩笑话，认[PERSON#157]作干爹。后来因[LOCATION#20][PERSON#464]木工程一事，他想向二婶[PERSON#433]讨情，向母舅[PERSON#861]赊借香料未果，后得泼皮[PERSON#715]相助，买了冰片麝香送给[PERSON#433]，成功谋得[PERSON#464]木工程差事。在[PERSON#193]斋书房，[PERSON#113]与[LOCATION#36]丫头[PERSON#427]初次相见，但因她是[PERSON#157]的丫头，便未问其名。之后因[PERSON#733_1]染怪病，[PERSON#113]被安排夜里轮班看守，与[PERSON#427]渐渐熟悉。[PERSON#157]病愈后，[PERSON#113]随丫头[PERSON#555]去[LOCATION#36]见[PERSON#157]，离开时从[PERSON#555]口中得知[PERSON#427]名叫[PERSON#686]，并将自己的手帕当作[PERSON#427]丢失的交给[PERSON#555]转交。据续书，[PERSON#649]写[PERSON#113]与[PERSON#427]互换手帕后心意相合，但未交代二人结局。[LOCATION#63]没落后，[PERSON#113]与[PERSON#616]、[PERSON#615]等人厮混，常打闹聚赌，并设计将[PERSON#283]卖给外藩[PERSON#339][PERSON#334]为妾。[LOCATION#63]被赦后，[PERSON#113]被[PERSON#186_1]撵出[LOCATION#63]。[PERSON#113]在前八十回中性格伶俐乖[PERSON#178]，善于应变，是正面形象；但在续书中形象突变，与[PERSON#615]等人为伍，甚至设计卖掉[PERSON#283]，被描写为忘恩负义之徒。[PERSON#113]的形象具有正反多面性，是作者隐身叙述方式的结果，其形象也出现在后世诸多[BOOK#38]衍生作品中。
PERSON#79,贾芹,其他,贾芹是中国古典小说《红楼梦》及其衍生作品中的虚拟人物，贾府草字辈远房子孙，在1987年电视剧版《红楼梦》中由演员马强饰演。其母周氏通过王熙凤为其谋得管理贾府家庙小沙弥、小道士的职事，每月领取分例。贾芹在水月庵招聚匪类夜夜赌钱，并养老婆小子，其劣迹被匿名帖《西贝草斤年纪轻》揭发，导致贾政震怒将其革职查办。贾芹曾在宁府分发年物时贪多求领，遭到贾珍当众训斥。从其在贾府家庙的作为及《红楼梦曲·留余庆》中“奸兄”的暗示来看，贾芹被推测为企图贩卖巧姐的“奸兄”角色。事发后，水月庵小沙弥、小道士均被遣发，贾芹也被贾府疏远。根据大明律卷第二十五 刑律八 犯奸 凡和奸杖八十。,[PERSON#79]是[LOCATION#3]古典小说[BOOK#38]及其衍生作品中的虚拟人物，[LOCATION#63]草字辈远房子孙，在1987年电视剧版[BOOK#38]中由演员[PERSON#646]饰演。其母[PERSON#96]通过[PERSON#433]为其谋得管理[LOCATION#63]家庙小沙弥、小道士的职事，每月领取分例。[PERSON#79]在[LOCATION#41]招聚匪类夜夜赌钱，并养老婆小子，其劣迹被匿名帖[BOOK#52]揭发，导致[PERSON#357]震怒将其革职查办。[PERSON#79]曾在宁府分发年物时贪多求领，遭到[PERSON#452]当众训斥。从其在[LOCATION#63]家庙的作为及[BOOK#43]中“奸[PERSON#34]”的暗示来看，[PERSON#79]被推测为企图贩卖[PERSON#179]的“奸[PERSON#34]”角色。事发后，[LOCATION#41]小沙弥、小道士均被遣发，[PERSON#79]也被[LOCATION#63]疏远。根据大明律卷第二十五 刑律八 犯奸 凡和奸杖八十。
PERSON#601,贾萍,其他,贾萍是古典名著《红楼梦》中虚构的贾府宗族成员，属于贾府第四代“草字头”辈旁支子弟。在第十三回秦可卿丧仪筹备中，他与贾蔷、贾菖等共同参与事务操办；第二十三回被派往铁槛寺管理小沙弥事务时，其名与贾芹、贾藻并列出现，印证其在贾府杂务管理体系中的边缘化角色定位。清虚观事件中，贾萍与贾芸、贾芹等人因畏惧贾珍威严而仓皇躲避的情节，集中展现了贾府旁系子弟的生存状态。 报社总编辑。,[PERSON#601]是古典名著[BOOK#38]中虚构的[LOCATION#63]宗族成员，属于[LOCATION#63]第四代“草字头”辈旁支子[PERSON#187]。在第十三回[PERSON#548]丧仪筹备中，他与[PERSON#615]、[PERSON#573]等共同参与事务操办；第二十三回被派往[LOCATION#75]管理小沙弥事务时，其名与[PERSON#79]、[PERSON#577]并列出现，印证其在[LOCATION#63]杂务管理体系中的边缘[PERSON#62]角色定位。清虚观事件中，[PERSON#601]与[PERSON#113]、[PERSON#79]等人因畏惧[PERSON#452]威严而仓皇躲避的情节，集中展现了[LOCATION#63]旁系子[PERSON#187]的生存状态。 报社总编辑。
PERSON#250,贾芝,其他,贾芝是《红楼梦》中贾氏宗族第五代“草”字辈成员。其姓名遵循贾家五代男子“水、人、文、玉、草”的命名规律，属于以植物命名草字辈的典型代表。在贾府庞大的宗族体系中，贾芝与贾敕、贾效、贾敦等二十余位族亲共同构成宗族支系人物群像。,[PERSON#250]是[BOOK#38]中[PERSON#561]宗族第五代“草”字辈成员。其姓名遵循[PERSON#545]五代男子“水、人、文、[PERSON#336]、草”的命名规律，属于以植物命名草字辈的典型代表。在[LOCATION#63]庞大的宗族体系中，[PERSON#250]与[PERSON#557]、[PERSON#553]、[PERSON#558]等二十余位族亲共同构成宗族支系人物群像。
PERSON#808,戴权,其他,戴权是《红楼梦》中具有特殊权势的宦官，任大明宫掌宫内监。他在秦可卿丧礼期间主动登门贾府，通过"龙禁尉"虚衔售卖帮助贾珍提升葬礼规格，以一千两银价为贾蓉谋得五品龙禁尉官职。这个人物仅凭借不足十句的对话描写，便展现出深谙官场潜规则、操纵权力寻租的典型形象。其"大明宫内相"身份与卖官鬻爵行为，暗示着与四王八公集团的深层政治关联。脂砚斋批语"戴权即大权也"，揭示其作为皇权腐化象征的文学隐喻意义。,[PERSON#808]是[BOOK#38]中具有特殊权势的宦[PERSON#152]，任[LOCATION#19]掌宫内监。他在[PERSON#548]丧礼期间主动登门[LOCATION#63]，通过"[PERSON#669]"虚衔售卖帮助[PERSON#452]提升葬礼规格，以一千两银价为[PERSON#88]谋得五品[PERSON#669][PERSON#152]职。这个人物仅凭借不足十句的对话描写，便展现出深谙[PERSON#152]场潜规则、操纵权力寻租的典型形象。其"[LOCATION#19]内相"身份与卖[PERSON#152]鬻爵行为，暗示着与四[PERSON#339]八公集团的深层政治关联。[PERSON#457]批语"[PERSON#808]即大权也"，揭示其作为皇权腐[PERSON#62]象征的文学隐喻意义。
PERSON#88,贾蓉,宁国府,贾蓉，又称蓉哥，是《红楼梦》中的人物，其名首见于第二回《贾夫人仙逝扬州城 冷子兴演说荣国府》，初次登场于第六回《贾宝玉初试云雨情 刘姥姥一进荣国府》，是宁国府贾珍之子、秦可卿之夫。贾蓉出场时十七八岁，面目清秀、身材俊俏、衣着华丽，与王熙凤关系亲近，参与了王熙凤为整治贾瑞所设的相思局。二十岁时，其妻秦可卿去世，贾珍为他捐得龙禁尉。作为贾府长房长孙，贾蓉参与了贾府诸多重要活动，如筹建大观园、除夕祭宗祠、元宵开夜宴等。其祖父贾敬治丧期间，他与两位姨母尤二姐、尤三姐关系暧昧，还设法促成贾琏偷娶尤二姐一事；事发后遭王熙凤痛骂，在王熙凤引导下决定花钱平息。续作中，贾蓉与继母尤氏、父亲贾珍等人先后患异症，引发贾府恐慌，后经法师作法风波得平。宁国府被抄后，一应财物被没收，贾蓉被捕，最终因察无罪而获释。贾蓉的名字谐音“假荣”，恰如其分地揭示了他的角色特质：一方面，他斥资捐得的“龙禁尉”官职徒有虚名；另一方面，他华美外表下藏着荒淫无耻的灵魂，轻浮油滑、糜烂放纵，身为贾府“草”字辈长房长孙却胡作非为，对贾府的衰败负有不可推卸的责任。他的形象正是贾府外表奢华、内里腐朽的“假荣”本质的生动注脚，也在多部《红楼梦》影视作品中得到演绎。,[PERSON#88]，又称[PERSON#489]，是[BOOK#38]中的人物，其名首见于第二回[BOOK#57]，初次登场于第六回[BOOK#58]，是[LOCATION#28][PERSON#452]之子、[PERSON#548]之夫。[PERSON#88]出场时十七八岁，面目清秀、身材俊俏、衣着华丽，与[PERSON#433]关系亲近，参与了[PERSON#433]为整治[PERSON#223]所设的相思局。二十岁时，其妻[PERSON#548]去世，[PERSON#452]为他捐得[PERSON#669]。作为[LOCATION#63]长房长孙，[PERSON#88]参与了[LOCATION#63]诸多重要活动，如筹建[LOCATION#20]、除夕祭宗祠、元宵开夜宴等。其祖父[PERSON#171]治丧期间，他与两位姨母[PERSON#945]、[PERSON#521]关系暧昧，还设法促成[PERSON#186_1]偷娶[PERSON#945]一事；事发后遭[PERSON#433]痛骂，在[PERSON#433]引导下决定[PERSON#464]钱平息。续作中，[PERSON#88]与继母[PERSON#777]、父亲[PERSON#452]等人先后患异症，引发[LOCATION#63]恐慌，后经法师作法风波得平。[LOCATION#28]被抄后，一应财物被没收，[PERSON#88]被捕，最终因察无罪而获释。[PERSON#88]的名字谐音“[PERSON#25]”，恰如其分地揭示了他的角色特质：一方面，他斥资捐得的“[PERSON#669]”[PERSON#152]职徒有虚名；另一方面，他华美外表下藏着荒淫无耻的灵魂，轻浮油滑、糜烂放纵，身为[LOCATION#63]“草”字辈长房长孙却胡作非为，对[LOCATION#63]的衰败负有不可推卸的责任。他的形象正是[LOCATION#63]外表奢华、内里腐朽的“[PERSON#25]”本质的生动注脚，也在多部[BOOK#38]影视作品中得到演绎。
PERSON#797,来旺媳妇,荣国府,来旺媳妇是清代小说《红楼梦》中的人物，作为王熙凤的佣人，负责经管代理事务。该人物首次出现于凤姐协理宁国府秦可卿丧事时，率众伺候。第七十二回中，来旺夫妇为其子求娶彩霞时，通过贾琏夫妇的对话展现出其在贾府内部事务中的运作方式。,[PERSON#797]是清代小说[BOOK#38]中的人物，作为[PERSON#433]的佣人，负责经管代理事务。该人物首次出现于[PERSON#53]协理[LOCATION#28][PERSON#548]丧事时，率众伺候。第七十二回中，[PERSON#278]夫妇为其子求娶[PERSON#345]时，通过[PERSON#186_1]夫妇的对话展现出其在[LOCATION#63]内部事务中的运作方式。
PERSON#347,王兴家的,荣国府,王兴家的是《红楼梦》中一个着墨不多却颇具代表性的荣国府下层管事媳妇。她主要在第十三、十四回“王熙凤协理宁国府”的情节中登场，其形象与职责清晰地展现了贾府内部繁杂的日常运作体系。作为荣国府的办事人员，她在秦可卿丧事期间，奉命前往协理宁、荣两府事务的王熙凤处“领牌取线，以打车轿网络”，其行事需严格遵守府内“对牌”领物的财务流程。这一情节虽简短，却成为王熙凤展现其精明干练、威重令行管理风格的一个生动注脚——王兴家的规规矩矩递帖回话，与前后那些因差错被驳、因迟到受罚的下人形成对比，从侧面印证了凤姐“说一不二”的治理成效。这个人物如同一枚精准的齿轮，她的出现，让读者得以窥见古典贵族世家庞大家务管理中，那套等级森严、手续分明且高效运转的日常逻辑。,[PERSON#347]是[BOOK#38]中一个着墨不多却颇具代表性的[LOCATION#56]下层管事媳妇。她主要在第十三、十四回“[PERSON#433]协理[LOCATION#28]”的情节中登场，其形象与职责清晰地展现了[LOCATION#63]内部繁杂的日常运作体系。作为[LOCATION#56]的办事人员，她在[PERSON#548]丧事期间，奉命前往协理宁、荣两府事务的[PERSON#433]处“领牌取线，以打车轿网络”，其行事需严格遵守府内“对牌”领物的财务流程。这一情节虽简短，却成为[PERSON#433]展现其精明干练、威重令行管理风格的一个生动注脚——[PERSON#347]规规矩矩递帖回话，与前后那些因差错被驳、因迟到受罚的下人形成对比，从侧面印证了[PERSON#53]“说一不二”的治理成效。这个人物如同一枚精准的齿轮，她的出现，让读者得以窥见古典贵族世家庞大家务管理中，那套等级森严、手续分明且高效运转的日常逻辑。
PERSON#833,张材家的,荣国府,张材家的是清代小说《红楼梦》中荣国府的底层仆妇，为男仆张材之妻，首次出场于第十四回。其身份属贾府世仆家族成员，日常负责传递物品、支领银钱等杂务，是封建大家族后勤体系的基层执行者。在协理宁国府期间，曾递交裁缝工银领帖供王熙凤审批，展现其在贾府财务流程中的职能。第三十九回陪同刘姥姥时，通过谈论宴席螃蟹价格，侧面揭示贵族与平民的物质差异。该角色多次经手银钱支取事务，如第二十七回领取绣匠工价时需当面核验银两，凸显其作为财务经手人的职责。霍克斯英译本第四十五回的校勘案例，证实其在原著场景中的客观存在。作为贾府日常运作的微观观察者，通过日常差事和闲谈对话，折射出封建家族管理体系与阶级差异，成为展现清代贵族生活图景的叙事支点。,[PERSON#833]是清代小说[BOOK#38]中[LOCATION#56]的底层仆妇，为男仆[PERSON#198]之妻，首次出场于第十四回。其身份属[LOCATION#63]世仆家族成员，日常负责传递物品、支领银钱等杂务，是封建大家族后勤体系的基层执行者。在协理[LOCATION#28]期间，曾递交裁缝工银领帖供[PERSON#433]审批，展现其在[LOCATION#63]财务流程中的职能。第三十九回陪同[PERSON#456]时，通过谈论宴席螃蟹价格，侧面揭示贵族与平民的物质差异。该角色多次经手银钱支取事务，如第二十七回领取绣匠工价时需当面核验银两，凸显其作为财务经手人的职责。霍克斯英译本第四十五回的校勘案例，证实其在原著场景中的客观存在。作为[LOCATION#63]日常运作的微观观察者，通过日常差事和闲谈对话，折射出封建家族管理体系与阶级差异，成为展现清代贵族生活图景的叙事支点。
PERSON#934,昭儿,荣国府,昭儿是小说《红楼梦》中贾琏的贴身小厮，隶属贾府仆役群体，属于"十二儿"中的次要角色。他主要承担传信、随行等差事，曾受命前往苏州传报林如海去世消息，并汇报贾琏护送林黛玉及灵柩回京的安排。后随贾琏赴苏州时向王熙凤报告林如海去世的消息，并转达贾琏的行程安排。,[PERSON#934]是小说[BOOK#38]中[PERSON#186_1]的贴身小厮，隶属[LOCATION#63]仆役群体，属于"[PERSON#64]"中的次要角色。他主要承担传信、随行等差事，曾受命前往[LOCATION#55]传报[PERSON#377]去世消息，并汇报[PERSON#186_1]护送[PERSON#41]及灵柩回[LOCATION#5]的安排。后随[PERSON#186_1]赴[LOCATION#55]时向[PERSON#433]报告[PERSON#377]去世的消息，并转达[PERSON#186_1]的行程安排。
PERSON#291,王仁,其他,王仁是清代小说《红楼梦》中的虚构人物，出自四大家族之一的王家，身份为王家长子，系王熙凤胞兄、贾巧姐舅父，其名字谐音“忘仁”，首次出现于通行本第114回。王仁作为金陵王家嫡长子，其胞妹王熙凤嫁入贾府并成为管家少奶奶。在程高本续书中，王仁被塑造为薄情寡义的反面角色，于王熙凤病逝后，在贾府败落之际非但不施援手，反而参与谋害外甥女贾巧姐的阴谋。该人物未见于前八十回原作，属续书作者新增形象。,[PERSON#291]是清代小说[BOOK#38]中的虚构人物，出自四大家族之一的[PERSON#339]家，身份为[PERSON#339]家长子，系[PERSON#433]胞[PERSON#34]、[PERSON#283]舅父，其名字谐音“[PERSON#215]”，首次出现于通行本第114回。[PERSON#291]作为[LOCATION#72][PERSON#339]家嫡长子，其胞妹[PERSON#433]嫁入[LOCATION#63]并成为管家少奶奶。在[PERSON#412]续书中，[PERSON#291]被塑造为薄情寡义的反面角色，于[PERSON#433]病逝后，在[LOCATION#63]败落之际非但不施援手，反而参与谋害外甥女[PERSON#283]的阴谋。该人物未见于前八十回原作，属续书作者新增形象。
PERSON#691,智善,其他,智善是《红楼梦》中水月庵的小尼姑，隶属净虚的徒弟群体，与智能儿、智通等同门。作为贾府宗教环境的组成部分，其存在展现了封建贵族家庭与宗教场所的关联性，并通过群体设定丰富了小说社会背景的刻画层次。该角色未参与主线情节，仅在背景性场景中被间接提及。,[PERSON#691]是[BOOK#38]中[LOCATION#41]的小尼姑，隶属[PERSON#532]的徒[PERSON#187]群体，与[PERSON#117]、[PERSON#575]等同门。作为[LOCATION#63]宗教环境的组成部分，其存在展现了封建贵族家庭与宗教场所的关联性，并通过群体设定丰富了小说社会背景的刻画层次。该角色未参与主线情节，仅在背景性场景中被间接提及。
PERSON#162,胡老爷,其他,胡老爷是《红楼梦》第十五回提及的虚构官员，其太太诞育公子后委托水月庵尼姑净虚主持《血盆经》法事并支付十两酬金。该事件发生于秦可卿丧礼期间，通过净虚与王熙凤的对话侧面展现胡府与贾府的社会关联。作者通过该情节对官宦人家请僧尼做佛事进行讽刺，脂砚斋批注以"胡姓"暗喻"糊涂"之意。,[PERSON#162]是[BOOK#38]第十五回提及的虚构[PERSON#152]员，其[PERSON#911]诞育公子后委托[LOCATION#41]尼姑[PERSON#532]主持[BOOK#49]法事并支付十两酬金。该事件发生于[PERSON#548]丧礼期间，通过[PERSON#532]与[PERSON#433]的对话侧面展现[PERSON#451]与[LOCATION#63]的社会关联。作者通过该情节对[PERSON#152]宦人家请僧尼做佛事进行讽刺，[PERSON#457]批注以"胡姓"暗喻"糊涂"之意。
PERSON#566,李二,其他,李二是中国古典小说《红楼梦》中的虚构人物，职业为酒店老板，于小说第八十六回首次登场。李二因店内发生当槽儿被杀事件被官府传唤作证，但因惧怕凶手权势未敢如实陈述案情真相。该角色作为命案相关证人出现，其言行展现出市井人物面对权势压迫时的生存状态。,[PERSON#566]是[LOCATION#3]古典小说[BOOK#38]中的虚构人物，职业为酒店老板，于小说第八十六回首次登场。[PERSON#566]因店内发生当槽儿被杀事件被[PERSON#152]府传唤作证，但因惧怕凶手权势未敢如实陈述案情真相。该角色作为命案相关证人出现，其言行展现出市井人物面对权势压迫时的生存状态。
PERSON#346_1,赖大,荣国府,赖大是《红楼梦》中贾府荣国府大总管，家生子儿出身，母赖嬷嬷因服侍贾府老主子获贾母尊崇。其弟赖二任宁国府总管，兄弟二人形成贾府奴仆阶层最高等级。赖大少言精明，主持元妃省亲大观园工程时掌管账目人事，借职权贪污公款，拥有私家花园，探春曾效仿其经验改革大观园。为子赖尚荣脱籍并捐得知县官职，赖尚荣三十岁转实职后结交世家公子。赖大发家全程依赖贾府权势，既体现封建家族内部腐化，又反映底层仆从的生存智慧。赖氏家族通过奴仆身份完成阶层跃升，成为贾府奴仆群体中唯一的大富豪。,[PERSON#346_1]是[BOOK#38]中[LOCATION#67]大总管，家生子儿出身，母[PERSON#812]因服侍[LOCATION#63]老主子获[PERSON#972]尊崇。其[PERSON#187]赖二任[LOCATION#28]总管，[PERSON#699]二人形成[LOCATION#63]奴仆阶层最高等级。[PERSON#346_1]少言精明，主持[PERSON#32]省亲[LOCATION#20]工程时掌管账目人事，借职权贪污公款，拥有私家[PERSON#464]园，[PERSON#237]曾效仿其经验改革[LOCATION#20]。为子[PERSON#745]脱籍并捐得知县[PERSON#152]职，[PERSON#745]三十岁转实职后结交世家公子。[PERSON#346_1]发家全程依赖[LOCATION#63]权势，既体现封建家族内部腐[PERSON#62]，又反映底层仆从的生存智慧。赖氏家族通过奴仆身份完成阶层跃升，成为[LOCATION#63]奴仆群体中唯一的大富豪。
PERSON#715,倪二,其他,倪二是《红楼梦》中的市井人物，绰号"醉金刚"，名列"红楼四侠"之一。他外表凶悍，以放高利贷、混迹赌场为生，但内心侠义，在贾芸困境时主动提供无息借款，展现了市井智慧与义气。倪二与贾芸的互动反映了不同阶层的相互影响，其豪爽性格和因人而异的处事方式令人敬佩。,[PERSON#715]是[BOOK#38]中的市井人物，绰号"醉金刚"，名列"红楼四侠"之一。他外表凶悍，以放高利贷、混迹赌场为生，但内心侠义，在[PERSON#113]困境时主动提供无息借款，展现了市井智慧与义气。[PERSON#715]与[PERSON#113]的互动反映了不同阶层的相互影响，其豪爽性格和因人而异的处事方式令人敬佩。
PERSON#752,赵嬷嬷,荣国府,赵嬷嬷是清代小说《红楼梦》中的人物，贾琏的乳母。她在第十六回出场，因元春晋封时到贾琏处托请为其子谋差事，受到王熙凤热情款待。赵嬷嬷因哺乳关系在贾府中享有特殊地位，被视为满族主仆关系中乳母地位的代表。赵嬷嬷是贾琏的奶娘，虽身份为奴仆，但因贾琏生母早逝、继母刻薄，贾琏将赵嬷嬷视为母亲般孝顺。其两个儿子在王熙凤帮助下获得采买差事。与李嬷嬷相比，赵嬷嬷因贾琏视其如母而备受尊敬，且为人安分守己，善于言辞。,[PERSON#752]是清代小说[BOOK#38]中的人物，[PERSON#186_1]的乳母。她在第十六回出场，因[PERSON#33]晋封时到[PERSON#186_1]处托请为其子谋差事，受到[PERSON#433]热情款待。[PERSON#752]因哺乳关系在[LOCATION#63]中享有特殊地位，被视为满族主仆关系中乳母地位的代表。[PERSON#752]是[PERSON#186_1]的奶娘，虽身份为奴仆，但因[PERSON#186_1]生母早逝、继母刻薄，[PERSON#186_1]将[PERSON#752]视为母亲般孝顺。其两个儿子在[PERSON#433]帮助下获得采买差事。与[PERSON#262]相比，[PERSON#752]因[PERSON#186_1]视其如母而备受尊敬，且为人安分守己，善于言辞。
PERSON#629,林之孝,荣国府,林之孝系《红楼梦》中贾府管理层核心人物，位列赖大之后担任二总管职务，主管银库账房事务。其妻为荣国府管家婆子，被王熙凤认作干女儿，夫妻二人虽表面呈现"天聋地哑"的木讷形象，实则具备大智若愚的处世智慧。他们将女儿林红玉（小红）刻意安排在怡红院担任粗使丫鬟，通过低位历练为脱离奴籍作长远谋划，该决策深刻体现出其深藏不露的精明特质。,[PERSON#629]系[BOOK#38]中[LOCATION#63]管理层核心人物，位列[PERSON#346_1]之后担任二总管职务，主管银库账房事务。其妻为[LOCATION#56]管家婆子，被[PERSON#433]认作干女儿，夫妻二人虽表面呈现"天聋地哑"的木讷形象，实则具备大智若愚的处世智慧。他们将女儿[PERSON#284]（[PERSON#686]）刻意安排在[LOCATION#36]担任粗使丫鬟，通过低位历练为脱离奴籍作长远谋划，该决策深刻体现出其深藏不露的精明特质。
PERSON#39,程日兴,荣国府,程日兴是清代小说《红楼梦》中的男性角色，贾府清客之一，职业为古董商人。其名谐音"乘日兴"，暗含依附权贵之意。他参与大观园建设工作，擅长绘制美人图，被贾宝玉赞为"绝技"。曾为薛蟠置办鲜藕、鲟鱼等四样珍贵礼物彰显交际能力。该角色通过古董鉴赏与绘画技艺串联贾府兴衰，折射清代文人门客的生存状态。曹雪芹借其进退得失展现豪门幕僚的生态。,[PERSON#39]是清代小说[BOOK#38]中的男性角色，[LOCATION#63]清客之一，职业为古董商人。其名谐音"[PERSON#4]"，暗含依附权贵之意。他参与[LOCATION#20]建设工作，擅长绘制美人图，被[PERSON#733_1]赞为"绝技"。曾为[PERSON#346]置办鲜藕、鲟鱼等四样珍贵礼物彰显交际能力。该角色通过古董鉴赏与绘画技艺串联[LOCATION#63]兴衰，折射清代文人门客的生存状态。[PERSON#263]借其进退得失展现豪门幕僚的生态。
PERSON#250_1,夏金桂,其他,夏金桂，女，是《红楼梦》中的人物，首次登场于第七十九回“薛文龙悔娶河东狮 贾迎春误嫁中山狼”，为薛蟠之妻。夏金桂是长安富商“桂花夏家”独女，父亲早亡，寡母娇养溺爱，使其性情乖僻。十七岁嫁给薛蟠后，她骄横跋扈，意欲展现当家奶奶的威风，压迫薛蟠，并蛮横地将香菱的名字改为秋菱。随后，她为摆布香菱，放任丫鬟宝蟾引诱薛蟠，设计离间薛蟠与香菱，使香菱备受折磨。薛蟠染上官司后，夏金桂更加肆意妄为，在家中吵闹打骂，搅得家宅不宁，见薛蝌人品出众，竟生邪念，多次挑逗勾引。最终，她对香菱下毒手，却阴差阳错误服毒汤而亡。夏金桂虽具女儿之身，却兼有风雷之性，是书中一个“异端”式的反面典型。她自小娇生惯养，养成“盗跖的性气”，野心勃勃，最终落得悲惨下场，对现实社会的子女教育具有警示意义。从另一角度看，她的妒忌与泼辣是在男权意识制约下被放大的情绪，是一夫多妻家庭中女性的正常反应，对推动一夫多妻制向一夫一妻制过渡具有一定进步意义。她的复杂形象也出现在电视剧《红楼梦》、戏曲《宝蟾送酒》等衍生作品中。,[PERSON#250_1]，女，是[BOOK#38]中的人物，首次登场于第七十九回“[PERSON#505]悔娶[PERSON#308] [PERSON#230]误嫁[PERSON#2]”，为[PERSON#346]之妻。[PERSON#250_1]是[LOCATION#76]富商“[PERSON#297]”独女，父亲早亡，寡母娇养溺爱，使其性情乖僻。十七岁嫁给[PERSON#346]后，她骄横跋扈，意欲展现当家奶奶的威风，压迫[PERSON#346]，并蛮横地将[PERSON#645]的名字改为[PERSON#401]。随后，她为摆布[PERSON#645]，放任丫鬟[PERSON#842]引诱[PERSON#346]，设计离间[PERSON#346]与[PERSON#645]，使[PERSON#645]备受折磨。[PERSON#346]染上[PERSON#152]司后，[PERSON#250_1]更加肆意妄为，在家中吵闹打骂，搅得家宅不宁，见[PERSON#684]人品出众，竟生邪念，多次挑逗勾引。最终，她对[PERSON#645]下毒手，却阴差阳错误服毒汤而亡。[PERSON#250_1]虽具女儿之身，却兼有风雷之性，是书中一个“异端”式的反面典型。她自小娇生惯养，养成“盗跖的性气”，野心勃勃，最终落得悲惨下场，对现实社会的子女教育具有警示意义。从另一角度看，她的妒忌与泼辣是在男权意识制约下被放大的情绪，是一夫多妻家庭中女性的正常反应，对推动一夫多妻制向一夫一妻制过渡具有一定进步意义。她的复杂形象也出现在电视剧[BOOK#38]、戏曲[BOOK#20]等衍生作品中。
PERSON#105,林之孝家的,荣国府,林之孝家的，中国古典小说《红楼梦》中人物，荣国府管家林之孝之妻，林红玉（小红）之母。为人行事低调，与其夫被喻为“天聋地哑”，虽身处管家高位却依然保持低调作风，但常借职务之便谋取私利。林之孝家的巡夜时查获柳五儿所携茯苓霜，随即带人搜查厨房缴获玫瑰露，借此安排秦显家的临时接管厨房事务。秦显家的为谋取职位，向其秘密赠送一篓炭、五百斤木柴及一担粳米。后因柳家的无罪获释，秦显家的所送财物尽数损失。,[PERSON#105]，[LOCATION#3]古典小说[BOOK#38]中人物，[LOCATION#56]管家[PERSON#629]之妻，[PERSON#284]（[PERSON#686]）之母。为人行事低调，与其夫被喻为“天聋地哑”，虽身处管家高位却依然保持低调作风，但常借职务之便谋取私利。[PERSON#105]巡夜时查获[PERSON#314_1]所携茯苓霜，随即带人搜查[LOCATION#14]缴获玫瑰露，借此安排[PERSON#241]临时接管[LOCATION#14]事务。[PERSON#241]为谋取职位，向其秘密赠送一篓炭、五百斤木柴及一担粳米。后因[PERSON#366]无罪获释，[PERSON#241]所送财物尽数损失。
PERSON#765_1,怡红院,荣国府,怡红院是《红楼梦》中贾宝玉的住所，为大观园的核心景观之一。该院落初名‘红香绿玉’，元春省亲时因避讳“绿玉”暗指黛玉，改题‘怡红快绿’并正式定名。院内种植芭蕉和西府海棠（又名“女儿棠”，其“红若施脂，弱如扶病”的形态象征宝玉的人格特质），建筑以雕空玲珑木板装饰，包含‘流云百蝠’‘岁寒三友’等镂刻纹样，室内设有琴、剑、悬瓶等嵌壁装饰。贾宝玉因居所得号‘怡红公子’，其题诗“绿蜡春犹卷”原为“绿玉”，经宝钗提示援引唐诗典故改为绿蜡。1984年，北京市西城区在南菜园街12号建造大观园影视基地，怡红院成为87版《红楼梦》电视剧的主要取景地。电视剧拍摄结束后，该景区作为文化景点对外开放，院内现存贾宝玉雕像及相关场景陈设。,[LOCATION#36]是[BOOK#38]中[PERSON#733_1]的住所，为[LOCATION#20]的核心景观之一。该院落初名‘[PERSON#428]’，[PERSON#33]省亲时因避讳“[PERSON#435]”暗指[PERSON#666]，改题‘[PERSON#219]’并正式定名。院内种植芭蕉和[PERSON#519]（又名“[PERSON#128]”，其“红若施脂，弱如扶病”的形态象征[PERSON#157]的人格特质），建筑以雕空玲珑木板装饰，包含‘[PERSON#312]’‘[PERSON#175]’等镂刻纹样，室内设有琴、剑、悬瓶等嵌壁装饰。[PERSON#733_1]因居所得号‘[PERSON#218]’，其题诗“[PERSON#437]”原为“[PERSON#435]”，经[PERSON#159]提示援引唐诗典故改为[PERSON#436]。1984年，北[LOCATION#5]市西城区在南菜园街12号建造[LOCATION#20]影视基地，[LOCATION#36]成为87版[BOOK#38]电视剧的主要取景地。电视剧拍摄结束后，该景区作为文[PERSON#62]景点对外开放，院内现存[PERSON#733_1]雕像及相关场景陈设。
PERSON#537,龄官,荣国府,龄官是清代小说《红楼梦》中的女性角色，为贾府采买的十二位戏班成员之一，工小旦行当，曾饰演《钗钏记》剧目。其容貌气质与林黛玉相似，性情敏感孤傲，与贾蔷相恋。元妃省亲时因拒绝串演非本角戏目《游园》《惊梦》而彰显个性，后于蔷薇架下反复书写“蔷”字表露痴情。贾宝玉欲听其演唱《牡丹亭》遭拒，目睹贾蔷为其买雀解闷反遭斥责后，悟得“各人得各人眼泪”之理。该角色通过五次出场情节，串联起元妃省亲、宝钗生辰、画蔷事件等重要场景，存在离府或病故两种推断。,[PERSON#537]是清代小说[BOOK#38]中的女性角色，为[LOCATION#63]采买的十二位戏班成员之一，工小旦行当，曾饰演[BOOK#64]剧目。其容貌气质与[PERSON#41]相似，性情敏感孤傲，与[PERSON#615]相恋。[PERSON#32]省亲时因拒绝串演非本角戏目[BOOK#29][BOOK#23]而彰显个性，后于[LOCATION#59]反复书写“[PERSON#491]”字表露痴情。[PERSON#733_1]欲听其演唱[BOOK#31]遭拒，目睹[PERSON#615]为其买雀解闷反遭斥责后，悟得“各人得各人眼泪”之理。该角色通过五次出场情节，串联起[PERSON#32]省亲、[PERSON#159]生辰、画[PERSON#491]事件等重要场景，存在离府或病故两种推断。
PERSON#616,贾环,荣国府,贾环，《红楼梦》中人物，荣国府贾政与妾室赵姨娘所生，贾宝玉同父异母的弟弟，人称环三爷。贾环颇为顽劣，正月里赶围棋玩耍时，对薛宝钗的丫头莺儿撒泼耍赖，进而在母亲前撒谎污蔑宝玉、莺儿。贾环十分忌恨其嫡兄贾宝玉，多次陷害宝玉。故意拨翻烛台 ，烫伤宝玉。金钏跳井事件后，诬陷宝玉，使得宝玉遭受贾政毒打。贾环在贾家本是正经主子，即使是庶出，因为父亲的缘故其地位是高的，但他自己并没有意识到这一点，颇不思上进，他本理应是众人巴结攀附的对象。然而，正由于他的客观存在是宝玉继承家业的潜在威胁，王氏姑侄处处贬抑贾环，加之贾母不喜，众人更是踩到他头上。封建大家族宗法规矩，长幼有别，嫡庶差异，附势奴才，亲疏远近等像多面万花筒一样，早早呈现在贾环面前。曹雪芹对遭受不公平待遇的庶子的描写更多是怀着可恕可怜之情的。,[PERSON#616]，[BOOK#38]中人物，[LOCATION#56][PERSON#357]与妾室[PERSON#234]所生，[PERSON#733_1]同父异母的[PERSON#187][PERSON#187]，人称[PERSON#365]。[PERSON#616]颇为顽劣，正月里赶围棋玩耍时，对[PERSON#680]的丫头[PERSON#641]撒泼耍赖，进而在母亲前撒谎污蔑[PERSON#157]、[PERSON#641]。[PERSON#616]十分忌恨其嫡[PERSON#34][PERSON#733_1]，多次陷害[PERSON#157]。故意拨翻烛台 ，烫伤[PERSON#157]。[PERSON#696]跳井事件后，诬陷[PERSON#157]，使得[PERSON#157]遭受[PERSON#357]毒打。[PERSON#616]在[PERSON#545]本是正经主子，即使是庶出，因为父亲的缘故其地位是高的，但他自己并没有意识到这一点，颇不思上进，他本理应是众人巴结攀附的对象。然而，正由于他的客观存在是[PERSON#157]继承家业的潜在威胁，[PERSON#356]姑侄处处贬抑[PERSON#616]，加之[PERSON#972]不喜，众人更是踩到他头上。封建大家族宗法规矩，长幼有别，嫡庶差异，附势奴才，亲疏远近等像多面万[PERSON#464]筒一样，早早呈现在[PERSON#616]面前。[PERSON#263]对遭受不公平待遇的庶子的描写更多是怀着可恕可怜之情的。
PERSON#518,花自芳,其他,花自芳是清代小说《红楼梦》中的虚拟角色，由演员耿首春饰演，为怡红院大丫鬟花袭人的兄长。该角色首次出现于原著第十九回，因家境贫困与父母将袭人卖入贾府为婢，父亲去世后家境改善时曾商议赎回其妹。贾宝玉曾私访花家，花自芳殷勤接待并亲自护送宝玉返回贾府。根据原著第一二〇回描写，其妻与亲戚促成袭人嫁给蒋玉菡为妻。花自芳在命运转折中始终以恭顺态度对待贾府主子，表现出随遇而安的性格特征。,[PERSON#518]是清代小说[BOOK#38]中的虚拟角色，由演员[PERSON#447]饰演，为[LOCATION#36]大丫鬟[PERSON#464][PERSON#512]的[PERSON#34]长。该角色首次出现于原著第十九回，因家境贫困与父母将[PERSON#512]卖入[LOCATION#63]为婢，父亲去世后家境改善时曾商议赎回其妹。[PERSON#733_1]曾私访[PERSON#464]家，[PERSON#518]殷勤接待并亲自护送[PERSON#157]返回[LOCATION#63]。根据原著第一二〇回描写，其妻与亲戚促成[PERSON#512]嫁给[PERSON#375]为妻。[PERSON#518]在命运转折中始终以恭顺态度对待[LOCATION#63]主子，表现出随遇而安的性格特征。
PERSON#193,绮霰,荣国府,绮霰：古典名著《红楼梦》的人物（首见于第二十回，后在第二十七回等有出场），宝玉的大丫鬟，怡红院的小丫头都称她为“绮大姐姐”。通行本中也作“绮霞”。,[PERSON#193]：古典名著[BOOK#38]的人物（首见于第二十回，后在第二十七回等有出场），[PERSON#157]的大丫鬟，[LOCATION#36]的[PERSON#368]都称她为“绮大姐姐”。通行本中也作“[PERSON#434]”。
PERSON#824,碧痕,荣国府,碧痕是《红楼梦》中贾宝玉房中丫鬟，属怡红院大丫鬟之一，在原著第20、24、26、31、77回登场，位列“又副册”第三册。其性格泼辣善妒、牙尖嘴利，虽未被王夫人驱逐，但地位低于袭人、晴雯等主事丫鬟，书中未直接描写其外貌。作为宝玉贴身侍女，曾与秋纹共同排挤试图接近宝玉的小红，并威胁剥夺其工作权限。最受争议的是服侍宝玉洗澡长达两三个时辰，导致屋内积水漫至床腿，该细节通过晴雯之口揭露。部分学者推测其名“碧痕”暗含“碧浪”“必恨”谐音，或与宝玉玉饰水痕关联，象征身份卑微。虽与晴雯有过言语冲突并占据上风，但在晴雯被逐时仍参与集体求情，最终结局推测为到期离府嫁人。,[PERSON#824]是[BOOK#38]中[PERSON#733_1]房中丫鬟，属[LOCATION#36]大丫鬟之一，在原著第20、24、26、31、77回登场，位列“又副册”第三册。其性格泼辣善妒、牙尖嘴利，虽未被[PERSON#15_1]驱逐，但地位低于[PERSON#512]、[PERSON#414]等主事丫鬟，书中未直接描写其外貌。作为[PERSON#157]贴身侍女，曾与[PERSON#498]共同排挤试图接近[PERSON#157]的[PERSON#686]，并威胁剥夺其工作权限。最受争议的是服侍[PERSON#157]洗澡长达两三个时辰，导致屋内积水漫至床腿，该细节通过[PERSON#414]之口揭露。部分学者推测其名“[PERSON#824]”暗含“[PERSON#398]”“[PERSON#214]”谐音，或与[PERSON#157][PERSON#336]饰水痕关联，象征身份卑微。虽与[PERSON#414]有过言语冲突并占据上风，但在[PERSON#414]被逐时仍参与集体求情，最终结局推测为到期离府嫁人。
PERSON#660,史湘云,其他,史湘云是中国古典名著《红楼梦》中的主要人物，金陵十二钗正册第五位，史家千金，贾母内侄孙女，别称史大姑娘、枕霞旧友，由郭霄珍、马晓灿等演员饰演。史湘云自幼父母双亡，寄养于叔婶家，因家道中落需自理针线，常居贾府显露豁达性情，曾直言戏子容貌肖似林黛玉，醉卧芍药裀、偶填柳絮词等情节广为人知，判词“湘江水逝楚云飞”暗示其婚后守寡的孤凄结局。她兼具诗才敏捷与男儿气概，在芦雪庵联诗夺魁，常着男装烤鹿肉，被评“霁月光风耀玉堂”，体健貌端不染闺阁病弱，行事率真兼具侠义心肠。,[PERSON#660]是[LOCATION#3]古典名著[BOOK#38]中的主要人物，[LOCATION#72][PERSON#65]正册第五位，[PERSON#82]千金，[PERSON#972]内侄孙女，别称[PERSON#80]、[PERSON#280]，由郭霄珍、马晓灿等演员饰演。[PERSON#660]自幼父母双亡，寄养于叔婶家，因家道中落需自理针线，常居[LOCATION#63]显露豁达性情，曾直言戏子容貌肖似[PERSON#41]，醉卧芍药裀、偶填柳絮词等情节广为人知，判词“[LOCATION#47]水逝楚云飞”暗示其婚后守寡的孤凄结局。她兼具诗才敏捷与男儿气概，在芦雪庵联诗夺魁，常着男装烤鹿肉，被评“霁月光风耀[PERSON#336]堂”，体健貌端不染闺阁病弱，行事率真兼具侠义心肠。
PERSON#234,赵姨娘,荣国府,赵姨娘是曹雪芹所著长篇小说《红楼梦》中的人物。她是贾政之妾，贾环和贾探春的生母。性格粗鄙、愚昧却又爱争强好胜、搬弄是非。,[PERSON#234]是[PERSON#263]所著长篇小说[BOOK#38]中的人物。她是[PERSON#357]之妾，[PERSON#616]和[PERSON#748]的生母。性格粗鄙、愚昧却又爱争强好胜、搬弄是非。
PERSON#839,翠缕,其他,翠缕是曹雪芹小说《红楼梦》中史湘云的贴身丫鬟，首次明确出场于第三十一回。原为贾母房中的侍女，因性格活泼率真被指派给史湘云，其名取自郑谷诗句“柳近清明翠缕长”。主仆二人性情相投，形成深厚陪伴关系。她以天真烂漫著称，曾与史湘云讨论阴阳理论，直言追问“人的阴阳”，并将抽象概念转化为“姑娘是阳，我是阴”的等级观念，引发笑谈。在大观园情节中，曾参与金麒麟事件，帮助湘云拾得宝玉遗落的麒麟，暗合“因麒麟伏白首双星”的谶语结构。作为史湘云形象的延伸，其直率性格既强化了主子的豪爽特质，又通过石榴树阴阳之辩暗伏贾元春得宠及子嗣命运的线索。角色设计既串联起贾史两府的命运关联，也折射出作者对封建等级制度的隐喻性批判。,[PERSON#839]是[PERSON#263]小说[BOOK#38]中[PERSON#660]的贴身丫鬟，首次明确出场于第三十一回。原为[PERSON#972]房中的侍女，因性格活泼率真被指派给[PERSON#660]，其名取自[PERSON#602]诗句“[PERSON#295][PERSON#839]长”。主仆二人性情相投，形成深厚陪伴关系。她以天真烂漫著称，曾与[PERSON#660]讨论阴阳理论，直言追问“人的阴阳”，并将抽象概念转[PERSON#62]为“姑娘是阳，我是阴”的等级观念，引发笑谈。在[LOCATION#20]情节中，曾参与金麒麟事件，帮助[PERSON#318]拾得[PERSON#157]遗落的麒麟，暗合“因麒麟伏[PERSON#385]首双星”的谶语结构。作为[PERSON#660]形象的延伸，其直率性格既强[PERSON#62]了主子的豪爽特质，又通过石榴树阴阳之辩暗伏[PERSON#904]得宠及子嗣命运的线索。角色设计既串联起[PERSON#540]两府的命运关联，也折射出作者对封建等级制度的隐喻性批判。
PERSON#486,四儿,荣国府,四儿，本名芸香，是清代小说《红楼梦》中的人物，最初由袭人改名为蕙香，后被贾宝玉更名为四儿。该角色在87版电视剧《红楼梦》中由夏芸饰演。四儿首次登场于小说第二十一回，因宝玉与袭人赌气，临时被调遣至宝玉身边服侍，凭借清秀容貌引起宝玉注意。第六十三回宝玉生日时，四儿负责接收妙玉送来的贺帖。因与宝玉同日生日，曾私下称“同生日是夫妻”，最终被王夫人以“勾引宝玉”罪名逐出大观园。据考证，四儿从芸香经蕙香至四儿的更名过程，可能暗示其在《红楼梦》佚稿中承担重要情节的伏线。其结局与晴雯、司棋等人同被列为抄检大观园的牺牲者。,[PERSON#486]，本名[PERSON#468]，是清代小说[BOOK#38]中的人物，最初由[PERSON#512]改名为[PERSON#496]，后被[PERSON#733_1]更名为[PERSON#486]。该角色在87版电视剧[BOOK#38]中由[PERSON#118]饰演。[PERSON#486]首次登场于小说第二十一回，因[PERSON#157]与[PERSON#512]赌气，临时被调遣至[PERSON#157]身边服侍，凭借清秀容貌引起[PERSON#157]注意。第六十三回[PERSON#157]生日时，[PERSON#486]负责接收[PERSON#671]送来的贺帖。因与[PERSON#157]同日生日，曾私下称“同生日是夫妻”，最终被[PERSON#15_1]以“勾引[PERSON#157]”罪名逐出[LOCATION#20]。据考证，[PERSON#486]从[PERSON#468]经[PERSON#496]至[PERSON#486]的更名过程，可能暗示其在[BOOK#38]佚稿中承担重要情节的伏线。其结局与[PERSON#414]、[PERSON#261]等人同被列为抄检[LOCATION#20]的牺牲者。
PERSON#314_1,柳五儿,荣国府,柳五儿是清代小说《红楼梦》及其衍生作品中的虚拟角色，厨役柳嫂子之女，十六岁，天生体弱但容貌出众。该角色因茯苓霜失窃案被冤，经平儿调查得以昭雪，前八十回提示其病亡，程高本改写为存活并成为贾宝玉丫鬟。柳五儿借助芳官谋求进入怡红院未果，其携带茯苓霜被误认为盗窃王夫人房中的玫瑰露，引发贾府内部矛盾。平儿通过询问芳官、袭人等确认真相，最终宝玉主动担责平息事件。原著通过其病死强化悲剧性，续书安排顶替晴雯空缺引发红学争议。该角色在1987版电视剧中由钮晓晴饰演，2010版由康馥麟出演。不同版本对其命运的改编成为探讨原著与续书差异的典型案例。,[PERSON#314_1]是清代小说[BOOK#38]及其衍生作品中的虚拟角色，厨役[PERSON#292]之女，十六岁，天生体弱但容貌出众。该角色因茯苓霜失窃案被冤，经[PERSON#285]调查得以昭雪，前八十回提示其病亡，[PERSON#412]改写为存活并成为[PERSON#733_1]丫鬟。[PERSON#314_1]借助[PERSON#791]谋求进入[LOCATION#36]未果，其携带茯苓霜被误认为盗窃[PERSON#15_1]房中的玫瑰露，引发[LOCATION#63]内部矛盾。[PERSON#285]通过询问[PERSON#791]、[PERSON#512]等确认真相，最终[PERSON#157]主动担责平息事件。原著通过其病死强[PERSON#62]悲剧性，续书安排顶替[PERSON#414]空缺引发红学争议。该角色在1987版电视剧中由[PERSON#621]饰演，2010版由[PERSON#182]出演。不同版本对其命运的改编成为探讨原著与续书差异的典型案例。
PERSON#450,多姑娘,荣国府,多姑娘，又名灯姑娘，是《红楼梦》中荣国府厨子多官（多浑虫）之妻，晴雯表嫂。其名“多姑娘”讽喻风流放浪，“灯姑娘”则暗含洞察世事的明澈特质。剧中由杨欣、田韵春等演员饰演。作为贾府底层仆妇，她以周旋于男丁间的风流形象闻名，曾与贾琏私通并赠青丝定情。却在探望被逐的晴雯时，通过试探宝玉识破谣言，证明两人清白。虽被视作“淫妇”，实则清醒通透：既利用美色争取生存空间，又能突破偏见洞察真情。她游离于礼教束缚之外，以泼辣生命力在封建压迫中存活，最终未陷入传统女性悲剧结局。曹雪芹借其从“多”到“灯”的称谓变化，塑造出兼具欲望反叛与人性光明的复杂形象，既映射贾府糜烂风气，又反衬晴雯的清白悲剧。,[PERSON#450]，又名[PERSON#324]，是[BOOK#38]中[LOCATION#56]厨子[PERSON#119]（[PERSON#120]）之妻，[PERSON#414]表嫂。其名“[PERSON#450]”讽喻风流放浪，“[PERSON#324]”则暗含洞察世事的明澈特质。剧中由杨欣、田韵春等演员饰演。作为[LOCATION#63]底层仆妇，她以周旋于男丁间的风流形象闻名，曾与[PERSON#186_1]私通并赠青丝定情。却在探望被逐的[PERSON#414]时，通过试探[PERSON#157]识破谣言，证明两人清[PERSON#385]。虽被视作“淫妇”，实则清醒通透：既利用美色争取生存空间，又能突破偏见洞察真情。她游离于礼教束缚之外，以泼辣生命力在封建压迫中存活，最终未陷入传统女性悲剧结局。[PERSON#263]借其从“多”到“灯”的称谓变[PERSON#62]，塑造出兼具欲望反叛与人性光明的复杂形象，既映射[LOCATION#63]糜烂风气，又反衬[PERSON#414]的清[PERSON#385]悲剧。
PERSON#287,小舍儿,荣国府,小舍儿是中国古典小说《红楼梦》中的人物，属于薛蟠与夏金桂的丫鬟，是薛家仆人阶层的代表之一。她因名字中带有“儿”字，被归类为“十二个带‘儿’字”人物和“四‘小’”人物之一，在小说中作为次要角色出现。,[PERSON#287]是[LOCATION#3]古典小说[BOOK#38]中的人物，属于[PERSON#346]与[PERSON#250_1]的丫鬟，是[PERSON#503]仆人阶层的代表之一。她因名字中带有“儿”字，被归类为“十二个带‘儿’字”人物和“四‘小’”人物之一，在小说中作为次要角色出现。
PERSON#259,慧能,其他,《红楼梦》中指禅宗六祖慧能。书中与此相关的典故出现在第二十二回“听曲文宝玉悟禅机”，贾宝玉因与林黛玉、史湘云产生误会，心灰意冷时写下“你证我证，心证意证。是无有证，斯可云证。无可云证，是立足境”的偈语。林黛玉看后，续上了“无立足境，是方干净”一句，这正是化用了六祖慧能“本来无一物，何处惹尘埃”的禅机，暗示了宝玉最终“悬崖撒手”的出家结局。,[BOOK#38]中指禅宗[PERSON#37][PERSON#259]。书中与此相关的典故出现在第二十二回“听曲文[PERSON#157]悟禅机”，[PERSON#733_1]因与[PERSON#41]、[PERSON#660]产生误会，心灰意冷时写下“你证我证，心证意证。是无有证，斯可云证。无可云证，是立足境”的偈语。[PERSON#41]看后，续上了“无立足境，是方干净”一句，这正是[PERSON#62]用了[PERSON#37][PERSON#259]“本来无一物，何处惹尘埃”的禅机，暗示了[PERSON#157]最终“悬崖撒手”的出家结局。
PERSON#914,文官,荣国府,文官是清代小说《红楼梦》中贾府蓄养的十二个唱戏女子（亦称“红楼十二官”）之一，饰演小生行当并担任十二官群体的领头角色。因其口齿伶俐深得贾母欢心，被薛姨妈称赞为“好个灵透孩子”。在贾府戏班解散后，唯一被贾母选中留作贴身丫鬟，未卷入后续王夫人驱逐优伶事件。其身份兼具优伶与侍婢双重属性，姓名遵循《红楼梦》十二官“官”字后缀的命名规则，展现了清代贵族蓄养戏班的特殊风俗。,[PERSON#914]是清代小说[BOOK#38]中[LOCATION#63]蓄养的十二个唱戏女子（亦称“[PERSON#425]”）之一，饰演小生行当并担任十二[PERSON#152]群体的领头角色。因其口齿伶俐深得[PERSON#972]欢心，被[PERSON#390]称赞为“好个灵透孩子”。在[LOCATION#63]戏班解散后，唯一被[PERSON#972]选中留作贴身丫鬟，未卷入后续[PERSON#15_1]驱逐优伶事件。其身份兼具优伶与侍婢双重属性，姓名遵循[BOOK#38]十二[PERSON#152]“[PERSON#152]”字后缀的命名规则，展现了清代贵族蓄养戏班的特殊风俗。
PERSON#917,夏守忠,其他,夏守忠是清代章回小说《红楼梦》中的虚构人物，身份为六宫都太监，承担着为皇室传旨、联络贾府的重要职能。其三次传旨均成为推动贾府命运转折的关键节点：首次宣召贾政引发元春晋封，第二次在贾府寿宴制造恐慌，第三次以空手传旨埋伏悬念。作为皇权象征，他通过"借银"名义累计向贾府索贿超千两白银，加速了贾府经济崩溃。,[PERSON#917]是清代章回小说[BOOK#38]中的虚构人物，身份为六宫都太监，承担着为皇室传旨、联络[LOCATION#63]的重要职能。其三次传旨均成为推动[LOCATION#63]命运转折的关键节点：首次宣召[PERSON#357]引发[PERSON#33]晋封，第二次在[LOCATION#63]寿宴制造恐慌，第三次以空手传旨埋伏悬念。作为皇权象征，他通过"借银"名义累计向[LOCATION#63]索贿超千两[PERSON#385]银，加速了[LOCATION#63]经济崩溃。
PERSON#357,贾政,荣国府,贾政，字存周，是曹雪芹著作《红楼梦》中的人物，荣国府二老爷，贾母和贾代善所生的次子，贾宝玉的父亲，林黛玉的舅舅，薛宝钗的姨父。他是除贾母外荣国府的最高掌权者，但同贾母一样不常管理府中大小俗务，每日只看书著棋，同一众清客闲聊，是名副其实的甩手掌柜，他并不喜好繁华奢侈的生活，在游览大观园时亦有过归农隐逸之意。他自幼好读书，但并不是天生的方正呆板，出仕前，他“也是个诗酒放诞之人”，但“一切为的是光宗耀祖”，因此重视读书上进，归于正途。为人端方正直，谦恭厚道，人品端方，风声清肃。礼贤下士，济弱扶危，大有祖风，惟失之于迂腐。他一心孝顺贾母，亦想严厉管教子女，宝玉挨打是《红楼梦》的精彩片段；他想作好官，可是不谙世情，只解打躬作揖，终日臣坐，形同泥塑，遭人蒙骗，弄得声名狼藉。政，谐音“正”，作者描写他的为人，亦着重一个“正”字。他是深受儒家思想熏陶的悲剧人物，他既是悲剧的制造者，也是悲剧的受害者。,[PERSON#357]，字[PERSON#142]，是[PERSON#263]著作[BOOK#38]中的人物，[LOCATION#56]二[PERSON#960]，[PERSON#972]和[PERSON#536]所生的次子，[PERSON#733_1]的父亲，[PERSON#41]的舅舅，[PERSON#680]的姨父。他是除[PERSON#972]外[LOCATION#56]的最高掌权者，但同[PERSON#972]一样不常管理府中大小俗务，每日只看书著棋，同一众清客闲聊，是名副其实的甩手掌柜，他并不喜好繁华奢侈的生活，在游览[LOCATION#20]时亦有过归农隐逸之意。他自幼好读书，但并不是天生的方正呆板，出仕前，他“也是个诗酒放诞之人”，但“一切为的是光宗耀祖”，因此重视读书上进，归于正途。为人端方正直，谦恭厚道，人品端方，风声清肃。礼贤下士，济弱扶危，大有祖风，惟失之于迂腐。他一心孝顺[PERSON#972]，亦想严厉管教子女，[PERSON#157]挨打是[BOOK#38]的精彩片段；他想作好[PERSON#152]，可是不谙世情，只解打躬作揖，终日臣坐，形同泥塑，遭人蒙骗，弄得声名狼藉。政，谐音“正”，作者描写他的为人，亦着重一个“正”字。他是深受儒家思想熏陶的悲剧人物，他既是悲剧的制造者，也是悲剧的受害者。
PERSON#861,卜世仁,其他,卜世仁是《红楼梦》中虚构的次要角色，其姓名谐音'不是人'以讽刺其品行低劣。卜世仁是贾芸的舅舅，对亲外甥贾芸刻薄无情，拒绝帮助他。作为贾芸的舅舅，他不仅拒绝外甥求援赊购香料并加以讥讽，更纵容妻子在贾芸宅院闹事殴打丫鬟，最终被贾芸驱逐。曹雪芹通过这一市侩商人的负面形象，与仗义邻居倪二形成鲜明对比，深刻揭露封建社会中重利轻情的世态炎凉。,[PERSON#861]是[BOOK#38]中虚构的次要角色，其姓名谐音'不是人'以讽刺其品行低劣。[PERSON#861]是[PERSON#113]的舅舅，对亲外甥[PERSON#113]刻薄无情，拒绝帮助他。作为[PERSON#113]的舅舅，他不仅拒绝外甥求援赊购香料并加以讥讽，更纵容妻子在[PERSON#113]宅院闹事殴打丫鬟，最终被[PERSON#113]驱逐。[PERSON#263]通过这一市侩商人的负面形象，与仗义邻居[PERSON#715]形成鲜明对比，深刻揭露封建社会中重利轻情的世态炎凉。
PERSON#221,焙茗,荣国府,焙茗，又名茗烟，是古典小说《红楼梦》及其衍生作品中的角色，贾宝玉的贴身小厮。程本第二十四回交代其因宝玉嫌“烟”字改名焙茗，但脂砚斋评本后续回目仍混用两名称。该角色在多个影视改编版本中由韩兰根、李楠、叮当等演员饰演。焙茗作为宝玉最得用的书僮，曾参与大闹学堂事件：因金荣欺负秦钟，被贾蔷挑唆后引发学堂混战。他常揣摩宝玉心思行事，为其搜集《西厢记》等禁书解闷，并在水仙庵私祭金钏时自编祷词道出宝玉心事。性格兼具狡黠与忠诚，既被称为“宝玉叛逆的支持者”，又被脂批评为“贼茗烟”。该角色姓名存在版本差异，程本系统统一用“焙茗”，脂本则混用“茗烟”。,[PERSON#221]，又名[PERSON#217]，是古典小说[BOOK#38]及其衍生作品中的角色，[PERSON#733_1]的贴身小厮。[PERSON#411]第二十四回交代其因[PERSON#157]嫌“[PERSON#329]”字改名[PERSON#221]，但[PERSON#457]评本后续回目仍混用两名称。该角色在多个影视改编版本中由[PERSON#638]、[PERSON#273]、[PERSON#73]等演员饰演。[PERSON#221]作为[PERSON#157]最得用的书僮，曾参与大闹[LOCATION#27]事件：因[PERSON#857]欺负[PERSON#418]，被[PERSON#615]挑唆后引发[LOCATION#27]混战。他常揣摩[PERSON#157]心思行事，为其搜集[BOOK#50]等禁书解闷，并在[LOCATION#40]私祭[PERSON#696]时自编祷词道出[PERSON#157]心事。性格兼具狡黠与忠诚，既被称为“[PERSON#157]叛逆的支持者”，又被[PERSON#455]评为“贼[PERSON#217]”。该角色姓名存在版本差异，[PERSON#411]系统统一用“[PERSON#221]”，脂本则混用“[PERSON#217]”。
PERSON#686,小红,荣国府,林红玉，中国古典小说《红楼梦》中的人物，贾府的丫鬟。林红玉是其原名，因为名字中的“玉”字犯了黛玉、宝玉的名讳而改名为小红（也称红儿）。林红玉原本在怡红院当差，烧茶炉子喂喂鸟雀，因有几分姿色，每每想到贾宝玉跟前现弄现弄，只因晴雯等伶牙利爪下不去手。好容易得到一次倒茶的机会，出门就被晴雯、秋纹、碧痕等撞见，说她也不照照镜子，配端茶倒水的不配，排挤的小红心灰意冷。后转投凤姐，在凤姐处得到重用。与贾芸由手帕传情定终身。,[PERSON#284]，[LOCATION#3]古典小说[BOOK#38]中的人物，[LOCATION#63]的丫鬟。[PERSON#284]是其原名，因为名字中的“[PERSON#336]”字犯了[PERSON#666]、[PERSON#157]的名讳而改名为[PERSON#686]（也称[PERSON#424]）。[PERSON#284]原本在[LOCATION#36]当差，烧茶炉子喂喂鸟雀，因有几分姿色，每每想到[PERSON#733_1]跟前现弄现弄，只因[PERSON#414]等伶牙利爪下不去手。好容易得到一次倒茶的机会，出门就被[PERSON#414]、[PERSON#498]、[PERSON#824]等撞见，说她也不照照镜子，配端茶倒水的不配，排挤的[PERSON#686]心灰意冷。后转投[PERSON#53]，在[PERSON#53]处得到重用。与[PERSON#113]由手帕传情定终身。
PERSON#877,玉钏儿,荣国府,玉钏，名白玉钏，是《红楼梦》中王夫人的丫鬟，与姐姐金钏同在房中服侍。金钏投井自尽后，玉钏接替姐姐获得月钱。因金钏之死与宝玉相关，玉钏对其心怀怨恨。宝玉受杖伤期间，玉钏奉命送莲叶羹时冷面相对，经宝玉温言哄劝后稍解心结。金钏周年忌日时，玉钏独坐廊下流泪，宝玉外出祭奠归来欲加安抚未果。玉钏性格沉默寡言，与金钏活泼外向形成对比。姐妹情深体现在金钏死后玉钏的情感表现中，其形象主要通过两次与宝玉的互动展现。作者以少量笔墨勾勒出底层婢女的生存状态与亲情牵绊。,[PERSON#338]，名[PERSON#388]，是[BOOK#38]中[PERSON#15_1]的丫鬟，与姐姐[PERSON#696]同在房中服侍。[PERSON#696]投井自尽后，[PERSON#338]接替姐姐获得月钱。因[PERSON#696]之死与[PERSON#157]相关，[PERSON#338]对其心怀怨恨。[PERSON#157]受杖伤期间，[PERSON#338]奉命送莲叶羹时冷面相对，经[PERSON#157]温言哄劝后稍解心结。[PERSON#696]周年忌日时，[PERSON#338]独坐廊下流泪，[PERSON#157]外出祭奠归来欲加安抚未果。[PERSON#338]性格沉默寡言，与[PERSON#696]活泼外向形成对比。姐妹情深体现在[PERSON#696]死后[PERSON#338]的情感表现中，其形象主要通过两次与[PERSON#157]的互动展现。作者以少量笔墨勾勒出底层婢女的生存状态与亲情牵绊。
PERSON#345,彩霞,荣国府,彩霞是《红楼梦》中王夫人的首席大丫鬟，负责管理家务并记录贾政事务，地位等同副小姐，月例一两。其姓名常与彩云混淆，但二者实为不同人物，多次在宴饮、抄经等场景并行出现。彩霞钟情于贾环，多次规劝其安分守己并私赠物件示好，但贾环轻视其身份且态度冷漠。被王夫人放出后遭凤姐强配给酗酒赌博的旺儿之子，虽求助赵姨娘试图借贾环摆脱婚约，终因贾环敷衍未果。其结局呼应判词"彩云易散"，最终被迫出嫁备受折磨。该角色既承载封建家族丫鬟的生存困境，又与彩云形成镜像对照——彩霞主动示好贾环反遭冷落，彩云受赵姨娘撮合却被贾环猜忌，二者差异体现贾环性格的多面性。,[PERSON#345]是[BOOK#38]中[PERSON#15_1]的首席大丫鬟，负责管理家务并记录[PERSON#357]事务，地位等同副小姐，月例一两。其姓名常与[PERSON#360_1]混淆，但二者实为不同人物，多次在宴饮、抄经等场景并行出现。[PERSON#345]钟情于[PERSON#616]，多次规劝其安分守己并私赠物件示好，但[PERSON#616]轻视其身份且态度冷漠。被[PERSON#15_1]放出后遭[PERSON#53]强配给酗酒赌博的[PERSON#247]之子，虽求助[PERSON#234]试图借[PERSON#616]摆脱婚约，终因[PERSON#616]敷衍未果。其结局呼应判词"[PERSON#360_1]易散"，最终被迫出嫁备受折磨。该角色既承载封建家族丫鬟的生存困境，又与[PERSON#360_1]形成镜像对照——[PERSON#345]主动示好[PERSON#616]反遭冷落，[PERSON#360_1]受[PERSON#234]撮合却被[PERSON#616]猜忌，二者差异体现[PERSON#616]性格的多面性。
PERSON#811,王尔调,其他,王尔调，名作梅，小说《红楼梦》中人物，贾政门下清客相公，与詹光、单聘仁、程日兴并称“四清客”。作为后四十回新增男性角色之一，与包勇、李十儿等同属拓展叙事空间的新人群体，其善弈棋的形象特质与提亲情节共同反映了作品从大观园女性世界向外部社会延伸的结构变化。有研究认为其原型可能是明末遗民王尔抡。该角色首见于第八十四回，借评价贾宝玉学业进展之机提议宝玉与南韶道张老爷家联姻，詹光以张家与邢夫人有旧亲为由说合。后因贾政欲详询婚事时恰逢王夫人照料患惊风的巧姐而未果。其提亲行为通过贾府社会关系网络的铺陈，成为深化作品悲剧主题的叙事支点。,[PERSON#811]，名作[PERSON#299]，小说[BOOK#38]中人物，[PERSON#357]门下清客相公，与[PERSON#920]、[PERSON#92]、[PERSON#39]并称“四清客”。作为后四十回新增男性角色之一，与[PERSON#8]、[PERSON#889]等同属拓展叙事空间的新人群体，其善弈棋的形象特质与提亲情节共同反映了作品从[LOCATION#20]女性世界向外部社会延伸的结构变[PERSON#62]。有研究认为其原型可能是明末遗民[PERSON#350]。该角色首见于第八十四回，借评价[PERSON#733_1]学业进展之机提议[PERSON#157]与[LOCATION#13][PERSON#188][PERSON#960]家联姻，[PERSON#920]以[PERSON#197]与[PERSON#95]有旧亲为由说合。后因[PERSON#357]欲详询婚事时恰逢[PERSON#15_1]照料患惊风的[PERSON#179]而未果。其提亲行为通过[LOCATION#63]社会关系网络的铺陈，成为深[PERSON#62]作品悲剧主题的叙事支点。
PERSON#442,周姨娘,荣国府,周姨娘是《红楼梦》中贾政的妾室，常与赵姨娘共同侍奉贾母。她性格安分谨慎，虽无子嗣，却因不惹是非而受贾府上下认可。探春曾以她为例，称其“不见人欺他，他也不寻人去”。在贾府中，周姨娘多跟随赵姨娘行事，仅第三十五回单独侍奉贾母。二人虽同为妾室处境相似，但周姨娘更显隐忍沉寂。赵姨娘去世时，目睹其惨状后联想到自身无子的凄凉结局，悲切痛哭。作为贾政侧室，她始终处于边缘地位，被描述为“虚空影子”，折射出封建家族中妾室的生存困境。,[PERSON#442]是[BOOK#38]中[PERSON#357]的妾室，常与[PERSON#234]共同侍奉[PERSON#972]。她性格安分谨慎，虽无子嗣，却因不惹是非而受[LOCATION#63]上下认可。[PERSON#237]曾以她为例，称其“不见人欺他，他也不寻人去”。在[LOCATION#63]中，[PERSON#442]多跟随[PERSON#234]行事，仅第三十五回单独侍奉[PERSON#972]。二人虽同为妾室处境相似，但[PERSON#442]更显隐忍沉寂。[PERSON#234]去世时，目睹其惨状后联想到自身无子的凄凉结局，悲切痛哭。作为[PERSON#357]侧室，她始终处于边缘地位，被描述为“虚空影子”，折射出封建家族中妾室的生存困境。
PERSON#607,张道士,其他,张道士是曹雪芹长篇小说《红楼梦》中的虚构人物，原为荣国公贾源的替身，因家贫替主出家。他被皇帝封为"大幻先人"，掌管道录司，凭借与贾府的特殊关系频繁出入贾府。在第二十九回中，其圆滑的对话艺术和奉承贾母、宝玉的言行，展现了人物虚伪的世俗性格。部分学者认为金麒麟信物暗喻他与贾母年轻时的情感经历，成为"因麒麟伏白首双星"回目的争议性解读主题。其促成宝黛情感冲突的说媒行为，间接推动了谶语应验的叙事发展。,[PERSON#607]是[PERSON#263]长篇小说[BOOK#38]中的虚构人物，原为荣国公[PERSON#562]的替身，因家贫替主出家。他被皇帝封为"[PERSON#123]"，掌管道录司，凭借与[LOCATION#63]的特殊关系频繁出入[LOCATION#63]。在第二十九回中，其圆滑的对话艺术和奉承[PERSON#972]、[PERSON#157]的言行，展现了人物虚伪的世俗性格。部分学者认为金麒麟信物暗喻他与[PERSON#972]年轻时的情感经历，成为"因麒麟伏[PERSON#385]首双星"回目的争议性解读主题。其促成[PERSON#160]情感冲突的说媒行为，间接推动了谶语应验的叙事发展。
PERSON#323,史鼐,其他,史鼐是《红楼梦》中史家的重要成员，为史侯之子，承袭保龄侯爵位。他与忠靖侯史鼎是兄弟关系，同为史湘云的叔父。在小说中，史家作为四大家族之一较早显露衰败迹象，史鼐家族因经济困境缩减开支，导致史湘云需深夜劳作。该角色在早期版本中与史鼎并存，但在程高本修订时被删减，仅保留史鼎之名，反映了作者调整人物设定的创作倾向。,[PERSON#323]是[BOOK#38]中[PERSON#82]的重要成员，为[PERSON#78]之子，承袭[PERSON#21]爵位。他与[PERSON#216][PERSON#84]是[PERSON#699]关系，同为[PERSON#660]的叔父。在小说中，[PERSON#82]作为四大家族之一较早显露衰败迹象，[PERSON#323]家族因经济困境缩减开支，导致[PERSON#660]需深夜劳作。该角色在早期版本中与[PERSON#84]并存，但在[PERSON#412]修订时被删减，仅保留[PERSON#84]之名，反映了作者调整人物设定的创作倾向。
PERSON#547,佳蕙,荣国府,佳蕙是古典小说《红楼梦》中的人物，贾宝玉怡红院的小丫鬟，首次登场于第二十六回。她年纪较小，主要负责院内杂务，曾负责收拾晴雯撕扇后的破扇等事务。佳蕙性格机敏要强，因未被列入高等丫鬟心怀不平，借替小红鸣怨间接表达自身不满。她在替林黛玉送茶叶时获赠赏钱，转交小红代为保管，并与小红讨论丫鬟地位的差异。面对晴雯等受宠丫鬟的待遇，她直言感到不公，通过对话透露出对自身处境的无奈。作为怡红院底层丫鬟，佳蕙的言行反映了贾府中低等仆役的心态。,[PERSON#547]是古典小说[BOOK#38]中的人物，[PERSON#733_1][LOCATION#36]的小丫鬟，首次登场于第二十六回。她年纪较小，主要负责院内杂务，曾负责收拾[PERSON#414]撕扇后的破扇等事务。[PERSON#547]性格机敏要强，因未被列入高等丫鬟心怀不平，借替[PERSON#686]鸣怨间接表达自身不满。她在替[PERSON#41]送茶叶时获赠赏钱，转交[PERSON#686]代为保管，并与[PERSON#686]讨论丫鬟地位的差异。面对[PERSON#414]等受宠丫鬟的待遇，她直言感到不公，通过对话透露出对自身处境的无奈。作为[LOCATION#36]底层丫鬟，[PERSON#547]的言行反映了[LOCATION#63]中低等仆役的心态。
PERSON#555,坠儿,荣国府,坠儿是曹雪芹长篇小说《红楼梦》中贾宝玉房中的小丫鬟，在1987版电视剧《红楼梦》中由颜燕饰演。她在滴翠亭私传手帕促成贾芸与小红的情缘，脂砚斋批注称此行为属“传奸”；后因偷取平儿的虾须镯被晴雯驱逐，此事被批为“为盗”。两次事件分别反映大观园内礼教束缚与贾府道德体系危机。坠儿作为小红密友，其传递信物行为直接推动贾芸与小红的情感发展。脂批暗示原著八十回后仍有坠儿情节，推断被逐后仍独立生存。该角色通过“传奸”“为盗”的双重行为，成为贾府价值体系的试金石。,[PERSON#555]是[PERSON#263]长篇小说[BOOK#38]中[PERSON#733_1]房中的小丫鬟，在1987版电视剧[BOOK#38]中由[PERSON#640]饰演。她在[PERSON#234_1]私传手帕促成[PERSON#113]与[PERSON#686]的情缘，[PERSON#457]批注称此行为属“传奸”；后因偷取[PERSON#285]的虾须镯被[PERSON#414]驱逐，此事被批为“为盗”。两次事件分别反映[LOCATION#20]内礼教束缚与[LOCATION#63]道德体系危机。[PERSON#555]作为[PERSON#686]密友，其传递信物行为直接推动[PERSON#113]与[PERSON#686]的情感发展。[PERSON#455]暗示原著八十回后仍有[PERSON#555]情节，推断被逐后仍独立生存。该角色通过“传奸”“为盗”的双重行为，成为[LOCATION#63]价值体系的试金石。
PERSON#234_1,滴翠亭,荣国府,滴翠亭是《红楼梦》大观园的核心景观之一，位于潇湘馆附近池中，通过游廊曲桥与藕香榭、秋爽斋等建筑相连。这座双层湖心亭四面环水，采用雕镂槅子糊纸的构造样式，展现了清代园林"亭者，停也"的休憩功能。第二十七回中薛宝钗扑蝶至此，意外听闻丫鬟私语后施"金蝉脱壳"之计，该场景既体现了宝钗机敏性格，也凸显亭子推动叙事的关键作用。作为大观园水系枢纽，其空间布局与人物命运形成巧妙映射，在影视改编中多取景浙江海盐绮园进行实体再现。,[PERSON#234_1]是[BOOK#38][LOCATION#20]的核心景观之一，位于[LOCATION#48]附近池中，通过游廊曲桥与藕香榭、[LOCATION#51]等建筑相连。这座双层湖心亭四面环水，采用雕镂槅子糊纸的构造样式，展现了清代园林"亭者，停也"的休憩功能。第二十七回中[PERSON#680]扑蝶至此，意外听闻丫鬟私语后施"金蝉脱壳"之计，该场景既体现了[PERSON#159]机敏性格，也凸显亭子推动叙事的关键作用。作为[LOCATION#20]水系枢纽，其空间布局与人物命运形成[PERSON#178]妙映射，在影视改编中多取景浙江海盐绮园进行实体再现。
PERSON#169,入画,宁国府,入画是古典小说《红楼梦》中贾惜春的贴身丫鬟，与抱琴、司棋、侍书并称贾府四春的四大丫鬟，其名对应惜春擅长绘画的特点。在1987版电视剧《红楼梦》中由方芳饰演该角色。入画父母居于南方，自幼随叔婶生活，其兄将担任宁国府小厮所得的赏赐财物交她保管。抄检大观园时，这些寄存物品被搜出，王熙凤核查后确认财物来源正当，但贾惜春为维护清白坚持驱逐入画。入画跪地哀求未果，最终由尤氏带回宁国府，此事成为惜春与宁府断绝往来的导火索。该角色性格温和寡言，事件突显贾惜春的孤僻性格与贾府内部矛盾，其最终结局在书中未再提及。,[PERSON#169]是古典小说[BOOK#38]中[PERSON#483]的贴身丫鬟，与[PERSON#232]、[PERSON#261]、[PERSON#274]并称[LOCATION#63]四春的四大丫鬟，其名对应[PERSON#222]擅长绘画的特点。在1987版电视剧[BOOK#38]中由[PERSON#243]饰演该角色。[PERSON#169]父母居于[LOCATION#11]，自幼随叔婶生活，其[PERSON#34]将担任[LOCATION#28]小厮所得的赏赐财物交她保管。抄检[LOCATION#20]时，这些寄存物品被搜出，[PERSON#433]核查后确认财物来源正当，但[PERSON#483]为维护清[PERSON#385]坚持驱逐[PERSON#169]。[PERSON#169]跪地哀求未果，最终由[PERSON#777]带回[LOCATION#28]，此事成为[PERSON#222]与宁府断绝往来的导火索。该角色性格温和寡言，事件突显[PERSON#483]的孤僻性格与[LOCATION#63]内部矛盾，其最终结局在书中未再提及。
PERSON#919,赖大家的,荣国府,赖大家的是《红楼梦》中荣国府总管赖大的妻子，其家族为贾府家生奴才，通过世代服务积累了显赫地位与财富。她在小说中参与多项重要事件，如在第45回邀请贾母等人赴自家花园宴饮，并曾将买来的晴雯转献给贾母，后来又给了宝玉。赖家凭借恪守本分与经营策略，实现阶层跃升，其子赖尚荣更通过贾府助力成为知县。,[PERSON#919]是[BOOK#38]中[LOCATION#56]总管[PERSON#346_1]的妻子，其家族为[LOCATION#63]家生奴才，通过世代服务积累了显赫地位与财富。她在小说中参与多项重要事件，如在第45回邀请[PERSON#972]等人赴自家[PERSON#464]园宴饮，并曾将买来的[PERSON#414]转献给[PERSON#972]，后来又给了[PERSON#157]。[PERSON#584]凭借恪守本分与经营策略，实现阶层跃升，其子[PERSON#745]更通过[LOCATION#63]助力成为知县。
PERSON#382,双寿,荣国府,双寿是清代小说《红楼梦》中贾宝玉的贴身小厮之一，其姓名首次见于小说第28回，与另一小厮双瑞共同构成成对出现的侍从组合。作为贾府仆役群体的组成部分，双寿无独立戏份和性格描写，主要通过"双瑞、双寿"的对称命名方式，暗示贾府"钟鸣鼎食"表象下人丁繁盛的结构特征，属于功能性铺陈人物。该人物的命名遵循《红楼梦》小厮群体两两对仗的创作规律，以"瑞""寿"等吉祥字眼形成隐喻系统，在版本流传过程中存在"寿儿"的异文记载。,[PERSON#382]是清代小说[BOOK#38]中[PERSON#733_1]的贴身小厮之一，其姓名首次见于小说第28回，与另一小厮[PERSON#72]共同构成成对出现的侍从组合。作为[LOCATION#63]仆役群体的组成部分，[PERSON#382]无独立戏份和性格描写，主要通过"[PERSON#72]、[PERSON#382]"的对称命名方式，暗示[LOCATION#63]"钟鸣鼎食"表象下人丁繁盛的结构特征，属于功能性铺陈人物。该人物的命名遵循[BOOK#38]小厮群体两两对仗的创作规律，以"瑞""寿"等吉祥字眼形成隐喻系统，在版本流传过程中存在"[PERSON#165]"的异文记载。
PERSON#375,蒋玉菡,其他,蒋玉菡，男，小名，琪官，是明末清初小说家曹雪芹所著《红楼梦》中的人物，首次登场于小说第二十八回。87版红楼梦由侯华饰演，10版红楼梦由张睿饰演。在小说中，蒋玉函是忠顺王府中的一名戏子，擅唱小旦。他面容俊秀，举止温柔。他在冯紫英的酒宴上与贾宝玉相识，二人投契，宝玉先将玉玦扇坠解下送给他，后两人又互换汗巾，蒋玉菡将北静王所赠茜香罗汗巾送给宝玉，宝玉则把袭人的汗巾赠他。这一行为后来被贾政知晓，成为宝玉被打的起因之一。后来，宝玉与蒋玉函在临安伯府再度重逢，此时蒋玉菡已升为班主，改唱小生，还攒了些钱，置了铺子。贾府被抄家后，蒋玉菡娶了宝玉房中的大丫头袭人。成亲次日，蒋玉菡看到当年互赠的汗巾，才发现袭人是宝玉的丫头，因汗巾之缘，两人至此知晓是姻缘前定。,[PERSON#375]，男，小名，[PERSON#372]，是明末清初小说家[PERSON#263]所著[BOOK#38]中的人物，首次登场于小说第二十八回。87版[PERSON#426]由[PERSON#18]饰演，10版[PERSON#426]由[PERSON#201]饰演。在小说中，[PERSON#487]是[LOCATION#35]中的一名戏子，擅唱小旦。他面容俊秀，举止温柔。他在[PERSON#7]的酒宴上与[PERSON#733_1]相识，二人投契，[PERSON#157]先将[PERSON#336]玦扇坠解下送给他，后两人又互换汗巾，[PERSON#375]将[PERSON#63]所赠[PERSON#473]汗巾送给[PERSON#157]，[PERSON#157]则把[PERSON#512]的汗巾赠他。这一行为后来被[PERSON#357]知晓，成为[PERSON#157]被打的起因之一。后来，[PERSON#157]与[PERSON#487]在临安伯府再度重逢，此时[PERSON#375]已升为班主，改唱小生，还攒了些钱，置了铺子。[LOCATION#63]被抄家后，[PERSON#375]娶了[PERSON#157]房中的大丫头[PERSON#512]。成亲次日，[PERSON#375]看到当年互赠的汗巾，才发现[PERSON#512]是[PERSON#157]的丫头，因汗巾之缘，两人至此知晓是姻缘前定。
PERSON#751,绣橘,荣国府,绣橘：小说《红楼梦》中的人物，贾迎春的丫头，她伶牙俐齿、好胜争强。是一个一心护主的二等小丫鬟，为了迎春，她跟王柱儿媳妇为攒珠累丝金凤快言快语地吵架，吵不出结果时又气又急，竟至于哭了。对懦小姐迎春的“只是脸软怕人恼”，众人是无奈兼觉得好笑，绣橘却是满心的着急忧虑和奋力维护。绣橘第二次出场，是司棋被撵走时，她在大观园中哭着赶来给司棋送绢包，说是姑娘给的，做个念想吧。最后，迎春被贾赦许嫁孙绍祖之时，绣橘是四个陪嫁丫鬟之一。,[PERSON#751]：小说[BOOK#38]中的人物，[PERSON#230]的丫头，她伶牙俐齿、好胜争强。是一个一心护主的二等小丫鬟，为了[PERSON#595]，她跟[PERSON#444]媳妇为[PERSON#238]快言快语地吵架，吵不出结果时又气又急，竟至于哭了。对懦小姐[PERSON#595]的“只是脸软怕人恼”，众人是无奈兼觉得好笑，[PERSON#751]却是满心的着急忧虑和奋力维护。[PERSON#751]第二次出场，是[PERSON#261]被撵走时，她在[LOCATION#20]中哭着赶来给[PERSON#261]送绢包，说是姑娘给的，做个念想吧。最后，[PERSON#595]被[PERSON#926]许嫁[PERSON#570_1]之时，[PERSON#751]是四个陪嫁丫鬟之一。
PERSON#363,翠墨,荣国府,翠墨，小说《红楼梦》中贾探春的贴身丫鬟，贾探春虽为庶出，但其治家才能远超李纨、尤氏等管家奶奶，因而备受尊敬。首次登场于第二十九回，名字注音为ㄘㄨㄟˋ ㄇㄛˋ。其名与侍书（待书）合为“书墨”，暗合探春书房雅趣，与侍书同为探春得力助手，不同于司棋、入画等常受排挤的丫鬟。第三十七回替探春传话贾宝玉时言语妥当，显其办事得体；第六十回借买糕机会提醒蝉姐儿防范艾官告状，展露机敏性格。第六十三回受命与小燕共同邀请李纨、宝琴等人赴宴，彰显主仆间信任。第七十回宝钗指派翠墨取风筝时，其带领小丫头们在山坡施放，期间探春的风筝因秋爽斋路途较远或取物不如小丫头迅捷而稍迟抵达。翠墨常参与重要事务，行事风格干练周全，在丫鬟群体中拥有特殊地位。,[PERSON#363]，小说[BOOK#38]中[PERSON#748]的贴身丫鬟，[PERSON#748]虽为庶出，但其治家才能远超[PERSON#315]、[PERSON#777]等管家奶奶，因而备受尊敬。首次登场于第二十九回，名字注音为ㄘㄨㄟˋ ㄇㄛˋ。其名与[PERSON#274]（[PERSON#209]）合为“书墨”，暗合[PERSON#237]书房雅趣，与[PERSON#274]同为[PERSON#237]得力助手，不同于[PERSON#261]、[PERSON#169]等常受排挤的丫鬟。第三十七回替[PERSON#237]传话[PERSON#733_1]时言语妥当，显其办事得体；第六十回借买糕机会提醒[PERSON#514]防范[PERSON#913]告状，展露机敏性格。第六十三回受命与[PERSON#31]共同邀请[PERSON#315]、[PERSON#158]等人赴宴，彰显主仆间信任。第七十回[PERSON#159]指派[PERSON#363]取风筝时，其带领[PERSON#368]们在山坡施放，期间[PERSON#237]的风筝因[LOCATION#51]路途较远或取物不如[PERSON#368]迅捷而稍迟抵达。[PERSON#363]常参与重要事务，行事风格干练周全，在丫鬟群体中拥有特殊地位。
PERSON#785,彩屏,荣国府,彩屏是《红楼梦》中贾惜春的贴身丫鬟之一，属“七彩”人物。其名“彩”与惜春的绘画才情相呼应，暗合绘画色彩，象征惜春以画笔记录大观园盛衰的命运。在第十八回元宵节归省场景中，彩屏张护的华美装饰展现了贾府的奢华气象。,[PERSON#785]是[BOOK#38]中[PERSON#483]的贴身丫鬟之一，属“七彩”人物。其名“彩”与[PERSON#222]的绘画才情相呼应，暗合绘画色彩，象征[PERSON#222]以画笔记录[LOCATION#20]盛衰的命运。在第十八回元宵节归省场景中，[PERSON#785][PERSON#188]护的华美装饰展现了[LOCATION#63]的奢华气象。
PERSON#213,素云,荣国府,素云是曹雪芹长篇小说《红楼梦》中的虚拟人物，为李纨的贴身丫鬟，与碧月共同侍居于稻香村，位列金陵十二钗又副册候选。全书共出场11次，首次登场于第二十九回清虚观打醮情节。作为李纨守寡避世生活的首席侍婢，承担接传钥匙、准备茶点等内务，伴随参与探春诗社活动。虽恪守封建礼教本分，却在尤氏补妆时主动递上私用胭粉，展现细致担当；宝玉生辰时参与沁芳亭嬉戏，流露出少女天性。脂砚斋评注将其归为"又副十二钗"范畴，通过日常琐事折射李纨孤寂生活。该角色以质朴之名映衬李纨的清心寡欲，既作为贾府管理体系中的能干执行者，又通过细节互动突破传统主仆刻板印象，成为观察封建家族底层婢女生存状态的文学典型。,[PERSON#213]是[PERSON#263]长篇小说[BOOK#38]中的虚拟人物，为[PERSON#315]的贴身丫鬟，与[PERSON#895]共同侍居于[LOCATION#52]，位列[LOCATION#72][PERSON#65]又副册候选。全书共出场11次，首次登场于第二十九回清虚观打醮情节。作为[PERSON#315]守寡避世生活的首席侍婢，承担接传钥匙、准备茶点等内务，伴随参与[PERSON#237]诗社活动。虽恪守封建礼教本分，却在[PERSON#777]补妆时主动递上私用胭粉，展现细致担当；[PERSON#157]生辰时参与沁芳亭嬉戏，流露出少女天性。[PERSON#457]评注将其归为"又副[PERSON#65]"范畴，通过日常琐事折射[PERSON#315]孤寂生活。该角色以质朴之名映衬[PERSON#315]的清心寡欲，既作为[LOCATION#63]管理体系中的能干执行者，又通过细节互动突破传统主仆刻板印象，成为观察封建家族底层婢女生存状态的文学典型。
PERSON#895,碧月,荣国府,碧月是清代小说《红楼梦》中的次要人物，隶属于贾珠遗孀李纨房中，身份为贴身丫鬟。她在贾府仆人体系中属李纨一脉，于第40回、第41回随侍李纨出场，负责捧盛放各色折枝菊花的翡翠盘子供贾母等人簪戴，展现了贾府日常生活的雅趣。,[PERSON#895]是清代小说[BOOK#38]中的次要人物，隶属于[PERSON#325]遗孀[PERSON#315]房中，身份为贴身丫鬟。她在[LOCATION#63]仆人体系中属[PERSON#315]一脉，于第40回、第41回随侍[PERSON#315]出场，负责捧盛放各色折枝菊[PERSON#464]的翡翠盘子供[PERSON#972]等人簪戴，展现了[LOCATION#63]日常生活的雅趣。
PERSON#282,靛儿,荣国府,靛儿是中国古典小说《红楼梦》中的荣国府丫鬟，登场于原著第三十回。该角色位列情榜第六榜（五副册），在宝玉房中丫头序列中排第15位，被设定为贾迎春的影射对象。端午节间，靛儿因丢失扇子误问薛宝钗是否藏匿，宝钗借机迁怒道："你要仔细！我和你顽过，你再疑我。和你素日嘻皮笑脸的那些姑娘们跟前，你该问他们去"，靛儿随即跑开。黛玉见状改问看戏内容，宝钗以《负荆请罪》影射宝黛矛盾，此段构成"借扇机带双敲"的经典场景。对应宝玉身边未入正册的丫鬟群体。,[PERSON#282]是[LOCATION#3]古典小说[BOOK#38]中的[LOCATION#56]丫鬟，登场于原著第三十回。该角色位列情榜第六榜（五副册），在[PERSON#157]房中丫头序列中排第15位，被设定为[PERSON#230]的影射对象。端午节间，[PERSON#282]因丢失扇子误问[PERSON#680]是否藏匿，[PERSON#159]借机迁怒道："你要仔细！我和你顽过，你再疑我。和你素日嘻皮笑脸的那些姑娘们跟前，你该问他们去"，[PERSON#282]随即跑开。[PERSON#666]见状改问看戏内容，[PERSON#159]以[BOOK#55]影射[PERSON#160]矛盾，此段构成"借扇机带双敲"的经典场景。对应[PERSON#157]身边未入正册的丫鬟群体。
PERSON#448,玉官,荣国府,玉官是曹雪芹小说《红楼梦》中的虚构人物，贾府为元春省亲采买的梨香院十二女伶之一，艺名属'官'字辈，饰演正旦角色。在戏曲改编作品《梨香院》中，玉官被设定为忠顺亲王失散十六年的女儿，后成为郡主。玉官首次出场于原著第三十回，与宝官在怡红院玩耍。国丧期间因老太妃薨逝，贾府戏班解散，玉官未选择留府，由干娘接回家乡聘嫁。在《梨香院》改编剧情中，玉官爱慕贾蔷并试图断其与龄官的情愫，最终随王府离散。京剧《晴雯撕扇》第二场展现宝官、玉官端阳节进怡红院的情节。该角色在上海越剧院1988年首演的《梨香院》中由华怡青饰演，2011年电视剧《大唐女巡按》将其改编为男性角色，由谢其均饰演。,[PERSON#448]是[PERSON#263]小说[BOOK#38]中的虚构人物，[LOCATION#63]为[PERSON#33]省亲采买的[LOCATION#39]十二女伶之一，艺名属'[PERSON#152]'字辈，饰演正旦角色。在戏曲改编作品[BOOK#27]中，[PERSON#448]被设定为忠顺亲[PERSON#339]失散十六年的女儿，后成为郡主。[PERSON#448]首次出场于原著第三十回，与[PERSON#779]在[LOCATION#36]玩耍。国丧期间因老太妃薨逝，[LOCATION#63]戏班解散，[PERSON#448]未选择留府，由干娘接回家乡聘嫁。在[BOOK#27]改编剧情中，[PERSON#448]爱慕[PERSON#615]并试图断其与[PERSON#537]的情愫，最终随[PERSON#339]府离散。[LOCATION#5]剧[BOOK#25]第二场展现[PERSON#779]、[PERSON#448]端阳节进[LOCATION#36]的情节。该角色在上海越剧院1988年首演的[BOOK#27]中由[PERSON#66]饰演，2011年电视剧[BOOK#14]将其改编为男性角色，由[PERSON#526]饰演。
PERSON#551,金彩,荣国府,金彩是曹雪芹小说《红楼梦》中的虚拟人物，贾府老仆，鸳鸯与金文翔之父，与妻子在南京看守贾府旧宅。该角色首次出现于第四十六回，贾赦欲强纳鸳鸯为妾时，贾琏以其患痰迷心窍、生死未卜为由搪塞。其名取自“好知运败金无彩”诗句，与子名“金文翔”共同构成符号体系，暗合金玉良缘与木石前盟的隐喻脉络。作者通过姓名设计将贾赦求娶鸳鸯的闹剧与黛死钗嫁的主线关联，以“假语村言”勾连情节伏笔。作为次要人物，金彩的命名逻辑与角色设定紧密贴合小说主题，体现曹雪芹草蛇灰线的叙事手法，通过符号化命名将表层叙事与命运隐喻交织。,[PERSON#551]是[PERSON#263]小说[BOOK#38]中的虚拟人物，[LOCATION#63]老仆，[PERSON#654]与[PERSON#252]之父，与妻子在[LOCATION#10]看守[LOCATION#63]旧宅。该角色首次出现于第四十六回，[PERSON#926]欲强纳[PERSON#654]为妾时，[PERSON#186_1]以其患痰迷心窍、生死未卜为由搪塞。其名取自“[PERSON#131]”诗句，与子名“[PERSON#252]”共同构成符号体系，暗合金[PERSON#336]良缘与木石前盟的隐喻脉络。作者通过姓名设计将[PERSON#926]求娶[PERSON#654]的闹剧与[PERSON#665]死[PERSON#618]嫁的主线关联，以“[PERSON#28]”勾连情节伏笔。作为次要人物，[PERSON#551]的命名逻辑与角色设定紧密贴合小说主题，体现[PERSON#263]草蛇灰线的叙事手法，通过符号[PERSON#62]命名将表层叙事与命运隐喻交织。
PERSON#466,王济仁,其他,王济仁是《红楼梦》中的虚拟角色，太医院六品御医，叔祖为太医院正堂王君效。该角色频繁出入贾府诊治，曾为袭人、贾母、巧姐、晴雯、宝玉、凤姐、黛玉等人诊疗，因医术高明且言辞圆滑，深得贾府信任。后为谋求荫封转投军前效力。王济仁主导多次关键诊疗：为晴雯治疗“小伤寒”，为黛玉诊脉后拟写“黑逍遥”药方，脉案记载其六脉弦迟、肝邪偏旺，药方源自《医略六书·女科指要》，属疏肝保肺之剂。为贾母诊病时隐讳积食病因，仅建议饮食清淡；为巧姐诊断时直言“饿两顿”即可痊愈。该角色三次核心诊疗对应贾府命运转折：贾母积食反映贾府鼎盛，晴雯风寒暗示家族内衰，黛玉虚症预示家族败亡。文中通过其诊疗过程展现清代医患关系及勋贵医疗制度特征。,[PERSON#466]是[BOOK#38]中的虚拟角色，[LOCATION#23][PERSON#36]御医，叔祖为[LOCATION#23]正堂[PERSON#343]。该角色频繁出入[LOCATION#63]诊治，曾为[PERSON#512]、[PERSON#972]、[PERSON#179]、[PERSON#414]、[PERSON#157]、[PERSON#53]、[PERSON#666]等人诊疗，因医术高明且言辞圆滑，深得[LOCATION#63]信任。后为谋求荫封转投军前效力。[PERSON#466]主导多次关键诊疗：为[PERSON#414]治疗“小伤寒”，为[PERSON#666]诊脉后拟写“黑逍遥”药方，脉案记载其六脉弦迟、肝邪偏旺，药方源自[BOOK#6]，属疏肝保肺之剂。为[PERSON#972]诊病时隐讳积食病因，仅建议饮食清淡；为[PERSON#179]诊断时直言“饿两顿”即可痊愈。该角色三次核心诊疗对应[LOCATION#63]命运转折：[PERSON#972]积食反映[LOCATION#63]鼎盛，[PERSON#414]风寒暗示家族内衰，[PERSON#666]虚症预示家族败亡。文中通过其诊疗过程展现清代医患关系及勋贵医疗制度特征。
PERSON#812,赖嬷嬷,荣国府,赖嬷嬷是《红楼梦》中贾府资深仆妇，87版电视剧由梁寿萱饰演。其子赖大任荣府总管，孙赖尚荣经贾府提携出任知县，形成赖家祖孙三代依附贾府的管家体系。赖嬷嬷因服侍过贾府老主子，与贾母同辈且地位特殊，对话时可享坐凳之礼。凤姐寿宴筹款时，贾母直言赖家财力雄厚，印证其家资殷实。赖家宅园以泉石林木著称，赖嬷嬷曾将婢女晴雯献予贾母。赖尚荣出任知县后，赖嬷嬷连摆三日宴席，贾母亲率众人赴宴。她深谙人情世故，曾为周瑞之子求情免于被逐，并训诫宝玉遵守贾府家规。赖家通过三代经营，从奴仆升至官员，赖大掌管大观园修建，赖尚荣却于贾府败落时拒助银两，导致两家关系破裂。,[PERSON#812]是[BOOK#38]中[LOCATION#63]资深仆妇，87版电视剧由[PERSON#298]饰演。其子[PERSON#346_1]任[LOCATION#57]总管，孙[PERSON#745]经[LOCATION#63]提携出任知县，形成[PERSON#584]祖孙三代依附[LOCATION#63]的管家体系。[PERSON#812]因服侍过[LOCATION#63]老主子，与[PERSON#972]同辈且地位特殊，对话时可享坐凳之礼。[PERSON#53]寿宴筹款时，[PERSON#972]直言[PERSON#584]财力雄厚，印证其家资殷实。[PERSON#584]宅园以泉石林木著称，[PERSON#812]曾将婢女[PERSON#414]献予[PERSON#972]。[PERSON#745]出任知县后，[PERSON#812]连摆三日宴席，[PERSON#972]亲率众人赴宴。她深谙人情世故，曾为[PERSON#760]之子求情免于被逐，并训诫[PERSON#157]遵守[LOCATION#63]家规。[PERSON#584]通过三代经营，从奴仆升至[PERSON#152]员，[PERSON#346_1]掌管[LOCATION#20]修建，[PERSON#745]却于[LOCATION#63]败落时拒助银两，导致两家关系破裂。
PERSON#955,鲍二,荣国府,鲍二是《红楼梦》中贾府底层仆役，其人物轨迹存在文本矛盾与版本差异。第四十四回凤姐生日宴偷情事件中，鲍二媳妇上吊后贾琏承诺为其续弦；第六十四回贾珍赠予贾琏的鲍二夫妇被明确标注为"一房家人"；第八十八回鲍二被贾珍鞭打撵出，第一百零六回揭露其真实身份为宁国府借调人员。该角色最终在贾府被抄案中成为关键证人，其招供内容直接导致贾府败落。程高本与脂砚斋批本对其身份处理存在显著差异，形成人物脉络的叙事断裂。,[PERSON#955]是[BOOK#38]中[LOCATION#63]底层仆役，其人物轨迹存在文本矛盾与版本差异。第四十四回[PERSON#53]生日宴偷情事件中，[PERSON#955]媳妇上吊后[PERSON#186_1]承诺为其续弦；第六十四回[PERSON#452]赠予[PERSON#186_1]的[PERSON#955]夫妇被明确标注为"一房家人"；第八十八回[PERSON#955]被[PERSON#452]鞭打撵出，第一百零六回揭露其真实身份为[LOCATION#28]借调人员。该角色最终在[LOCATION#63]被抄案中成为关键证人，其招供内容直接导致[LOCATION#63]败落。[PERSON#412]与[PERSON#457]批本对其身份处理存在显著差异，形成人物脉络的叙事断裂。
PERSON#933,鲍二家的,荣国府,鲍二家的，是清代小说《红楼梦》中的虚构人物，贾府男仆鲍二之妻，于第四十四回“变生不测凤姐泼醋”首次出场，1987版电视剧由赵红饰演。王熙凤生日当天，鲍二家的收取贾琏所赠财物后在贾琏房中私通，诅咒“阎王老婆死了就好了”，引发窗外偷听的凤姐暴怒冲入撕打。混乱中鲍二家的逃离现场，后因奸情败露羞愧自缢。其夫鲍二欲状告凤姐，反被斥为“以尸讹诈”，最终贾琏赔偿二百两银子并承诺另择新妻，鲍二遂停止追究。此事暴露后贾琏遭贾母斥责“脏的臭的都往屋里拉”，被迫向凤姐赔罪。鲍二家的死后，贾琏通过银钱打点平息事端，并为其操办丧事。后文中鲍二另娶之妻在第六十四回等章节再次登场。,[PERSON#933]，是清代小说[BOOK#38]中的虚构人物，[LOCATION#63]男仆[PERSON#955]之妻，于第四十四回“变生不测[PERSON#53]泼醋”首次出场，1987版电视剧由[PERSON#592]饰演。[PERSON#433]生日当天，[PERSON#933]收取[PERSON#186_1]所赠财物后在[PERSON#186_1]房中私通，诅咒“[PERSON#625]老婆死了就好了”，引发窗外偷听的[PERSON#53]暴怒冲入撕打。混乱中[PERSON#933]逃离现场，后因奸情败露羞愧自缢。其夫[PERSON#955]欲状告[PERSON#53]，反被斥为“以尸讹诈”，最终[PERSON#186_1]赔偿二百两银子并承诺另择新妻，[PERSON#955]遂停止追究。此事暴露后[PERSON#186_1]遭[PERSON#972]斥责“脏的臭的都往屋里拉”，被迫向[PERSON#53]赔罪。[PERSON#933]死后，[PERSON#186_1]通过银钱打点平息事端，并为其操办丧事。后文中[PERSON#955]另娶之妻在第六十四回等章节再次登场。
PERSON#186,张大老爷,其他,张大老爷是中国古典小说《红楼梦》中的男性角色，登场于第八十四回“试文字宝玉始提亲 探惊风贾环重结怨”，曾任南韶道道员。清客王尔调曾为贾宝玉向张大老爷家提亲。张家是邢夫人的老亲，家资巨万，只有一位女儿，要求女婿入赘料理家事。贾母以舍不得宝玉为由拒绝，邢夫人亦认为张家吝啬不宜结亲。,[PERSON#186]是[LOCATION#3]古典小说[BOOK#38]中的男性角色，登场于第八十四回“试文字[PERSON#157]始提亲 [PERSON#236][PERSON#616]重结怨”，曾任[LOCATION#13]道员。清客[PERSON#811]曾为[PERSON#733_1]向[PERSON#186]家提亲。[PERSON#197]是[PERSON#95]的老亲，家资巨万，只有一位女儿，要求女婿入赘料理家事。[PERSON#972]以舍不得[PERSON#157]为由拒绝，[PERSON#95]亦认为[PERSON#197]吝啬不宜结亲。
PERSON#252,金文翔,荣国府,金文翔，《红楼梦》里的人物，鸳鸯的哥哥。他是贾母房里的买办。金文翔性格软弱木讷，在贾赦面前只是一味地说“是”，也仅仅是将贾赦的原话传达给鸳鸯而已。,[PERSON#252]，[BOOK#38]里的人物，[PERSON#654]的哥哥。他是[PERSON#972]房里的买办。[PERSON#252]性格软弱木讷，在[PERSON#926]面前只是一味地说“是”，也仅仅是将[PERSON#926]的原话传达给[PERSON#654]而已。
PERSON#106,金鸳鸯,荣国府,金鸳鸯是红楼人物之一，四大烈婢之一，她在《红楼梦》一书中，是贾母的大丫头。甚受信任，因为这个缘故，她在贾府的丫头中有很高的地位。贾母平日倚之若左右手，贾母玩牌，她坐在旁边出主意；贾母摆宴，她入座充当令官。因无名氏续本与曹雪芹原意相差程度不得而知，亦无从考究曹雪芹本意，故通行本120回《红楼梦》的后40回情节，不足以当作判断鸳鸯品性的参考。,[PERSON#106]是红楼人物之一，四大烈婢之一，她在[BOOK#38]一书中，是[PERSON#972]的大丫头。甚受信任，因为这个缘故，她在[LOCATION#63]的丫头中有很高的地位。[PERSON#972]平日倚之若左右手，[PERSON#972]玩牌，她坐在旁边出主意；[PERSON#972]摆宴，她入座充当令[PERSON#152]。因无名氏续本与[PERSON#263]原意相差程度不得而知，亦无从考究[PERSON#263]本意，故通行本120回[BOOK#38]的后40回情节，不足以当作判断[PERSON#654]品性的参考。
PERSON#541,张二,其他,张二（又称张三）是《红楼梦》第八十六回中太平县平民张大之弟，因酒肆争执被薛蟠用酒碗击中囟门致死。案发后，薛蟠家族通过贿赂知县、收买证人李二及同案犯吴良，将故意杀人罪篡改为“失手误碰”逃脱刑罚。其兄张大在公堂申诉未果，案件最终以薛蟠翻案免死告终。,[PERSON#541]（又称[PERSON#189]）是[BOOK#38]第八十六回中[LOCATION#24]平民[PERSON#194]之[PERSON#187]，因酒肆争执被[PERSON#346]用酒碗击中囟门致死。案发后，[PERSON#346]家族通过贿赂知县、收买证人[PERSON#566]及同案犯[PERSON#89]，将故意杀人罪篡改为“失手误碰”逃脱刑罚。其[PERSON#34][PERSON#194]在公堂申诉未果，案件最终以[PERSON#346]翻案免死告终。
PERSON#971,柳湘莲,其他,柳湘莲是曹雪芹长篇小说《红楼梦》中的虚拟人物，别称冷面二郎，原为理国公柳家子弟，父母早逝后读书不成流落江湖。其影视形象包括1987年央视版侯长荣、2010年新版《红楼梦》徐海乔等。柳湘莲性情豪爽不拘礼节，爱好戏剧表演，擅长扮演小生角色并常客串风月戏文，与贾宝玉交好，曾因薛蟠调戏设计痛打对方，后在平安州救下遭劫的薛蟠并与其结拜。经贾琏提议以祖传鸳鸯剑与尤三姐定亲，得知尤三姐与宁国府有瓜葛后索剑悔婚，致其自刎身亡。尤三姐殒命后，柳湘莲于破庙中被跏腿道士点化，截发出家随其离去。该角色性格兼具豪侠与草率，人生经历由世家子弟转为江湖侠客，最终遁入空门。其命运转折与尤三姐悲剧紧密相连，反映了对世俗观念的对抗与自我救赎。,[PERSON#971]是[PERSON#263]长篇小说[BOOK#38]中的虚拟人物，别称[PERSON#47]，原为理国公[PERSON#293]子[PERSON#187]，父母早逝后读书不成流落江湖。其影视形象包括1987年央视版[PERSON#20]、2010年新版[BOOK#38][PERSON#212]等。[PERSON#971]性情豪爽不拘礼节，爱好戏剧表演，擅长扮演小生角色并常客串风月戏文，与[PERSON#733_1]交好，曾因[PERSON#346]调戏设计痛打对方，后在[LOCATION#32]救下遭劫的[PERSON#346]并与其结拜。经[PERSON#186_1]提议以祖传[PERSON#655]与[PERSON#521]定亲，得知[PERSON#521]与[LOCATION#28]有瓜葛后索剑悔婚，致其自刎身亡。[PERSON#521]殒命后，[PERSON#971]于破庙中被跏腿道士点[PERSON#62]，截发出家随其离去。该角色性格兼具豪侠与草率，人生经历由世家子[PERSON#187]转为江湖侠客，最终遁入空门。其命运转折与[PERSON#521]悲剧紧密相连，反映了对世俗观念的对抗与自我救赎。
PERSON#708,张德辉,其他,张德辉是《红楼梦》中皇商薛家当铺的总管，首次登场于第四十八回，名字借用自元代山西人张德辉。张德辉年逾六十，自幼效力薛家，主管当铺事务多年，因处事稳重深得薛家信任。张德辉家境殷实，且通过经营发了不小的财，兼具商业头脑，曾预判纸札香料行情上涨，借返乡之机贩货牟利，并顺势引导薛蟠外出历练；薛蟠为躲羞亦决定同行。临行前薛姨妈隔着窗子千言万语嘱托张德辉照管照管，张德辉满口应承。此次出行数月，但生意一无所获。在薛蟠离家期间张德辉受托协理事务，后于薛蟠涉官司及第九十七回宝钗婚事筹备时，多次被薛家委以重任。虽表面忠诚勤恳，但通过把控商机、经营私利等细节，展露出精于算计的职场策略，其在薛家呈现工作半年休假半年的状态。作为串联薛蟠逃避现实与薛家商运脉络的关键人物，既体现了世家对忠仆的倚重，亦暗含传统商业中主仆信任的潜在矛盾。,[PERSON#708]是[BOOK#38]中皇商[PERSON#503]当铺的总管，首次登场于第四十八回，名字借用自元代山西人[PERSON#708]。[PERSON#708]年逾六十，自幼效力[PERSON#503]，主管当铺事务多年，因处事稳重深得[PERSON#503]信任。[PERSON#708]家境殷实，且通过经营发了不小的财，兼具商业头脑，曾预判纸札香料行情上涨，借返乡之机贩货牟利，并顺势引导[PERSON#346]外出历练；[PERSON#346]为躲羞亦决定同行。临行前[PERSON#390]隔着窗子千言万语嘱托[PERSON#708]照管照管，[PERSON#708]满口应承。此次出行数月，但生意一无所获。在[PERSON#346]离家期间[PERSON#708]受托协理事务，后于[PERSON#346]涉[PERSON#152]司及第九十七回[PERSON#159]婚事筹备时，多次被[PERSON#503]委以重任。虽表面忠诚勤恳，但通过把控商机、经营私利等细节，展露出精于算计的职场策略，其在[PERSON#503]呈现工作半年休假半年的状态。作为串联[PERSON#346]逃避现实与[PERSON#503]商运脉络的关键人物，既体现了世家对忠仆的倚重，亦暗含传统商业中主仆信任的潜在矛盾。
PERSON#684,薛蝌,其他,薛蝌是清代小说《红楼梦》及其衍生作品中的角色，出身四大家族薛家，为薛姨妈侄儿、薛宝琴胞兄，与薛蟠、薛宝钗属堂亲关系。其父为皇室采办海外珍宝的皇商，家世根基深厚且现今大富。薛蝌相貌端正，性情温厚，才学出众且富有修养，与宝钗关系亲近，情同姐弟。因父亲亡故携妹投奔薛姨妈，协助处理家族事务，后经贾母撮合与邢岫烟定亲。两人相识于赴京途中，最终缔结婚约。该角色在1987年央视版《红楼梦》中由刘豪饰演，1989年北影版由王斑出演，2010年李少红执导电视剧版则由黄轩扮演。,[PERSON#684]是清代小说[BOOK#38]及其衍生作品中的角色，出身四大家族[PERSON#503]，为[PERSON#390]侄儿、[PERSON#734]胞[PERSON#34]，与[PERSON#346]、[PERSON#680]属堂亲关系。其父为皇室采办海外珍宝的皇商，家世根基深厚且现今大富。[PERSON#684]相貌端正，性情温厚，才学出众且富有修养，与[PERSON#159]关系亲近，情同姐[PERSON#187]。因父亲亡故携妹投奔[PERSON#390]，协助处理家族事务，后经[PERSON#972]撮合与[PERSON#586]定亲。两人相识于赴[LOCATION#5]途中，最终缔结婚约。该角色在1987年央视版[BOOK#38]中由[PERSON#61]饰演，1989年北影版由[PERSON#353]出演，2010年李少红执导电视剧版则由[PERSON#662]扮演。
PERSON#430,李绮,其他,李绮是清代小说《红楼梦》中的人物，寡嫂李纨的叔伯妹妹、李纹之妹，位列金陵十二钗副册。首次登场于第四十九回，随母进京寄居大观园稻香村，晴雯赞其外貌"水葱儿般水灵"，与邢岫烟等并称"四美"。她自幼学过做诗，与黛玉、宝钗等于“芦雪庭争联即景诗”。后四十回中由王夫人作媒许配甄宝玉。,[PERSON#430]是清代小说[BOOK#38]中的人物，[PERSON#164][PERSON#315]的叔伯妹妹、[PERSON#15]之妹，位列[LOCATION#72][PERSON#65]副册。首次登场于第四十九回，随母进[LOCATION#5]寄居[LOCATION#21]，[PERSON#414]赞其外貌"水葱儿般水灵"，与[PERSON#586]等并称"四美"。她自幼学过做诗，与[PERSON#666]、[PERSON#159]等于“芦雪庭争联即景诗”。后四十回中由[PERSON#15_1]作媒许配[PERSON#376]。
PERSON#734,薛宝琴,其他,薛宝琴，中国古典小说《红楼梦》中的人物，别名琴姑娘、薛小妹，薛姨妈的侄女，王夫人干女儿，薛蝌的胞妹，薛蟠、薛宝钗的堂妹，初次登场于第四十九回“琉璃世界白雪红梅 脂粉香娃割腥啖膻”。薛宝琴本性聪敏，自幼读书识字，游历过四山五岳。在第四十九回中，薛宝琴因与梅翰林之子有婚约，随哥哥薛蝌进京聘嫁，投奔薛姨妈。她相貌出众，雪中折梅胜似仇十洲《双艳图》，贾府众人都十分喜爱，贾母一度欲与宝玉求配，王夫人认其作干女儿。薛宝琴还加入海棠诗社，与大观园众人即景联诗，作《咏红梅花 得“花”字》和《西江月》，以及十首怀古绝句，并回忆真真国女儿诗。她初次参加宁国府除夕祭宗祠活动时，仔细观察贾氏宗祠的建筑装饰及祭祖过程。薛宝琴拥有丰神灵秀之姿、惊人清丽之容、聪颖敏捷之才，堪称《红楼梦》中唯一一位完美到虚幻的女性人物，是实至名归的“兼美”。她一方面是贾府的冷眼旁观者，有见证诸钗零落、贾府衰败之意；另一方面也是打开大观园中女儿眼界的启蒙者，具有大观园群芳的特殊韵味，暗示整个红楼世界的深刻意蕴。,[PERSON#734]，[LOCATION#3]古典小说[BOOK#38]中的人物，别名[PERSON#373]、[PERSON#504]，[PERSON#390]的侄女，[PERSON#15_1]干女儿，[PERSON#684]的胞妹，[PERSON#346]、[PERSON#680]的堂妹，初次登场于第四十九回“琉璃世界[PERSON#385]雪红[PERSON#299] 脂粉香娃割腥啖膻”。[PERSON#734]本性聪敏，自幼读书识字，游历过四山五岳。在第四十九回中，[PERSON#734]因与[PERSON#300]之子有婚约，随哥哥[PERSON#684]进[LOCATION#5]聘嫁，投奔[PERSON#390]。她相貌出众，雪中折[PERSON#299]胜似[PERSON#11][BOOK#8]，[LOCATION#63]众人都十分喜爱，[PERSON#972]一度欲与[PERSON#157]求配，[PERSON#15_1]认其作干女儿。[PERSON#734]还加入海棠诗社，与[LOCATION#20]众人即景联诗，作[BOOK#11]和[BOOK#51]，以及十首怀古绝句，并回忆[PERSON#395]女儿诗。她初次参加[LOCATION#28]除夕祭宗祠活动时，仔细观察[PERSON#561]宗祠的建筑装饰及祭祖过程。[PERSON#734]拥有丰神灵秀之姿、惊人清丽之容、聪颖敏捷之才，堪称[BOOK#38]中唯一一位完美到虚幻的女性人物，是实至名归的“[PERSON#38]”。她一方面是[LOCATION#63]的冷眼旁观者，有见证诸[PERSON#618]零落、[LOCATION#63]衰败之意；另一方面也是打开[LOCATION#20]中女儿眼界的启蒙者，具有[LOCATION#20]群芳的特殊韵味，暗示整个红楼世界的深刻意蕴。
PERSON#586,邢岫烟,其他,邢岫烟是清代小说《红楼梦》中的虚构人物，邢忠夫妇之女，邢夫人侄女。该角色由李伊（1987版）、赵丽颖（2010少年版）、赵梦恬（2010成年版）、杨萍（《黛玉传》）等演员饰演。其生日为阴历四月二十六日，与贾宝玉、平儿、薛宝琴同日。邢岫烟因家贫随父母投靠姑母邢夫人，寄居贾府紫菱洲，虽遭克扣月钱以典当衣物维持生计，仍以端庄稳重性格获得众人尊重。她曾参与芦雪庵联诗创作《咏红梅花》，并与妙玉保持师徒关系。薛姨妈因其性情促成与薛蝌的婚姻，高鹗续书描写二人婚后和睦，但暗示仍处贫寒境遇。曹雪芹通过典衣、咏梅等情节塑造其"闲云野鹤"的形象，其名"岫烟"取自山间云雾意象。研究者指出邢岫烟兼具待人周全与精神修养的"兼美人格"，这一特质与儒释道精神存在关联。,[PERSON#586]是清代小说[BOOK#38]中的虚构人物，[PERSON#599]夫妇之女，[PERSON#95]侄女。该角色由[PERSON#266]（1987版）、[PERSON#585]（2010少年版）、[PERSON#590]（2010成年版）、[PERSON#279]（[BOOK#67]）等演员饰演。其生日为阴历四月二十六日，与[PERSON#733_1]、[PERSON#285]、[PERSON#734]同日。[PERSON#586]因家贫随父母投靠姑母[PERSON#95]，寄居[LOCATION#63][LOCATION#53]，虽遭克扣月钱以典当衣物维持生计，仍以端庄稳重性格获得众人尊重。她曾参与芦雪庵联诗创作[BOOK#10]，并与[PERSON#671]保持师徒关系。[PERSON#390]因其性情促成与[PERSON#684]的婚姻，[PERSON#649]续书描写二人婚后和睦，但暗示仍处贫寒境遇。[PERSON#263]通过典衣、咏[PERSON#299]等情节塑造其"闲云野鹤"的形象，其名"[PERSON#177]"取自山间云雾意象。研究者指出[PERSON#586]兼具待人周全与精神修养的"[PERSON#38]人格"，这一特质与儒释道精神存在关联。
PERSON#15,李纹,其他,李纹是曹雪芹小说《红楼梦》及其衍生作品中的虚拟人物，由田野在2010年版电视剧中饰演，为李纨堂妹、李婶娘之女。李纹与李绮被晴雯赞为“水葱儿般水灵的姑娘”，其性格如梅般美丽高冷又不失坚韧，与李纨的柔弱寡断形成鲜明对比。随母入住大观园期间参与诗社活动，后王夫人提及李纹已许配人家。脂砚斋批注暗示其结局并非简单婚配，部分红学家推测或因贾府败落遭遇变故，与妙玉被拐走的猜想形成互文。,[PERSON#15]是[PERSON#263]小说[BOOK#38]及其衍生作品中的虚拟人物，由[PERSON#383]在2010年版电视剧中饰演，为[PERSON#315]堂妹、[PERSON#360]娘之女。[PERSON#15]与[PERSON#430]被[PERSON#414]赞为“水葱儿般水灵的姑娘”，其性格如[PERSON#299]般美丽高冷又不失坚韧，与[PERSON#315]的柔弱寡断形成鲜明对比。随母入住[LOCATION#20]期间参与诗社活动，后[PERSON#15_1]提及[PERSON#15]已许配人家。[PERSON#457]批注暗示其结局并非简单婚配，部分红学家推测或因[LOCATION#63]败落遭遇变故，与[PERSON#671]被拐走的猜想形成互文。
PERSON#360,李婶,其他,李婶，女，《红楼梦》中的虚拟人物，首见《红楼梦》第四十九回。李婶，李纨寡婶，李纹、李绮之母，性格温柔贤惠，有李纨之风范。贾母和王夫人因赏识李纨的贤惠和年轻守节，对她十分敬重。李婶来访时，贾母坚决留她同住稻香村，不愿她外住。尽管李婶本不愿意，但最终依从贾母意愿，带着李纹李绮在贾府安顿。在贾府，她享受贵客待遇，宴席上与薛姨妈同列，位次仅次于贾母，高于王夫人和邢夫人。,[PERSON#360]，女，[BOOK#38]中的虚拟人物，首见[BOOK#38]第四十九回。[PERSON#360]，[PERSON#315]寡婶，[PERSON#15]、[PERSON#430]之母，性格温柔贤惠，有[PERSON#315]之风范。[PERSON#972]和[PERSON#15_1]因赏识[PERSON#315]的贤惠和年轻守节，对她十分敬重。[PERSON#360]来访时，[PERSON#972]坚决留她同住[LOCATION#52]，不愿她外住。尽管[PERSON#360]本不愿意，但最终依从[PERSON#972]意愿，带着[PERSON#15][PERSON#430]在[LOCATION#63]安顿。在[LOCATION#63]，她享受贵客待遇，宴席上与[PERSON#390]同列，位次仅次于[PERSON#972]，高于[PERSON#15_1]和[PERSON#95]。
PERSON#414,晴雯,荣国府,晴雯，曹雪芹所著中国古典小说《红楼梦》中的人物，初次登场于第五回“游幻境指迷十二钗，饮仙醪曲演红楼梦”，为金陵十二钗又副册之首，是贾宝玉房中的丫鬟之一。晴雯身世不详，十岁时被赖大家买来做丫头，后被赖嬷嬷作为礼物孝敬给贾母使唤，又被分到贾宝玉房里。她先是得罪了李嬷嬷，后又因与麝月拌嘴迁怒于他人，抱怨薛宝钗总来怡红院，没有认出林黛玉的声音，将其关在外面。偶遇为王熙凤办事的红玉时，晴雯先批评其闲逛、不关心院中活计，后又批评其攀高枝。一日宝玉心情不佳，晴雯不小心跌坏扇子，发生争执，夜里宝玉消了气，让晴雯撕扇取乐，二人就此和好。后来晴雯得了风寒，病中得知坠儿偷镯子，大发雷霆将其赶走；夜里宝玉的雀金裘被烧了一个洞，晴雯不顾病体勇补雀金裘。晴雯因得罪王善保家的，被其中伤，王夫人训斥她轻狂浪荡；抄检大观园时，她主动将箱中物品倒给王善保家的看。两日后，王夫人将晴雯赶出，贾宝玉偷偷探望，她倾诉清白后将指甲交给宝玉，并与其换衣服。次日清晨，晴雯被发现已死，死前喊了一夜的娘。宝玉听小丫头说晴雯去作了芙蓉花神，遂为其作《芙蓉女儿诔》。晴雯身份卑微却向往平等，做事尽心尽责、纯情而带叛逆精神，代表下层女奴不屈反抗的典型，也体现贾宝玉尊重女性的思想，表达作者对不公平社会现象、封建道德、传统宗法制度与奴性的批判。,[PERSON#414]，[PERSON#263]所著[LOCATION#3]古典小说[BOOK#38]中的人物，初次登场于第五回“游幻境指迷[PERSON#65]，饮仙醪曲演[PERSON#426]”，为[LOCATION#72][PERSON#65]又副册之首，是[PERSON#733_1]房中的丫鬟之一。[PERSON#414]身世不详，十岁时被[PERSON#346_1]家买来做丫头，后被[PERSON#812]作为礼物孝敬给[PERSON#972]使唤，又被分到[PERSON#733_1]房里。她先是得罪了[PERSON#262]，后又因与[PERSON#609_1]拌嘴迁怒于他人，抱怨[PERSON#680]总来[LOCATION#36]，没有认出[PERSON#41]的声音，将其关在外面。偶遇为[PERSON#433]办事的[PERSON#427]时，[PERSON#414]先批评其闲逛、不关心院中活计，后又批评其攀高枝。一日[PERSON#157]心情不佳，[PERSON#414]不小心跌坏扇子，发生争执，夜里[PERSON#157]消了气，让[PERSON#414]撕扇取乐，二人就此和好。后来[PERSON#414]得了风寒，病中得知[PERSON#555]偷镯子，大发雷霆将其赶走；夜里[PERSON#157]的雀金裘被烧了一个洞，[PERSON#414]不顾病体勇补雀金裘。[PERSON#414]因得罪[PERSON#114]，被其中伤，[PERSON#15_1]训斥她轻狂浪荡；抄检[LOCATION#20]时，她主动将箱中物品倒给[PERSON#114]看。两日后，[PERSON#15_1]将[PERSON#414]赶出，[PERSON#733_1]偷偷探望，她倾诉清[PERSON#385]后将指甲交给[PERSON#157]，并与其换衣服。次日清晨，[PERSON#414]被发现已死，死前喊了一夜的娘。[PERSON#157]听[PERSON#368]说[PERSON#414]去作了芙蓉[PERSON#464]神，遂为其作[BOOK#45]。[PERSON#414]身份卑微却向往平等，做事尽心尽责、纯情而带叛逆精神，代表下层女奴不屈反抗的典型，也体现[PERSON#733_1]尊重女性的思想，表达作者对不公平社会现象、封建道德、传统宗法制度与奴性的批判。
PERSON#133,小螺,荣国府,小螺是清代小说《红楼梦》中薛宝琴的贴身丫环，其人物形象通过多个经典场景展现。在“宝琴立雪”情节中，她手抱红梅立于薛宝琴身后，成为书中极具画面感的描写。小螺性格活泼机敏，曾与香菱、芳官、蕊官等人参与斗草游戏，凸显其喜热闹的特点。作为薛宝琴的随侍丫鬟，她协助主家处理事务，展现了其忠诚与伶俐。,[PERSON#133]是清代小说[BOOK#38]中[PERSON#734]的贴身丫环，其人物形象通过多个经典场景展现。在“[PERSON#158]立雪”情节中，她手抱红[PERSON#299]立于[PERSON#734]身后，成为书中极具画面感的描写。[PERSON#133]性格活泼机敏，曾与[PERSON#645]、[PERSON#791]、[PERSON#554]等人参与斗草游戏，凸显其喜热闹的特点。作为[PERSON#734]的随侍丫鬟，她协助主家处理事务，展现了其忠诚与伶俐。
PERSON#256,宋妈,荣国府,宋妈是贾宝玉房中一名不起眼却稳妥可靠的老年仆妇。她出场极少，仅在第三十七回中因宝玉吩咐给史湘云送荔枝和缠丝白玛瑙碟子而略有描写。她性格沉稳本分，办事谨慎小心——当袭人提醒她碟子贵重、需仔细包好时，宋妈即刻应声“知道了”，并妥帖地将物件用手巾垫着带走，显出其深知府内规矩、细致周到的处事习惯。作为贾府中的底层佣人，她沉默勤恳，是贵族家庭日常运转中一个典型而模糊的背景人物，虽无个人故事展开，却以其恪尽职守的短暂瞬间，映照出贾府仆役系统的秩序与常态。,[PERSON#256]是[PERSON#733_1]房中一名不起眼却稳妥可靠的老年仆妇。她出场极少，仅在第三十七回中因[PERSON#157]吩咐给[PERSON#660]送[PERSON#478]和缠丝[PERSON#385]玛瑙碟子而略有描写。她性格沉稳本分，办事谨慎小心——当[PERSON#512]提醒她碟子贵重、需仔细包好时，[PERSON#256]即刻应声“知道了”，并妥帖地将物件用手巾垫着带走，显出其深知府内规矩、细致周到的处事习惯。作为[LOCATION#63]中的底层佣人，她沉默勤恳，是贵族家庭日常运转中一个典型而模糊的背景人物，虽无个人故事展开，却以其恪尽职守的短暂瞬间，映照出[LOCATION#63]仆役系统的秩序与常态。
PERSON#331,钱启,荣国府,钱启是清代小说《红楼梦》中荣国府的底层仆役，隶属贾宝玉的贴身奴仆群体。该人物首次出场于原著第五十一回（通行本第五十二回），与王荣、张若锦、赵亦华等人同为宝玉身边的小厮。在荣国府仆役体系中，钱启属于贾宝玉侍从队伍成员，其姓名多次出现在不同版本的人物关系图谱及仆役名录中。,[PERSON#331]是清代小说[BOOK#38]中[LOCATION#56]的底层仆役，隶属[PERSON#733_1]的贴身奴仆群体。该人物首次出场于原著第五十一回（通行本第五十二回），与[PERSON#359]、[PERSON#203]、[PERSON#587]等人同为[PERSON#157]身边的小厮。在[LOCATION#56]仆役体系中，[PERSON#331]属于[PERSON#733_1]侍从队伍成员，其姓名多次出现在不同版本的人物关系图谱及仆役名录中。
PERSON#27,篆儿,荣国府,篆儿是《红楼梦》中的虚拟人物，原为贾宝玉房中的丫鬟，后因文本修改被调整为邢岫烟的贴身侍女。其名字与邢岫烟的“烟”字形成意象关联，暗合“烟篆”的文学典故。在第五十二回中，篆儿因晴雯训斥坠儿偷窃虾须镯事件被牵连，脂砚斋批语“前良儿，后篆儿”揭示其早期设定本为偷镯真凶，后经修改为坠儿。该角色在庚辰本中同时出现在宝玉与邢岫烟两处，甲辰本等版本将其名改为“箓儿”“定儿”，反映成书过程中存在删改未净的痕迹。作为底层丫鬟，篆儿被逐的命运折射出贾府等级制度的残酷性。其短暂的出场与双重身份的矛盾，成为解读《红楼梦》版本演变与封建家族权力结构的重要微观样本。,[PERSON#27]是[BOOK#38]中的虚拟人物，原为[PERSON#733_1]房中的丫鬟，后因文本修改被调整为[PERSON#586]的贴身侍女。其名字与[PERSON#586]的“[PERSON#329]”字形成意象关联，暗合“[PERSON#330]”的文学典故。在第五十二回中，[PERSON#27]因[PERSON#414]训斥[PERSON#555]偷窃虾须镯事件被牵连，[PERSON#457]批语“前[PERSON#458]，后[PERSON#27]”揭示其早期设定本为偷镯真凶，后经修改为[PERSON#555]。该角色在庚辰本中同时出现在[PERSON#157]与[PERSON#586]两处，甲辰本等版本将其名改为“[PERSON#420]”“[PERSON#153]”，反映成书过程中存在删改未净的痕迹。作为底层丫鬟，[PERSON#27]被逐的命运折射出[LOCATION#63]等级制度的残酷性。其短暂的出场与双重身份的矛盾，成为解读[BOOK#38]版本演变与封建家族权力结构的重要微观样本。
PERSON#793,兴儿,荣国府,兴儿是中国古典小说《红楼梦》中的人物，荣国府贾琏的心腹小厮，首次出场于第六十五回。他在尤二姐处用“二木头”“玫瑰花”“醋缸”等比喻详述荣国府成员性格，语言通俗诙谐，侧面展现家族人际关系。第六十七回因提及“新奶奶”被王熙凤审讯，被迫供出贾琏偷娶尤二姐之事，间接导致尤二姐悲剧结局。在影视改编中，1987年版《红楼梦》由孙琦饰演该角色，2002年电视剧《红楼丫头》中由黄渤出演，2010年版《红楼梦》由费振翔饰演。,[PERSON#793]是[LOCATION#3]古典小说[BOOK#38]中的人物，[LOCATION#56][PERSON#186_1]的心腹小厮，首次出场于第六十五回。他在[PERSON#945]处用“[PERSON#6]”“玫瑰[PERSON#464]”“醋缸”等比喻详述[LOCATION#56]成员性格，语言通俗诙谐，侧面展现家族人际关系。第六十七回因提及“新奶奶”被[PERSON#433]审讯，被迫供出[PERSON#186_1]偷娶[PERSON#945]之事，间接导致[PERSON#945]悲剧结局。在影视改编中，1987年版[BOOK#38]由[PERSON#147]饰演该角色，2002年电视剧[BOOK#36]中由[PERSON#661]出演，2010年版[BOOK#38]由[PERSON#533]饰演。
PERSON#205,娄氏,其他,《红楼梦》中，娄氏是贾府旁支贾璜之妻（璜大奶奶）的娘家嫂子，仅在第十回“金寡妇贪利权受辱”中短暂出场。她是一位通情达理、处事稳重的妇人。当时，金荣在学堂受气，其母金寡妇（娄氏之妹）欲找贾璜夫妇理论，娄氏及时劝阻，冷静分析了贾府内部的尊卑关系，点明“胳膊折了往袖子里藏”的道理，劝妹妹息事宁人，展现了底层人物在大家族夹缝中生存的清醒与无奈。,[BOOK#38]中，[PERSON#205]是[LOCATION#63]旁支[PERSON#571]之妻（[PERSON#728]）的娘家嫂子，仅在第十回“[PERSON#605]贪利权受辱”中短暂出场。她是一位通情达理、处事稳重的妇人。当时，[PERSON#857]在[LOCATION#27]受气，其母[PERSON#605]（[PERSON#205]之妹）欲找[PERSON#571]夫妇理论，[PERSON#205]及时劝阻，冷静分析了[LOCATION#63]内部的尊卑关系，点明“胳膊折了往袖子里藏”的道理，劝妹妹息事宁人，展现了底层人物在大家族夹缝中生存的清醒与无奈。
PERSON#791,芳官,荣国府,芳官是清代小说《红楼梦》中的女性角色，姑苏人氏，原姓花，原为贾府戏班正旦演员，属“红楼十二官”之一，后分配到贾宝玉的怡红院为丫鬟。87版电视剧由孔繁洁饰演，2010版电视剧由李妍霏饰演。芳官性格骄纵任性，曾因“洗头事件”反抗干娘克扣月钱，在“蔷薇硝事件”中与赵姨娘发生冲突。她帮助柳五儿进入怡红院未果，并在群芳夜宴献唱《赏花时》曲目。宝玉赐其法语名“温都里纳”，形容其“面如满月犹白，眼如秋水还清”。抄检大观园后，芳官被逐出贾府，与藕官、蕊官一同出家水月庵。其形象在“玫瑰露引茯苓霜”事件中展现反抗性格，成为宝玉房中最具戏剧冲突的丫鬟。,[PERSON#791]是清代小说[BOOK#38]中的女性角色，[LOCATION#26]人氏，原姓[PERSON#464]，原为[LOCATION#63]戏班正旦演员，属“[PERSON#425]”之一，后分配到[PERSON#733_1]的[LOCATION#36]为丫鬟。87版电视剧由[PERSON#141]饰演，2010版电视剧由[PERSON#268]饰演。[PERSON#791]性格骄纵任性，曾因“洗头事件”反抗干娘克扣月钱，在“[PERSON#492]事件”中与[PERSON#234]发生冲突。她帮助[PERSON#314_1]进入[LOCATION#36]未果，并在群芳夜宴献唱[BOOK#63]曲目。[PERSON#157]赐其法语名“[PERSON#313]”，形容其“面如满月犹[PERSON#385]，眼如秋水还清”。抄检[LOCATION#20]后，[PERSON#791]被逐出[LOCATION#63]，与[PERSON#176]、[PERSON#554]一同出家[LOCATION#41]。其形象在“玫瑰露引茯苓霜”事件中展现反抗性格，成为[PERSON#157]房中最具戏剧冲突的丫鬟。
PERSON#805,小鹊,荣国府,小鹊，《红楼梦》中角色。小鹊这个名字具有讽刺意味，喜鹊是报喜的，而她却是报忧的。,[PERSON#805]，[BOOK#38]中角色。[PERSON#805]这个名字具有讽刺意味，[PERSON#100]是报喜的，而她却是报忧的。
PERSON#554,蕊官,荣国府,蕊官是《红楼梦》中贾府为迎接元春省亲从姑苏采买的女伶，属梨香院戏班十二官之一，后成为薛宝钗的丫鬟。菂官病逝后接替其饰演小旦角色，与饰演小生的藕官因戏生情。戏班解散后被贾母指派为薛宝钗丫鬟，其分配行为被解读为暗示薛宝钗'续弦'身份的伏笔。在曹雪芹构建的情榜体系中，蕊官被明确列入三副册"聪"类角色，其命运轨迹与薛宝钗存在象征性关联。,[PERSON#554]是[BOOK#38]中[LOCATION#63]为迎接[PERSON#33]省亲从[LOCATION#26]采买的女伶，属[LOCATION#39]戏班十二[PERSON#152]之一，后成为[PERSON#680]的丫鬟。[PERSON#481]病逝后接替其饰演小旦角色，与饰演小生的[PERSON#176]因戏生情。戏班解散后被[PERSON#972]指派为[PERSON#680]丫鬟，其分配行为被解读为暗示[PERSON#680]'续弦'身份的伏笔。在[PERSON#263]构建的情榜体系中，[PERSON#554]被明确列入三副册"聪"类角色，其命运轨迹与[PERSON#680]存在象征性关联。
PERSON#176,藕官,荣国府,藕官是清代小说《红楼梦》中贾府为迎接元妃省亲从苏州采买的十二名女伶之一，在梨香院戏班中专攻小生行当。她在戏曲排演中与饰演小旦的菂官产生同性恋情，二人将戏中夫妻关系延伸至日常生活。菂官病逝后，藕官又与顶替其角色的蕊官延续情感纽带，并由此引发关于情感专一性与变通性的哲理思考。戏班解散后被分派至林黛玉处做丫鬟，最终因不愿被再度转卖选择出家为尼。,[PERSON#176]是清代小说[BOOK#38]中[LOCATION#63]为迎接[PERSON#32]省亲从[LOCATION#55]采买的十二名女伶之一，在[LOCATION#39]戏班中专攻小生行当。她在戏曲排演中与饰演小旦的[PERSON#481]产生同性恋情，二人将戏中夫妻关系延伸至日常生活。[PERSON#481]病逝后，[PERSON#176]又与顶替其角色的[PERSON#554]延续情感纽带，并由此引发关于情感专一性与变通性的哲理思考。戏班解散后被分派至[PERSON#41]处做丫鬟，最终因不愿被再度转卖选择出家为尼。
PERSON#327,豆官,荣国府,豆官是《红楼梦》十二官之一，贾府为元妃省亲采买的女优伶，专工小花脸行当。因身量娇小、性格机灵得名，别名阿豆、炒豆子、豆童。戏班解散后随侍薛宝琴，被改扮为琴童模样，称“豆童”。性情泼辣果决，曾为护芳官冲撞赵姨娘致其狼狈。平日嬉闹无拘，与香菱斗草时调侃对方“想夫妻了”。大观园整饬女伶时，因随侍薛宝琴未遭遣散，成为少数未被驱逐的优伶。其命运转折与贾府治家政策及主仆关系紧密关联，最终因依附对象差异得以保全，折射出贾府优伶群体的生存困境。,[PERSON#327]是[BOOK#38]十二[PERSON#152]之一，[LOCATION#63]为[PERSON#32]省亲采买的女优伶，专工小[PERSON#464]脸行当。因身量娇小、性格机灵得名，别名[PERSON#627]、[PERSON#328]、[PERSON#530]。戏班解散后随侍[PERSON#734]，被改扮为琴童模样，称“[PERSON#530]”。性情泼辣果决，曾为护[PERSON#791]冲撞[PERSON#234]致其狼狈。平日嬉闹无拘，与[PERSON#645]斗草时调侃对方“想夫妻了”。[LOCATION#20]整饬女伶时，因随侍[PERSON#734]未遭遣散，成为少数未被驱逐的优伶。其命运转折与[LOCATION#63]治家政策及主仆关系紧密关联，最终因依附对象差异得以保全，折射出[LOCATION#63]优伶群体的生存困境。
PERSON#913,艾官,荣国府,艾官是《红楼梦》中贾府梨香院十二女伶之一，饰老外行当，首次出场于第五十八回，后成为贾探春的贴身丫鬟。第六十回赵姨娘因蔷薇硝事件殴打芳官时，艾官向探春告发夏婆子挑唆之事，但未被采信。其名取自艾草意象，与所饰老外行当相合，该行当在昆曲中多扮演年老持重者。戏班解散后，艾官最终被干娘领出贾府聘嫁。,[PERSON#913]是[BOOK#38]中[LOCATION#63][LOCATION#39]十二女伶之一，饰老外行当，首次出场于第五十八回，后成为[PERSON#748]的贴身丫鬟。第六十回[PERSON#234]因[PERSON#492]事件殴打[PERSON#791]时，[PERSON#913]向[PERSON#237]告发[PERSON#754]挑唆之事，但未被采信。其名取自艾草意象，与所饰老外行当相合，该行当在昆曲中多扮演年老持重者。戏班解散后，[PERSON#913]最终被干娘领出[LOCATION#63]聘嫁。
PERSON#31,小燕,荣国府,小燕，又名春燕，是《红楼梦》中怡红院内的一个小丫鬟，其形象虽不似袭人、晴雯那般居于笔墨中心，却以其天真、活泼与善良的品性，在贾宝玉的丫鬟群体中留下了一抹清新可人的色彩。她常与芳官、四儿等年纪相仿的小丫头一同玩耍，心地质朴，不谙世故，对主子宝玉和众姐姐们怀有单纯的亲昵与忠诚。在“寿怡红群芳开夜宴”等热闹场景中，她往往充当着积极响应、跑腿传话的活泼角色，如同大观园青春欢乐的一个小小注脚。书中尤为动人的一笔，是她与姑妈、母亲因“洗头”、“蔷薇硝”等事发生冲突后，向宝玉、莺儿等人倾诉委屈的情节。她那些关于“女儿未出嫁是颗无价宝珠”的感慨，虽是从母亲处听来的俗话，却在不经意间道出了贾府乃至世间女子命运变迁的辛酸真相，展现出这个单纯丫头身上偶尔闪现的、未经雕琢的灵性与洞察。总体而言，小燕是怡红院青春图景中一个生动而和谐的组成部分。她的存在，为主子们的诗意生活提供了日常而温暖的底色，其自身的喜怒哀乐，也折射出大观园内下层少女们那份简单而珍贵的悲欢。,[PERSON#31]，又名[PERSON#251]，是[BOOK#38]中[LOCATION#36]内的一个小丫鬟，其形象虽不似[PERSON#512]、[PERSON#414]那般居于笔墨中心，却以其天真、活泼与善良的品性，在[PERSON#733_1]的丫鬟群体中留下了一抹清新可人的色彩。她常与[PERSON#791]、[PERSON#486]等年纪相仿的[PERSON#368]一同玩耍，心地质朴，不谙世故，对主子[PERSON#157]和众姐姐们怀有单纯的亲昵与忠诚。在“寿怡红群芳开夜宴”等热闹场景中，她往往充当着积极响应、跑腿传话的活泼角色，如同[LOCATION#20]青春欢乐的一个小小注脚。书中尤为动人的一笔，是她与姑妈、母亲因“洗头”、“[PERSON#492]”等事发生冲突后，向[PERSON#157]、[PERSON#641]等人倾诉委屈的情节。她那些关于“女儿未出嫁是颗无价宝珠”的感慨，虽是从母亲处听来的俗话，却在不经意间道出了[LOCATION#63]乃至世间女子命运变迁的辛酸真相，展现出这个单纯丫头身上偶尔闪现的、未经雕琢的灵性与洞察。总体而言，[PERSON#31]是[LOCATION#36]青春图景中一个生动而和谐的组成部分。她的存在，为主子们的诗意生活提供了日常而温暖的底色，其自身的喜怒哀乐，也折射出[LOCATION#20]内下层少女们那份简单而珍贵的悲欢。
PERSON#754,夏婆子,荣国府,夏婆子是清代小说《红楼梦》中的老年女仆角色，藕官的干娘、蝉姐儿的外婆，在荣国府当差，由演员乔英在1987年版电视剧中饰演。其外孙女小蝉（探春丫鬟）向探春告发。夏婆子因藕官在园中烧纸祭奠菂官被宝玉阻拦一事怀恨在心，后逢赵姨娘因芳官以粉代硝轻侮贾环之事恼怒，趁机挑唆其以主子身份压制芳官等戏子出身的丫鬟。导致赵姨娘与芳官等人在怡红院发生争斗。,[PERSON#754]是清代小说[BOOK#38]中的老年女仆角色，[PERSON#176]的干娘、[PERSON#514]的外婆，在[LOCATION#56]当差，由演员[PERSON#3]在1987年版电视剧中饰演。其外孙女[PERSON#168]（[PERSON#237]丫鬟）向[PERSON#237]告发。[PERSON#754]因[PERSON#176]在园中烧纸祭奠[PERSON#481]被[PERSON#157]阻拦一事怀恨在心，后逢[PERSON#234]因[PERSON#791]以[PERSON#421]轻侮[PERSON#616]之事恼怒，趁机挑唆其以主子身份压制[PERSON#791]等戏子出身的丫鬟。导致[PERSON#234]与[PERSON#791]等人在[LOCATION#36]发生争斗。
PERSON#241,秦显家的,荣国府,秦显家的，由周贤珍饰演，小说《红楼梦》及其衍生作品中的角色，司棋的婶母、潘又安的舅母，原任大观园南角子上夜职务，外貌特征为“高高的孤拐，大大的眼睛”。第六十一回中经林之孝家的推荐，临时接管大观园厨房事务。她上任后清点出粳米短缺两石、常用米多支一月及炭额不足等亏空，并自费备礼打点林之孝家的及账房，同时宴请同事以稳固职位。因平儿查明柳五儿冤案真相，其任职不足一日即被撤换，所费财物尽数损失。清代文人姜棋以“荣落春风顷刻间”概括其短暂掌权经历。该角色通过投机钻营与仓促失势，折射出大观园权力更迭的戏剧性，其形象在贾府底层仆役中具有典型性。,[PERSON#241]，由[PERSON#99]饰演，小说[BOOK#38]及其衍生作品中的角色，[PERSON#261]的婶母、[PERSON#320]的舅母，原任[LOCATION#20][LOCATION#12]上夜职务，外貌特征为“高高的孤拐，大大的眼睛”。第六十一回中经[PERSON#105]推荐，临时接管[LOCATION#20][LOCATION#14]事务。她上任后清点出粳米短缺两石、常用米多支一月及炭额不足等亏空，并自[PERSON#531]备礼打点[PERSON#105]及账房，同时宴请同事以稳固职位。因[PERSON#285]查明[PERSON#314_1]冤案真相，其任职不足一日即被撤换，所[PERSON#531]财物尽数损失。清代文人[PERSON#135]以“荣落春风顷刻间”概括其短暂掌权经历。该角色通过投机钻营与仓促失势，折射出[LOCATION#20]权力更迭的戏剧性，其形象在[LOCATION#63]底层仆役中具有典型性。
PERSON#366,柳家的,荣国府,柳嫂子，古典小说《红楼梦》中的人物，大观园内厨房主管，柳五儿之母。她曾经在十二个小戏子安置的梨香院里当厨子，因此与小戏子芳官交好。她想通过芳官把女儿送进贾宝玉所住的怡红院，故对怡红院中人格外照顾。她巴结晴雯、芳官，因此怠慢得罪了贾迎春的丫头司棋，被司棋领着缀锦楼的丫头们将大厨房一通乱砸，柳家的怕了，等司棋回去。她忙蒸了司棋要的蛋羹，却被司棋泼于地下。后因小丫头莲花儿等，她被牵连到“玫瑰露”事件。秦显家的乘机买通林之孝家的，企图撵柳家母女出去，并接管厨房。次日，“玫瑰露”事件被平儿按下，柳嫂母女冤情大白，才又回到内厨房管事。柳嫂子具有精明能干，泼辣风趣，惯会小意殷勤，左右逢迎的性格特点。,[PERSON#292]，古典小说[BOOK#38]中的人物，[LOCATION#20]内[LOCATION#14]主管，[PERSON#314_1]之母。她曾经在十二个小戏子安置的[LOCATION#39]里当厨子，因此与小戏子[PERSON#791]交好。她想通过[PERSON#791]把女儿送进[PERSON#733_1]所住的[LOCATION#36]，故对[LOCATION#36]中人格外照顾。她巴结[PERSON#414]、[PERSON#791]，因此怠慢得罪了[PERSON#230]的丫头[PERSON#261]，被[PERSON#261]领着缀锦楼的丫头们将大[LOCATION#14]一通乱砸，[PERSON#366]怕了，等[PERSON#261]回去。她忙蒸了[PERSON#261]要的蛋羹，却被[PERSON#261]泼于地下。后因[PERSON#368][PERSON#112]等，她被牵连到“玫瑰露”事件。[PERSON#241]乘机买通[PERSON#105]，企图撵[PERSON#293]母女出去，并接管[LOCATION#14]。次日，“玫瑰露”事件被[PERSON#285]按下，柳嫂母女冤情大[PERSON#385]，才又回到内[LOCATION#14]管事。[PERSON#292]具有精明能干，泼辣风趣，惯会小意殷勤，左右逢迎的性格特点。
PERSON#112,莲花儿,荣国府,莲花儿是《红楼梦》中的人物，系贾府二小姐迎春房内的小丫鬟，首次登场于第六十一回。该角色在87版电视剧《红楼梦》中由演员张爽饰演。司棋欲食炖鸡蛋，遣莲花儿至厨房传话，因不愿付钱，柳嫂子以鸡蛋短缺为由回绝，莲花儿当即翻查菜柜发现鸡蛋，并与柳嫂子发生争执，期间提及前日豆腐馊了及柳嫂子对晴雯的殷勤态度。莲花儿赌气回去后，将冲突细节夸大禀告司棋，司棋遂率众砸毁厨房器具，直至柳嫂子赔罪方休。在后续的茯苓霜事件中，莲花儿再次出现，与小蝉等媳妇子一起指证柳五儿行为可疑，并主动说出看见露瓶子，带领林之孝家的搜出赃物。莲花儿是迎春房的丫鬟，性格直率且易冲动，在厨房争执中表现强硬，回话时添油加醋引发更大冲突，并在府内事务中参与指证。,[PERSON#112]是[BOOK#38]中的人物，系[LOCATION#63]二小姐[PERSON#595]房内的小丫鬟，首次登场于第六十一回。该角色在87版电视剧[BOOK#38]中由演员[PERSON#200]饰演。[PERSON#261]欲食炖鸡蛋，遣[PERSON#112]至[LOCATION#14]传话，因不愿付钱，[PERSON#292]以鸡蛋短缺为由回绝，[PERSON#112]当即翻查菜柜发现鸡蛋，并与[PERSON#292]发生争执，期间提及前日豆腐馊了及[PERSON#292]对[PERSON#414]的殷勤态度。[PERSON#112]赌气回去后，将冲突细节夸大禀告[PERSON#261]，[PERSON#261]遂率众砸毁[LOCATION#14]器具，直至[PERSON#292]赔罪方休。在后续的茯苓霜事件中，[PERSON#112]再次出现，与[PERSON#168]等媳妇子一起指证[PERSON#314_1]行为可疑，并主动说出看见露瓶子，带领[PERSON#105]搜出赃物。[PERSON#112]是[PERSON#595]房的丫鬟，性格直率且易冲动，在[LOCATION#14]争执中表现强硬，回话时添油加醋引发更大冲突，并在府内事务中参与指证。
PERSON#145,佩凤,宁国府,佩凤是古典小说《红楼梦》中的人物，宁国府贾珍的侍妾，首次登场于第六十三回。作为贾府侍妾群体的一员，她常随尤氏出入大观园，与湘云、香菱等年轻女子交游，性格活泼娇憨。在怡红院群芳夜宴中，因宝玉戏称“耶律雄奴”引发众人嬉笑，佩凤与偕鸳、香菱等人打趣逗乐，误叫“野驴子”绰号，展现其天真烂漫的性情。第七十五回贾府中秋筹备期间，受贾珍指派向尤氏传话安排节礼、协调家宴事务，体现了其在宁府内宅的日常职责。虽为次要角色，但通过零散情节折射出侍妾群体在贵族家庭中的生存状态。,[PERSON#145]是古典小说[BOOK#38]中的人物，[LOCATION#28][PERSON#452]的侍妾，首次登场于第六十三回。作为[LOCATION#63]侍妾群体的一员，她常随[PERSON#777]出入[LOCATION#20]，与[PERSON#318]、[PERSON#645]等年轻女子交游，性格活泼娇憨。在[LOCATION#36]群芳夜宴中，因[PERSON#157]戏称“[PERSON#445]”引发众人嬉笑，[PERSON#145]与[PERSON#29]、[PERSON#645]等人打趣逗乐，误叫“[PERSON#603]”绰号，展现其天真烂漫的性情。第七十五回[LOCATION#63]中秋筹备期间，受[PERSON#452]指派向[PERSON#777]传话安排节礼、协调家宴事务，体现了其在宁府内宅的日常职责。虽为次要角色，但通过零散情节折射出侍妾群体在贵族家庭中的生存状态。
PERSON#945,尤二姐,荣国府,尤二姐，清代曹雪芹所著《红楼梦》中的人物，始见于第十三回《秦可卿死封龙禁尉 王熙凤协理宁国府》，是贾琏的二房，尤氏继母从前夫那里带过来的女儿，尤三姐的姐姐。尤二姐早年由父母做主，与皇粮庄头张华定下指腹为婚的婚约，后随母改嫁进入尤家生活。贾敬去世后，她随母亲、妹妹到宁国府协助料理事务，与贾珍、贾蓉父子过从甚密。贾琏看中尤二姐后，在贾蓉撺掇下，设计帮她退掉与张华的婚约，并纳为外室安置在府外。王熙凤得知后，假意接纳，将尤二姐骗入大观园，暗中唆使仆役苛待于她，又挑拨她与贾赦所赐侍妾秋桐的关系，使其饱受欺凌。后来，尤二姐怀孕，但因庸医误用虎狼药导致流产。最终，悲愤绝望的尤二姐吞金自尽。尤二姐的悲剧命运主要源于其性格核心，即贪图富贵、追求眼前虚荣的价值观。而她进入大观园前后，在性爱道德、气质禀性和为人处世等方面展现的显著差异，源于多重因素：或是为与尤三姐形成对比，或是服务于全书艺术构思，或是作者男权思想的一种折射——体现为男性叙述者对女性角色的强力塑造与控制。尤二姐亦是平民阶层的代表，她热衷豪门生活，渴望获得合法公开的身份认同，最终却无声无息地死去，其悲剧值得普通百姓深思与警醒。这一形象除在原著中有重墨描写外，也在诸多艺术作品中得到演绎，如电视剧《红楼梦》和戏曲《红楼二尤》。,[PERSON#945]，清代[PERSON#263]所著[BOOK#38]中的人物，始见于第十三回[BOOK#35]，是[PERSON#186_1]的二房，[PERSON#777]继母从前夫那里带过来的女儿，[PERSON#521]的姐姐。[PERSON#945]早年由父母做主，与[PERSON#389][PERSON#931]定下指腹为婚的婚约，后随母改嫁进入尤家生活。[PERSON#171]去世后，她随母亲、妹妹到[LOCATION#28]协助料理事务，与[PERSON#452]、[PERSON#88]父子过从甚密。[PERSON#186_1]看中[PERSON#945]后，在[PERSON#88]撺掇下，设计帮她退掉与[PERSON#931]的婚约，并纳为外室安置在府外。[PERSON#433]得知后，假意接纳，将[PERSON#945]骗入[LOCATION#20]，暗中唆使仆役苛待于她，又挑拨她与[PERSON#926]所赐侍妾[PERSON#417]的关系，使其饱受欺凌。后来，[PERSON#945]怀孕，但因庸医误用虎狼药导致流产。最终，悲愤绝望的[PERSON#945]吞金自尽。[PERSON#945]的悲剧命运主要源于其性格核心，即贪图富贵、追求眼前虚荣的价值观。而她进入[LOCATION#20]前后，在性爱道德、气质禀性和为人处世等方面展现的显著差异，源于多重因素：或是为与[PERSON#521]形成对比，或是服务于全书艺术构思，或是作者男权思想的一种折射——体现为男性叙述者对女性角色的强力塑造与控制。[PERSON#945]亦是平民阶层的代表，她热衷豪门生活，渴望获得合法公开的身份认同，最终却无声无息地死去，其悲剧值得普通百姓深思与警醒。这一形象除在原著中有重墨描写外，也在诸多艺术作品中得到演绎，如电视剧[BOOK#38]和戏曲[BOOK#37]。
PERSON#521,尤三姐,其他,尤三姐是中国古典小说《红楼梦》中人物，尤氏继母和前夫的女儿、尤二姐的妹妹，由周月在1987年版电视剧中饰演。她容貌风流，性情刚烈，寄居宁国府期间因家境贫寒被迫与贾珍、贾蓉父子保持暧昧关系，但以泼辣手段抗拒纠缠。尤三姐曾以放纵姿态戏弄贾珍等人，借索取财物发泄愤懑。后倾心柳湘莲并托贾琏定亲，获赠鸳鸯剑为信物。柳湘莲因宁国府污名质疑其贞洁时，尤三姐当面自刎以证清白。其死亡场景成为《红楼梦》中极具悲剧冲击力的情节，柳湘莲最终悔恨出家。曹雪芹通过尤三姐的刚烈抗争，展现封建礼教对女性的压迫。她以自戕实现精神解脱，成为反抗男权社会的典型形象。,[PERSON#521]是[LOCATION#3]古典小说[BOOK#38]中人物，[PERSON#777]继母和前夫的女儿、[PERSON#945]的妹妹，由[PERSON#94]在1987年版电视剧中饰演。她容貌风流，性情刚烈，寄居[LOCATION#28]期间因家境贫寒被迫与[PERSON#452]、[PERSON#88]父子保持暧昧关系，但以泼辣手段抗拒纠缠。[PERSON#521]曾以放纵姿态戏弄[PERSON#452]等人，借索取财物发泄愤懑。后倾心[PERSON#971]并托[PERSON#186_1]定亲，获赠[PERSON#655]为信物。[PERSON#971]因[LOCATION#28]污名质疑其贞洁时，[PERSON#521]当面自刎以证清[PERSON#385]。其死亡场景成为[BOOK#38]中极具悲剧冲击力的情节，[PERSON#971]最终悔恨出家。[PERSON#263]通过[PERSON#521]的刚烈抗争，展现封建礼教对女性的压迫。她以自戕实现精神解脱，成为反抗男权社会的典型形象。
PERSON#527,尤老娘,其他,尤老娘，古典小说《红楼梦》中人物，由演员金文英、王贵娥分别饰演于87版及10版电视剧。其为贾珍继室尤氏的继母，尤二姐、尤三姐生母，与尤氏无血缘关系。早年通过两次婚姻提升社会地位，先嫁皇粮庄头再婚六品京官，丈夫去世后携女依附宁国府贾珍接济。尤老娘默许贾珍、贾琏与女儿厮混，在贾敬丧事期间促成尤二姐与贾琏私婚，接受新宅、衣物及每月五两银子的物质保障。尤二姐被王熙凤设计堕胎后吞金自尽，尤三姐因柳湘莲退婚自刎身亡。尤老娘为维持富贵生活纵容女儿失身贾府，其行为直接导致两女受辱身亡。该角色虽着墨不多，但展现了封建时代依附男性的女性生存困境。,[PERSON#527]，古典小说[BOOK#38]中人物，由演员[PERSON#606]、[PERSON#362]分别饰演于87版及10版电视剧。其为[PERSON#452]继室[PERSON#777]的继母，[PERSON#945]、[PERSON#521]生母，与[PERSON#777]无血缘关系。早年通过两次婚姻提升社会地位，先嫁[PERSON#389]再婚[PERSON#36][LOCATION#5][PERSON#152]，丈夫去世后携女依附[LOCATION#28][PERSON#452]接济。[PERSON#527]默许[PERSON#452]、[PERSON#186_1]与女儿厮混，在[PERSON#171]丧事期间促成[PERSON#945]与[PERSON#186_1]私婚，接受新宅、衣物及每月五两银子的物质保障。[PERSON#945]被[PERSON#433]设计堕胎后吞金自尽，[PERSON#521]因[PERSON#971]退婚自刎身亡。[PERSON#527]为维持富贵生活纵容女儿失身[LOCATION#63]，其行为直接导致两女受辱身亡。该角色虽着墨不多，但展现了封建时代依附男性的女性生存困境。
PERSON#906,俞禄,宁国府,俞禄是曹雪芹小说《红楼梦》中的人物——一个小管家。首见第六十四回《幽淑女悲题五美吟 浪荡子情遗九龙佩》。,[PERSON#906]是[PERSON#263]小说[BOOK#38]中的人物——一个小管家。首见第六十四回[BOOK#22]。
PERSON#931,张华,其他,张华是电视剧《红楼梦》中的虚构人物，出身平民阶层，与尤二姐有指腹为婚的婚约。因家道中落无力迎娶，被王熙凤利用作为打击尤二姐的工具，在都察院诬告贾琏引发丑闻。事后险遭灭口，侥幸逃脱后消失于剧情主线。该角色被列入《红楼梦》“四无辜”群体，其命运折射出封建社会中底层人物被权贵操纵的悲剧性。,[PERSON#931]是电视剧[BOOK#38]中的虚构人物，出身平民阶层，与[PERSON#945]有指腹为婚的婚约。因家道中落无力迎娶，被[PERSON#433]利用作为打击[PERSON#945]的工具，在[LOCATION#71]诬告[PERSON#186_1]引发丑闻。事后险遭灭口，侥幸逃脱后消失于剧情主线。该角色被列入[BOOK#38]“四无辜”群体，其命运折射出封建社会中底层人物被权贵操纵的悲剧性。
PERSON#10,隆儿,荣国府,隆儿是中国古典小说《红楼梦》中贾琏的贴身小厮，首次登场于原著第六十五回。作为贾琏偷娶尤二姐事件中的重要仆从，其核心职能包括传递月银、照料马匹等日常事务。该人物被纳入"十二儿"的仆役群体命名体系，其姓名"隆"与同僚"兴儿""旺儿"形成"兴旺隆盛"的吉祥组合。在具体情节中，隆儿通过"二马同槽"的细节描写，侧面展现了贾府内部复杂的人际关系。,[PERSON#10]是[LOCATION#3]古典小说[BOOK#38]中[PERSON#186_1]的贴身小厮，首次登场于原著第六十五回。作为[PERSON#186_1]偷娶[PERSON#945]事件中的重要仆从，其核心职能包括传递月银、照料马匹等日常事务。该人物被纳入"[PERSON#64]"的仆役群体命名体系，其姓名"[PERSON#634]"与同僚"[PERSON#793]""[PERSON#247]"形成"兴旺[PERSON#634]盛"的吉祥组合。在具体情节中，[PERSON#10]通过"[PERSON#9]"的细节描写，侧面展现了[LOCATION#63]内部复杂的人际关系。
PERSON#381,喜儿,荣国府,喜儿是《红楼梦》中贾琏的贴身小厮之一，其形象在书中着墨极少，却如一面粗朴的镜子，映照出豪门奴仆在特定场合下的真实生态。他主要出现在第六十五回，当贾琏于小花枝巷偷娶尤二姐时，喜儿与隆儿、寿儿一同被遣为心腹随从，负责看守门户、听候使唤。在“二马同槽”的闹剧后，他与同伴在房中饮酒放纵，醉后言语粗鄙、行止惫懒，全然不同于在府内的拘谨模样。这段描写虽简短，却生动揭示了这些下层仆役一旦脱离主子的直接管束，在私密空间中易于显露的原始与庸常之态。喜儿的存在，不仅为贾琏那段不伦之事提供了必要的情节支撑，更以其鲜活的世俗气息，构成了《红楼梦》庞大人物图谱中一个真实而微末的注脚。,[PERSON#381]是[BOOK#38]中[PERSON#186_1]的贴身小厮之一，其形象在书中着墨极少，却如一面粗朴的镜子，映照出豪门奴仆在特定场合下的真实生态。他主要出现在第六十五回，当[PERSON#186_1]于[LOCATION#31]偷娶[PERSON#945]时，[PERSON#381]与[PERSON#10]、[PERSON#165]一同被遣为心腹随从，负责看守门户、听候使唤。在“[PERSON#9]”的闹剧后，他与同伴在房中饮酒放纵，醉后言语粗鄙、行止惫懒，全然不同于在府内的拘谨模样。这段描写虽简短，却生动揭示了这些下层仆役一旦脱离主子的直接管束，在私密空间中易于显露的原始与庸常之态。[PERSON#381]的存在，不仅为[PERSON#186_1]那段不伦之事提供了必要的情节支撑，更以其鲜活的世俗气息，构成了[BOOK#38]庞大人物图谱中一个真实而微末的注脚。
PERSON#354,旺儿媳妇,荣国府,旺儿媳妇，中国古典小说《红楼梦》中的虚构人物，荣国府女仆，王熙凤的陪房，亦称来旺媳妇、旺儿家的。旺儿夫妇长期协助王熙凤经手高利贷放贷收债等事务。该人物倚仗凤姐权势强行替子求娶丫鬟彩霞，其子因酗酒赌博遭到彩霞父母反对，最终仍胁迫彩霞之母应允婚事。该角色事迹主要见于小说第11、14、68、72回等章节。在1987年央视版电视剧《红楼梦》中，该角色由演员白玉玲饰演。,[PERSON#354]，[LOCATION#3]古典小说[BOOK#38]中的虚构人物，[LOCATION#56]女仆，[PERSON#433]的陪房，亦称[PERSON#797]、[PERSON#248]。[PERSON#247]夫妇长期协助[PERSON#433]经手高利贷放贷收债等事务。该人物倚仗[PERSON#53]权势强行替子求娶丫鬟[PERSON#345]，其子因酗酒赌博遭到[PERSON#345]父母反对，最终仍胁迫[PERSON#345]之母应允婚事。该角色事迹主要见于小说第11、14、68、72回等章节。在1987年央视版电视剧[BOOK#38]中，该角色由演员[PERSON#387]饰演。
PERSON#391,善姐,荣国府,善姐是清代小说《红楼梦》中的人物，在金陵十二钗四副册中列为“情损---善姐”，原为王熙凤贴身丫鬟，后被指派服侍尤二姐。在第六十八回出场后，善姐对尤二姐冷言相讥，拒绝为其取头油并克扣饮食。受王熙凤暗中指使，通过言语奚落和生活苛待逼迫尤二姐，最终导致尤二姐吞金自尽。在1987年电视剧《红楼梦》中由孙雪梅饰演该角色。,[PERSON#391]是清代小说[BOOK#38]中的人物，在[LOCATION#72][PERSON#65]四副册中列为“情损---[PERSON#391]”，原为[PERSON#433]贴身丫鬟，后被指派服侍[PERSON#945]。在第六十八回出场后，[PERSON#391]对[PERSON#945]冷言相讥，拒绝为其取头油并克扣饮食。受[PERSON#433]暗中指使，通过言语奚落和生活苛待逼迫[PERSON#945]，最终导致[PERSON#945]吞金自尽。在1987年电视剧[BOOK#38]中由[PERSON#148]饰演该角色。
PERSON#417,秋桐,荣国府,秋桐是清代古典小说《红楼梦》中的虚构人物，原为贾赦房中丫鬟，后被赐予贾琏为妾。该角色性格缺少见识、心胸狭窄，言行粗俗且嫉妒心强，在王熙凤操纵下成为“借剑杀人”工具，通过辱骂诬告等手段间接导致尤二姐吞金自尽，最终因失宠被遣返回家。秋桐在影视改编中共有四个扮演版本：沈璐在1987年电视剧《红楼梦》中饰演该角色，战鹤文在2010年《新版红楼梦》中出演。其他版本包括荣蓉（1989年电视剧《红楼梦》）和刘庭羽（2009年电影《九龙佩》）。,[PERSON#417]是清代古典小说[BOOK#38]中的虚构人物，原为[PERSON#926]房中丫鬟，后被赐予[PERSON#186_1]为妾。该角色性格缺少见识、心胸狭窄，言行粗俗且嫉妒心强，在[PERSON#433]操纵下成为“借剑杀人”工具，通过辱骂诬告等手段间接导致[PERSON#945]吞金自尽，最终因失宠被遣返回家。[PERSON#417]在影视改编中共有四个扮演版本：[PERSON#306]在1987年电视剧[BOOK#38]中饰演该角色，[PERSON#224]在2010年[BOOK#24]中出演。其他版本包括[PERSON#479]（1989年电视剧[BOOK#38]）和[PERSON#59]（2009年电影[BOOK#2]）。
PERSON#961,胡君荣,其他,胡君荣是清代小说《红楼梦》中的虚构太医角色。胡君荣的形象集中展现于两次医疗事件。在第五十一回中，胡君荣为晴雯滥用虎狼药被贾宝玉识破。在第六十九回中，胡君荣误诊尤二姐致其流产并最终死亡。根据1987版《红楼梦》剧本描述，胡太医初诊尤二姐时称其“经水不调，全要大补”，在贾琏提出可能是胎气后，胡太医再次诊脉仍否认，并要求观察尤二姐气色；见到尤二姐后“魂飞魄散，通身麻木”，随后自信地称尤二姐不是胎气而是“迂血凝结”，需下药通经脉，最终导致尤二姐服药后痛苦流产。胡君荣被塑造为无德庸医，其行为既推动关键情节发展，通过第七十四回与王熙凤的互动深化宅斗主线，又暗喻封建社会中医疗制度的缺失。清代法律文献分析指出，其行为若按《清律》“庸医杀伤人”条，可能构成过失杀人或故意杀人罪。辽宁大学研究文献《红楼梦探原》则提出其可能具有民间医生属性。,[PERSON#961]是清代小说[BOOK#38]中的虚构太医角色。[PERSON#961]的形象集中展现于两次医疗事件。在第五十一回中，[PERSON#961]为[PERSON#414]滥用虎狼药被[PERSON#733_1]识破。在第六十九回中，[PERSON#961]误诊[PERSON#945]致其流产并最终死亡。根据1987版[BOOK#38]剧本描述，[PERSON#449]初诊[PERSON#945]时称其“经水不调，全要大补”，在[PERSON#186_1]提出可能是胎气后，[PERSON#449]再次诊脉仍否认，并要求观察[PERSON#945]气色；见到[PERSON#945]后“魂飞魄散，通身麻木”，随后自信地称[PERSON#945]不是胎气而是“迂血凝结”，需下药通经脉，最终导致[PERSON#945]服药后痛苦流产。[PERSON#961]被塑造为无德庸医，其行为既推动关键情节发展，通过第七十四回与[PERSON#433]的互动深[PERSON#62]宅斗主线，又暗喻封建社会中医疗制度的缺失。清代法律文献分析指出，其行为若按[BOOK#28]“庸医杀伤人”条，可能构成过失杀人或故意杀人罪。辽宁大学研究文献[BOOK#41]则提出其可能具有民间医生属性。
PERSON#563,喜鸾,其他,喜鸾是清代小说《红楼梦》中的虚构人物，出自贾府远支宗亲，为贾宝玉的远房堂妹，推测属金陵十二钗副册成员，未见于任何影视改编版本。其角色首次登场于第七十一回贾母八旬寿宴，因举止出众与四姐儿同受贾母青睐，被特批留宿大观园并由探春照料。在宴席间隙与宝玉对话期间，她以"等这里姐姐们都出阁，我来和你做伴儿"的率真回应引发关注，展现与宝玉精神共鸣的特质。贾母曾多次叮嘱不可因其贫寒出身怠慢，显见对其特殊关照。其家境清贫但保持灵性，通过观察凤姐辛酸、探春困境等细节，成为解构贾府表象的旁观者。曹雪芹未及展开该角色后续发展，现存文本仅展现其在家族衰败前的惊鸿一瞥。作为前八十回末尾出现的次要人物，其命运走向与艺术功能仍是红学研究的未解之谜。,[PERSON#563]是清代小说[BOOK#38]中的虚构人物，出自[LOCATION#63]远支宗亲，为[PERSON#733_1]的远房堂妹，推测属[LOCATION#72][PERSON#65]副册成员，未见于任何影视改编版本。其角色首次登场于第七十一回[PERSON#972]八旬寿宴，因举止出众与[PERSON#103]同受[PERSON#972]青睐，被特批留宿[LOCATION#20]并由[PERSON#237]照料。在宴席间隙与[PERSON#157]对话期间，她以"等这里姐姐们都出阁，我来和你做伴儿"的率真回应引发关注，展现与[PERSON#157]精神共鸣的特质。[PERSON#972]曾多次叮嘱不可因其贫寒出身怠慢，显见对其特殊关照。其家境清贫但保持灵性，通过观察[PERSON#53]辛酸、[PERSON#237]困境等细节，成为解构[LOCATION#63]表象的旁观者。[PERSON#263]未及展开该角色后续发展，现存文本仅展现其在家族衰败前的惊鸿一瞥。作为前八十回末尾出现的次要人物，其命运走向与艺术功能仍是红学研究的未解之谜。
PERSON#609,周太监,其他,周太监是中国古典小说《红楼梦》中的人物，位列四宦官之一，属于皇室侍从群体。他依仗皇权，以权谋私，曾向贾府索要巨额银两，因贾琏回应稍慢而心生不满，展现了当时官场腐败中太监群体的弄权干政现象。,[PERSON#609]是[LOCATION#3]古典小说[BOOK#38]中的人物，位列四宦[PERSON#152]之一，属于皇室侍从群体。他依仗皇权，以权谋私，曾向[LOCATION#63]索要巨额银两，因[PERSON#186_1]回应稍慢而心生不满，展现了当时[PERSON#152]场腐败中太监群体的弄权干政现象。
PERSON#355,小霞,荣国府,在《红楼梦》中，小霞是贾府中一个着墨不多却作用关键的小人物。她是王夫人房中丫鬟彩霞的妹妹，同样在府内当差。这段文本正展示了她的出场：因姐姐彩霞的婚事危机（恐被配给旺儿不成器的儿子），她被彩霞“悄命”进二门来寻赵姨娘打听消息、疏通关节，充当了姐妹间在深宅中传递信息和诉求的信使。小霞的这次奔走，直接引出了赵姨娘向贾政求情、以及后续“宝玉婚事”话题的意外爆发，可谓是一石激起千层浪，推动了情节发展。通过她，读者得以窥见贾府底层丫鬟面对命运时的焦虑、她们之间紧密的姐妹情谊，以及她们如何利用有限的行动空间试图争取转机。小霞虽是一闪而过的角色，却是连接彩霞、赵姨娘乃至贾政等不同阶层人物的一个生动纽带。,在[BOOK#38]中，[PERSON#355]是[LOCATION#63]中一个着墨不多却作用关键的小人物。她是[PERSON#15_1]房中丫鬟[PERSON#345]的妹妹，同样在府内当差。这段文本正展示了她的出场：因姐姐[PERSON#345]的婚事危机（恐被配给[PERSON#247]不成器的儿子），她被[PERSON#345]“悄命”进[LOCATION#4]来寻[PERSON#234]打听消息、疏通关节，充当了姐妹间在深宅中传递信息和诉求的信使。[PERSON#355]的这次奔走，直接引出了[PERSON#234]向[PERSON#357]求情、以及后续“[PERSON#157]婚事”话题的意外爆发，可谓是一石激起千层浪，推动了情节发展。通过她，读者得以窥见[LOCATION#63]底层丫鬟面对命运时的焦虑、她们之间紧密的姐妹情谊，以及她们如何利用有限的行动空间试图争取转机。[PERSON#355]虽是一闪而过的角色，却是连接[PERSON#345]、[PERSON#234]乃至[PERSON#357]等不同阶层人物的一个生动纽带。
PERSON#506,傻大姐,荣国府,傻大姐是清代小说《红楼梦》中的虚构人物，贾母房中负责粗活的丫鬟，因体态丰硕、性格痴顽得名。该角色在1944年至2010年的多个影视改编版本中由沈殿霞、张海燕等演员塑造。作为贾府底层仆役，她两次出场均触发关键情节。第七十三回误拾绣春囊引发抄检大观园，暴露家族内部矛盾；第九十六回无意泄露宝玉与宝钗婚讯，间接导致黛玉病逝。其愚钝言行成为揭开封建礼教虚伪性的叙事枢纽。曹雪芹通过该角色设计，以“误拾”“错言”等情节推动家族崩塌的核心冲突。看似荒诞的行为背后，暗含封建制度崩解的隐喻。这一兼具喜剧色彩与悲剧功能的形象，在《红楼梦》叙事结构中具有特殊意义。,[PERSON#506]是清代小说[BOOK#38]中的虚构人物，[PERSON#972]房中负责粗活的丫鬟，因体态丰硕、性格痴顽得名。该角色在1944年至2010年的多个影视改编版本中由[PERSON#304]、[PERSON#199]等演员塑造。作为[LOCATION#63]底层仆役，她两次出场均触发关键情节。第七十三回误拾绣春囊引发抄检[LOCATION#20]，暴露家族内部矛盾；第九十六回无意泄露[PERSON#157]与[PERSON#159]婚讯，间接导致[PERSON#666]病逝。其愚钝言行成为揭开封建礼教虚伪性的叙事枢纽。[PERSON#263]通过该角色设计，以“误拾”“错言”等情节推动家族崩塌的核心冲突。看似荒诞的行为背后，暗含封建制度崩解的隐喻。这一兼具喜剧色彩与悲剧功能的形象，在[BOOK#38]叙事结构中具有特殊意义。
PERSON#513,王住儿家的,荣国府,王住儿家的是《红楼梦》中一个着墨不多但形象鲜明的仆妇，她是贾迎春乳母的儿媳。其最为人知的出场是在“懦小姐不问累金凤”事件中：她的婆婆偷了迎春的首饰“累金凤”去赌钱，事情败露后，王住儿家的不仅不归还，反而到迎春房中强词夺理、倒打一耙，以日常“贴补”为名公然欺压懦弱的主子。这个刁钻耍赖、仗势欺人的恶仆形象，活生生地折射出贾府下人管理的混乱与败落之象。她的这场闹剧，直接引出了丫鬟绣桔的据理力争和探春的仗义执言，在反衬迎春怯懦无能的同时，也凸显了探春的精明果敢，成为展现贾府内部矛盾与人物性格的精彩一笔。,[PERSON#513]是[BOOK#38]中一个着墨不多但形象鲜明的仆妇，她是[PERSON#230]乳母的儿媳。其最为人知的出场是在“懦小姐不问累金凤”事件中：她的婆婆偷了[PERSON#595]的首饰“累金凤”去赌钱，事情败露后，[PERSON#513]不仅不归还，反而到[LOCATION#68]强词夺理、倒打一耙，以日常“贴补”为名公然欺压懦弱的主子。这个刁钻耍赖、仗势欺人的恶仆形象，活生生地折射出[LOCATION#63]下人管理的混乱与败落之象。她的这场闹剧，直接引出了丫鬟[PERSON#432]的据理力争和[PERSON#237]的仗义执言，在反衬[PERSON#595]怯懦无能的同时，也凸显了[PERSON#237]的精明果敢，成为展现[LOCATION#63]内部矛盾与人物性格的精彩一笔。
PERSON#444,王柱儿,荣国府,王柱儿是清代小说《红楼梦》中贾府的重要仆役群体"十二家人"成员之一。该群体在部分资料中也被称为"十二管家"，主要承担贾府内外的管理事务。王柱儿与其他十一名成员（如赖大、焦大、周瑞等）共同构成贾府仆役体系的核心层级。,[PERSON#444]是清代小说[BOOK#38]中[LOCATION#63]的重要仆役群体"十二家人"成员之一。该群体在部分资料中也被称为"十二管家"，主要承担[LOCATION#63]内外的管理事务。[PERSON#444]与其他十一名成员（如[PERSON#346_1]、[PERSON#963]、[PERSON#760]等）共同构成[LOCATION#63]仆役体系的核心层级。
PERSON#114,王善保家的,荣国府,王善保家的是清代小说《红楼梦》中人物，贾府大房邢夫人的陪房，司棋的外祖母，角色由金淑媛（1987版电视剧）、栩栩（2010版电视剧）等演员饰演。作为邢夫人心腹，借绣春囊事件挑唆王夫人抄检大观园，意图打压不奉承己的丫鬟。其间诬陷晴雯“妖娆轻狂”致其被逐病死，搜查林黛玉丫鬟房间却避开薛宝钗居处，更因掀贾探春衣襟遭掌掴。最终搜查外孙女司棋时，暴露其与表弟潘又安的私通书信，当场羞愧自扇耳光，后被邢夫人责打沦为笑柄。此角色贯穿抄检事件始终，既推动矛盾激化又自作自受，集中体现了封建家族中刁奴仗势欺人、公报私仇的丑态。,[PERSON#114]是清代小说[BOOK#38]中人物，[LOCATION#63]大房[PERSON#95]的陪房，[PERSON#261]的外祖母，角色由[PERSON#611]（1987版电视剧）、[PERSON#296]（2010版电视剧）等演员饰演。作为[PERSON#95]心腹，借绣春囊事件挑唆[PERSON#15_1]抄检[LOCATION#20]，意图打压不奉承己的丫鬟。其间诬陷[PERSON#414]“妖娆轻狂”致其被逐病死，搜查[PERSON#41]丫鬟房间却避开[PERSON#680]居处，更因掀[PERSON#748]衣襟遭掌掴。最终搜查外孙女[PERSON#261]时，暴露其与表[PERSON#187][PERSON#320]的私通书信，当场羞愧自扇耳光，后被[PERSON#95]责打沦为笑柄。此角色贯穿抄检事件始终，既推动矛盾激[PERSON#62]又自作自受，集中体现了封建家族中刁奴仗势欺人、公报私仇的丑态。
PERSON#127,银蝶儿,宁国府,银蝶儿是中国古典小说《红楼梦》中的虚构人物，为宁国府尤氏的贴身丫鬟。尤氏作为贾珍续弦，因无子女且娘家无人，而银蝶儿对此表现出不满情绪。在第七十五回“开夜宴异兆发悲音”中，尤氏至大观园李纨处洗脸时，丫鬟炒豆儿以不当姿态端水，银蝶儿借机暗讽下人欺主，直言“奶奶不过待咱们宽些”便失了规矩。该事件体现出银蝶儿维护主子的鲜明立场。贾母曾令银蝶儿陪同尤氏用饭，可见其在宁国府中具有一定体面。,[PERSON#127]是[LOCATION#3]古典小说[BOOK#38]中的虚构人物，为[LOCATION#28][PERSON#777]的贴身丫鬟。[PERSON#777]作为[PERSON#452]续弦，因无子女且娘家无人，而[PERSON#127]对此表现出不满情绪。在第七十五回“开夜宴异兆发悲音”中，[PERSON#777]至[LOCATION#20][PERSON#315]处洗脸时，丫鬟[PERSON#326]以不当姿态端水，[PERSON#127]借机暗讽下人欺主，直言“奶奶不过待咱们宽些”便失了规矩。该事件体现出[PERSON#127]维护主子的鲜明立场。[PERSON#972]曾令[PERSON#127]陪同[PERSON#777]用饭，可见其在[LOCATION#28]中具有一定体面。
PERSON#921,邢德全,其他,邢德全是小说《红楼梦》中邢夫人的胞弟，因嗜酒滥赌被称为"傻大舅"，属贾府姻亲中的次要人物。他在第七十五回向贾珍披露邢夫人把持家私，透露邢家原有资产被邢夫人出嫁时带走，导致其生活拮据。邢家原为寒门，后因邢老爷考中举人跻身乡绅阶层，但因家财流失导致经济困顿。其性格兼具挥霍无度的颓废面与同情贫困学子的善意行为。第七十五回醉酒揭露家族矛盾的场景，成为展现贾府内部关系的重要片段。部分同人作品赋予其重生后改变命运的故事线。,[PERSON#921]是小说[BOOK#38]中[PERSON#95]的胞[PERSON#187]，因嗜酒滥赌被称为"[PERSON#30]"，属[LOCATION#63]姻亲中的次要人物。他在第七十五回向[PERSON#452]披露[PERSON#95]把持家私，透露[PERSON#598]家原有资产被[PERSON#95]出嫁时带走，导致其生活拮据。[PERSON#598]家原为寒门，后因[PERSON#598][PERSON#960]考中举人跻身乡绅阶层，但因家财流失导致经济困顿。其性格兼具挥霍无度的颓废面与同情贫困学子的善意行为。第七十五回醉酒揭露家族矛盾的场景，成为展现[LOCATION#63]内部关系的重要片段。部分同人作品赋予其重生后改变命运的故事线。
PERSON#842,宝蟾,其他,宝蟾是古典小说《红楼梦》及其衍生作品中的角色，夏金桂的陪房丫鬟，首次登场于原著第80回。在影视改编中，该角色由阎青妤（1987版）、许歌（2010版）、孙唯书（2020版）等演员饰演。宝蟾生有三分姿色且举止轻浮，与其主夏金桂结成利益同盟，协助设计引诱薛蟠以排挤香菱，导致香菱被毒打驱逐。后因争宠与夏金桂反目并互相缠斗。薛蟠入狱后，宝蟾与夏金桂合谋勾引薛蝌未果，又在金桂投毒香菱时调换汤碗致其误服身亡，最终因罪行败露入狱。该角色被塑造为工于心计、手段阴毒的侍妾形象，与秋桐同属泼辣狠戾类型，和平儿的隐忍善良形成鲜明对比。,[PERSON#842]是古典小说[BOOK#38]及其衍生作品中的角色，[PERSON#250_1]的陪房丫鬟，首次登场于原著第80回。在影视改编中，该角色由阎青妤（1987版）、许歌（2010版）、孙唯书（2020版）等演员饰演。[PERSON#842]生有三分姿色且举止轻浮，与其主[PERSON#250_1]结成利益同盟，协助设计引诱[PERSON#346]以排挤[PERSON#645]，导致[PERSON#645]被毒打驱逐。后因争宠与[PERSON#250_1]反目并互相缠斗。[PERSON#346]入狱后，[PERSON#842]与[PERSON#250_1]合谋勾引[PERSON#684]未果，又在[PERSON#610]投毒[PERSON#645]时调换汤碗致其误服身亡，最终因罪行败露入狱。该角色被塑造为工于心计、手段阴毒的侍妾形象，与[PERSON#417]同属泼辣狠戾类型，和[PERSON#285]的隐忍善良形成鲜明对比。
PERSON#226,王一贴,其他,王一贴是清代小说《红楼梦》中的虚构人物，登场于第八十回，为天齐庙道士，在1987年版电视剧《红楼梦》中由潘虹饰演。他常年在宁荣二府售卖膏药，自称“一贴百病皆除”，实际并无疗效。贾宝玉询问治疗“女人妒病”时，王一贴编造“疗妒汤”药方应付，并坦言膏药皆为伪造。该人物原型为清代铃医群体，以摇铃行医得名，赵学敏《串雅》曾记载此类江湖医者。王一贴自称“不过是闲着解午盹罢了”，承认膏药仅用于消遣，缺乏职业认同感。其故事后被《图说民法典：红楼梦》新媒体作品引为虚假宣传案例。,[PERSON#226]是清代小说[BOOK#38]中的虚构人物，登场于第八十回，为[LOCATION#22]道士，在1987年版电视剧[BOOK#38]中由[PERSON#321]饰演。他常年在[LOCATION#29]售卖膏药，自称“一贴百病皆除”，实际并无疗效。[PERSON#733_1]询问治疗“女人妒病”时，[PERSON#226]编造“疗妒汤”药方应付，并坦言膏药皆为伪造。该人物原型为清代铃医群体，以摇铃行医得名，[PERSON#589][BOOK#1]曾记载此类江湖医者。[PERSON#226]自称“不过是闲着解午盹罢了”，承认膏药仅用于消遣，缺乏职业认同感。其故事后被[BOOK#12]新媒体作品引为虚假宣传案例。
PERSON#701,吴大人,其他,吴大人在《红楼梦》中是一位仅在对话中被提及的官员，并未正式出场。从北静王对宝玉的转述可知，他是一位巡抚（地方最高行政长官），在进京陛见皇帝时，曾当面称赞宝玉父亲贾政前任学政时秉公办事、深得生童之心，并向皇上进行了保举。北静王借此传达圣意与官场佳评，以安抚和勉励贾府。这个人物虽是一笔带过，却起到了重要的叙事作用：其一，侧面烘托了贾政为官清正、颇有官声的形象；其二，展现了当时高级官员之间的人情往来与信息传递；其三，通过北静王之口转述，既彰显了王爷对贾家的眷顾提携之情，也为贾府在政治风暴中暂时留下了一丝正面的背景音。吴大人宛如官场舆情的一个符号，其“保举”构成了贾府在“沐皇恩、延世泽”表面下，所依赖的脆弱政治网络中的一环。,[PERSON#701]在[BOOK#38]中是一位仅在对话中被提及的[PERSON#152]员，并未正式出场。从[PERSON#63]对[PERSON#157]的转述可知，他是一位巡抚（地方最高行政长[PERSON#152]），在进[LOCATION#5]陛见皇帝时，曾当面称赞[PERSON#157]父亲[PERSON#357]前任学政时秉公办事、深得生童之心，并向皇上进行了保举。[PERSON#63]借此传达圣意与[PERSON#152]场佳评，以安抚和勉励[LOCATION#63]。这个人物虽是一笔带过，却起到了重要的叙事作用：其一，侧面烘托了[PERSON#357]为[PERSON#152]清正、颇有[PERSON#152]声的形象；其二，展现了当时高级[PERSON#152]员之间的人情往来与信息传递；其三，通过[PERSON#63]之口转述，既彰显了[PERSON#339][PERSON#334]对[PERSON#545]的眷顾提携之情，也为[LOCATION#63]在政治风暴中暂时留下了一丝正面的背景音。[PERSON#701]宛如[PERSON#152]场舆情的一个符号，其“保举”构成了[LOCATION#63]在“沐皇恩、延世泽”表面下，所依赖的脆弱政治网络中的一环。
PERSON#500,李祥,荣国府,李祥是《红楼梦》中一个极其边缘的男性小厮，仅在第九十三回“甄家仆投靠贾家门 水月庵掀翻风月案”中短暂出场。他是贾府管家赖大的儿子，因贾芹在水月庵（馒头庵）聚赌窝娼、欺凌女尼的丑事败露，贾琏派李祥前去传唤贾芹回府问话。李祥在此处扮演了一个纯粹的“传声筒”和“跑腿”角色，他既无独立性格描写，也无推动情节的关键作用，其存在仅仅是为了完成“通知贾芹”这一情节任务，是封建大家族中底层办事人员的典型缩影。,[PERSON#500]是[BOOK#38]中一个极其边缘的男性小厮，仅在第九十三回“[PERSON#378]仆投靠[PERSON#545]门 [LOCATION#41]掀翻[PERSON#644]”中短暂出场。他是[LOCATION#63]管家[PERSON#346_1]的儿子，因[PERSON#79]在[LOCATION#41]（[LOCATION#77]）聚赌窝娼、欺凌女尼的丑事败露，[PERSON#186_1]派[PERSON#500]前去传唤[PERSON#79]回府问话。[PERSON#500]在此处扮演了一个纯粹的“传声筒”和“跑腿”角色，他既无独立性格描写，也无推动情节的关键作用，其存在仅仅是为了完成“通知[PERSON#79]”这一情节任务，是封建大家族中底层办事人员的典型缩影。
PERSON#977,冯渊,其他,冯渊是清代小说《红楼梦》第四回登场的小乡绅之子，名字谐音“逢冤”，隐喻其蒙冤而亡的命运。自幼父母双亡，独守薄产生活，原以喜男风闻名，遇见被拐卖的甄英莲后决意赎娶为妾，并立誓不再另娶。他因拐子将英莲同时卖给薛蟠，与薛家争夺时遭薛蟠主仆殴打致死。这一冲突引出薛蟠投奔贾府的情节，并串联起英莲命运转折与四大家族权势网的交织。其短暂人生折射出书中“薄命”主题：与英莲的相遇本可成为相互救赎的契机，却因权贵介入演化为双重悲剧。脂砚斋评注称其死亡暗含“善恶相缠”的宿命讽刺，借薛蟠形象揭露贵族阶层对平民生命的漠视。冯渊虽仅在书中昙花一现，却是推动主线发展的关键角色。其死亡既是英莲终身悲剧的起点，也成为《红楼梦》“千红一哭”主题的早期注解。,[PERSON#977]是清代小说[BOOK#38]第四回登场的小乡绅之子，名字谐音“[PERSON#597]”，隐喻其蒙冤而亡的命运。自幼父母双亡，独守薄产生活，原以喜男风闻名，遇见被拐卖的[PERSON#841]后决意赎娶为妾，并立誓不再另娶。他因拐子将[PERSON#470]同时卖给[PERSON#346]，与[PERSON#503]争夺时遭[PERSON#346]主仆殴打致死。这一冲突引出[PERSON#346]投奔[LOCATION#63]的情节，并串联起[PERSON#470]命运转折与四大家族权势网的交织。其短暂人生折射出书中“薄命”主题：与[PERSON#470]的相遇本可成为相互救赎的契机，却因权贵介入演[PERSON#62]为双重悲剧。[PERSON#457]评注称其死亡暗含“善恶相缠”的宿命讽刺，借[PERSON#346]形象揭露贵族阶层对平民生命的漠视。[PERSON#977]虽仅在书中昙[PERSON#464]一现，却是推动主线发展的关键角色。其死亡既是[PERSON#470]终身悲剧的起点，也成为[BOOK#38]“千红一哭”主题的早期注解。
PERSON#19,张王氏,其他,张王氏是出现在《红楼梦》的“薛蟠殴伤张三致死案”中，书中塑造了一个底层苦主形象。她是死者张三的母亲，一个居住在南乡、丈夫与两个儿子均已去世的贫苦老妇，仅存的儿子张三二十三岁未娶，在李家酒店做“当槽儿的”谋生。她在公堂上的哭诉构成了案件的关键证词：她以极为朴实悲怆的语言，道出了家中赤贫、儿子惨死的境况，“我的青天老爷，小的就唬死了”等话语充满了真实而令人心酸的冲击力。她当庭欲揪住薛蟠拚命的冲动与衙役的吆喝，更是生动展现了伸冤无门的弱势百姓与衙门威仪之间的尖锐张力。张王氏这一形象虽寥寥数笔，却是《红楼梦》深刻描写社会现实、展现“人命官司”中权势（薛家）与平民（张家）巨大悬殊的不可或缺的一环，她的血泪控诉使得薛蟠的恶行与封建司法的不公更显具体和沉重。,[PERSON#19]是出现在[BOOK#38]的“[PERSON#346]殴伤[PERSON#189]致死案”中，书中塑造了一个底层苦主形象。她是死者[PERSON#189]的母亲，一个居住在[LOCATION#9]、丈夫与两个儿子均已去世的贫苦老妇，仅存的儿子[PERSON#189]二十三岁未娶，在[PERSON#271]酒店做“当槽儿的”谋生。她在公堂上的哭诉构成了案件的关键证词：她以极为朴实悲怆的语言，道出了家中赤贫、儿子惨死的境况，“我的青天[PERSON#960]，小的就唬死了”等话语充满了真实而令人心酸的冲击力。她当庭欲揪住[PERSON#346]拚命的冲动与衙役的吆喝，更是生动展现了伸冤无门的弱势百姓与衙门威仪之间的尖锐[PERSON#188]力。[PERSON#19]这一形象虽寥寥数笔，却是[BOOK#38]深刻描写社会现实、展现“人命[PERSON#152]司”中权势（[PERSON#503]）与平民（[PERSON#197]）巨大悬殊的不可或缺的一环，她的血泪控诉使得[PERSON#346]的恶行与封建司法的不公更显具体和沉重。
PERSON#671,妙玉,其他,妙玉，《红楼梦》金陵十二钗之一，苏州人士，是一个带发修行的居士。她原是仕宦人家的小姐，自小在玄墓蟠香寺出家为尼。贾府建造大观园，妙玉入住栊翠庵。她在贾母、王夫人面前从容自若，不卑不亢；在大观园的日子里，她与贾宝玉、黛玉、宝钗、湘云、贾惜春、邢岫烟结下友谊；她美丽聪颖，心性高洁，却遭人嫉恨，举世难容；她是佛家弟子，文学上却大爱庄子，感情上又尘缘未了，不洁不空；她才华馥郁，品位高雅，栊翠庵品茶，刻画她茶艺精湛，中秋夜联诗，塑造她为“红楼诗仙”。宝玉丢失通灵宝玉，岫烟请妙玉扶乩。贾母病危，妙玉不请自来，探望病情。贾母出殡次日，妙玉被贼人掳走，宝玉悲伤叹惋。再后来，贾府传闻她在海边遇害。,[PERSON#671]，[BOOK#38][LOCATION#72][PERSON#65]之一，[LOCATION#55]人士，是一个带发修行的居士。她原是仕宦人家的小姐，自小在[LOCATION#49]出家为尼。[LOCATION#63]建造[LOCATION#20]，[PERSON#671]入住栊翠庵。她在[PERSON#972]、[PERSON#15_1]面前从容自若，不卑不亢；在[LOCATION#20]的日子里，她与[PERSON#733_1]、[PERSON#666]、[PERSON#159]、[PERSON#318]、[PERSON#483]、[PERSON#586]结下友谊；她美丽聪颖，心性高洁，却遭人嫉恨，举世难容；她是佛家[PERSON#187]子，文学上却大爱庄子，感情上又尘缘未了，不洁不空；她才华馥郁，品位高雅，栊翠庵品茶，刻画她茶艺精湛，中秋夜联诗，塑造她为“红楼诗仙”。[PERSON#157]丢失[PERSON#596]，[PERSON#177]请[PERSON#671]扶乩。[PERSON#972]病危，[PERSON#671]不请自来，探望病情。[PERSON#972]出殡次日，[PERSON#671]被贼人掳走，[PERSON#157]悲伤叹惋。再后来，[LOCATION#63]传闻她在海边遇害。
PERSON#314,何三,其他,何三是清代长篇小说《红楼梦》中的虚构人物，系周瑞的干儿子，首次出场于第八十八回。该人物原指望在贾母丧事中谋取钱财未果，因游手好闲频繁出入赌场，并在此结识不良之徒。贾珍管家期间，何三曾因与鲍二斗殴被鞭笞驱逐，后对贾府心生怨恨。贾母丧期贾府空虚时，何三受赌场中人挑唆，趁夜带领盗贼潜入荣府行窃。最终江南甄家投奔来的奴仆包勇持木棍将其击落房下，当场毙命。,[PERSON#314]是清代长篇小说[BOOK#38]中的虚构人物，系[PERSON#760]的干儿子，首次出场于第八十八回。该人物原指望在[PERSON#972]丧事中谋取钱财未果，因游手好闲频繁出入赌场，并在此结识不良之徒。[PERSON#452]管家期间，[PERSON#314]曾因与[PERSON#955]斗殴被鞭笞驱逐，后对[LOCATION#63]心生怨恨。[PERSON#972]丧期[LOCATION#63]空虚时，[PERSON#314]受赌场中人挑唆，趁夜带领盗贼潜入[LOCATION#57]行窃。最终[LOCATION#42][PERSON#378]投奔来的奴仆[PERSON#8]持木棍将其击落房下，当场毙命。
PERSON#813,夏三,荣国府,夏三是清代小说《红楼梦》中夏金桂的过继弟弟，首次登场于第九十一回。他通过转移薛府财物、协助投毒等行为推动情节发展，其"夏三"之名被曹雪芹以谐音"下三"暗喻道德缺陷。该角色集中展现了薛府内部的伦理崩坏与家族乱象，最终因夏金桂误食毒汤身亡而罪行败露。,[PERSON#813]是清代小说[BOOK#38]中[PERSON#250_1]的过继[PERSON#187][PERSON#187]，首次登场于第九十一回。他通过转移[LOCATION#60]财物、协助投毒等行为推动情节发展，其"[PERSON#813]"之名被[PERSON#263]以谐音"下三"暗喻道德缺陷。该角色集中展现了[LOCATION#60]内部的伦理崩坏与家族乱象，最终因[PERSON#250_1]误食毒汤身亡而罪行败露。
PERSON#146,胡道长,其他,胡道长（胡老爷）在《红楼梦》中是一个仅被提及而从未出场的人物。他是贾蓉在秦可卿去世后续娶的妻子胡氏的娘家父亲，官职为“京畿道”。这段关于他的信息，是冯紫英在与贾政、贾赦闲谈时，由贾政亲口透露的。冯紫英随后的一句评价“胡道长我是知道的。但是他家教上也不怎么样”，虽看似轻描淡写，却意味深长：它既点明了胡氏门第（远不及昔日秦可卿的来历），也暗示了宁国府在贾珍治下，娶媳不再讲究深究家风底蕴，透露出家族联姻标准的松懈与家族势衰的迹象。胡道长本人具体品行、事迹皆无着墨，其形象完全依附于其女（胡氏）的婚姻而存在，是小说在后续叙事中用以对比秦可卿、并侧面反映贾府（特别是宁国府）人事变迁与运势下滑的一个符号性名字。,[PERSON#146]（[PERSON#162]）在[BOOK#38]中是一个仅被提及而从未出场的人物。他是[PERSON#88]在[PERSON#548]去世后续娶的妻子[PERSON#821]的娘家父亲，[PERSON#152]职为“[LOCATION#7]”。这段关于他的信息，是[PERSON#7]在与[PERSON#357]、[PERSON#926]闲谈时，由[PERSON#357]亲口透露的。[PERSON#7]随后的一句评价“[PERSON#146]我是知道的。但是他家教上也不怎么样”，虽看似轻描淡写，却意味深长：它既点明了[PERSON#821]门第（远不及昔日[PERSON#548]的来历），也暗示了[LOCATION#28]在[PERSON#452]治下，娶媳不再讲究深究家风底蕴，透露出家族联姻标准的松懈与家族势衰的迹象。[PERSON#146]本人具体品行、事迹皆无着墨，其形象完全依附于其女（[PERSON#821]）的婚姻而存在，是小说在后续叙事中用以对比[PERSON#548]、并侧面反映[LOCATION#63]（特别是[LOCATION#28]）人事变迁与运势下滑的一个符号性名字。
PERSON#163,沁香,荣国府,沁香是小说《红楼梦》中登场的虚拟人物，出自原著第九十三回，身份为水月庵中的小沙弥。沁香相貌妩媚，在贾芹管理家庙期间与鹤仙共同与其发生不正当关系。空闲时一起学些丝弦乐器，唱个小曲儿。贾芹领月钱时提议喝酒，沁香等人响应并划拳行令。三人时常聚众饮酒唱曲，导致庵内秩序混乱。后因此事败露，被贾府押回处置。该人物最终因行为失检遭贾府惩处。,[PERSON#163]是小说[BOOK#38]中登场的虚拟人物，出自原著第九十三回，身份为[LOCATION#41]中的小沙弥。[PERSON#163]相貌妩媚，在[PERSON#79]管理家庙期间与[PERSON#656]共同与其发生不正当关系。空闲时一起学些丝弦乐器，唱个小曲儿。[PERSON#79]领月钱时提议喝酒，[PERSON#163]等人响应并划拳行令。三人时常聚众饮酒唱曲，导致庵内秩序混乱。后因此事败露，被[LOCATION#63]押回处置。该人物最终因行为失检遭[LOCATION#63]惩处。
PERSON#889,李十儿,荣国府,李十儿是《红楼梦》中人物，首次出现于第九十九回，系贾政赴江西督办漕粮期间的奴仆头目。原为金陵贾府门房，后随贾政出任江西粮道衙门担任门子，负责把控人员进出与信息传递。贾政严禁勒索乡民时，李十儿煽动衙役集体怠工制造困境，以“轿夫不足”“断绝饮食”等手段逼迫贾政妥协。取得默许后勾结粮房书办等人擅自加重粮税并私分赃款。其妻室因此获得金银妆饰，而贾政最终因"失察属员，重征粮米，苛虐百姓"罪名被连降三级调职。,[PERSON#889]是[BOOK#38]中人物，首次出现于第九十九回，系[PERSON#357]赴[LOCATION#44]督办漕粮期间的奴仆头目。原为[LOCATION#72][LOCATION#63]门房，后随[PERSON#357]出任[LOCATION#44]粮道衙门担任[PERSON#509]，负责把控人员进出与信息传递。[PERSON#357]严禁勒索乡民时，[PERSON#889]煽动衙役集体怠工制造困境，以“轿夫不足”“断绝饮食”等手段逼迫[PERSON#357]妥协。取得默许后勾结粮房书办等人擅自加重粮税并私分赃款。其妻室因此获得金银妆饰，而[PERSON#357]最终因"失察属员，重征粮米，苛虐百姓"罪名被连降三级调职。
PERSON#837,贾范,其他,贾范是清代古典小说《红楼梦》中的虚构人物，贾府远亲，世袭三等职衔，登场于第一百零四回。其名通过邸报记载与贾府政治危机相关联，成为小说展现贾氏宗族治理失当的典型案例。贾范纵容家奴时福犯下命案，遭苏州刺史李孝参劾。案件经刑部题奏后引发朝廷关注，贾政在皇帝质询时以“远族”界定双方关系，并借机陈述家族分支庞杂、难以约束的困境。此事件成为贾府败落征兆，间接加剧皇室对贾氏一族的负面观感。作为贾府宗族网络边缘人物，贾范的世袭身份与其治家失德形成反差，折射出四大家族“树倒猢狲散”的必然趋势，其劣迹成为家族政治危机的重要导火索。,[PERSON#837]是清代古典小说[BOOK#38]中的虚构人物，[LOCATION#63]远亲，世袭三等职衔，登场于第一百零四回。其名通过邸报记载与[LOCATION#63]政治危机相关联，成为小说展现[PERSON#561]宗族治理失当的典型案例。[PERSON#837]纵容家奴[PERSON#245]犯下命案，遭[LOCATION#55]刺史[PERSON#269]参劾。案件经刑部题奏后引发朝廷关注，[PERSON#357]在皇帝质询时以“远族”界定双方关系，并借机陈述家族分支庞杂、难以约束的困境。此事件成为[LOCATION#63]败落征兆，间接加剧皇室对[PERSON#561]一族的负面观感。作为[LOCATION#63]宗族网络边缘人物，[PERSON#837]的世袭身份与其治家失德形成反差，折射出四大家族“树倒猢狲散”的必然趋势，其劣迹成为家族政治危机的重要导火索。
PERSON#828,毛半仙,其他,毛半仙，男，《红楼梦》中人物，是一名算卦的江湖术士。首见第一〇二回《宁国府骨肉病灾祲大观园符水驱妖孽》。贾蓉因母亲尤氏病重，提议并请来毛半仙为母占卦。毛半仙先以金钱课起卦，占得“未济”之卦，推断病情；后又用大六壬起课，得“魄化课”，断为旧宅有伏虎作怪，傍晚得病，但最终算出有贵神救解，谓之“魄化魂归”，结论为“先忧后喜”。毛半仙的占卦结果，直接导致了贾府设立驱妖坛以镇鬼。此后贾珍等人也相继病倒，再无人敢进大观园。,[PERSON#828]，男，[BOOK#38]中人物，是一名算卦的江湖术士。首见第一〇二回[BOOK#18]。[PERSON#88]因母亲[PERSON#777]病重，提议并请来[PERSON#828]为母占卦。[PERSON#828]先以金钱课起卦，占得“[PERSON#264]”之卦，推断病情；后又用大六壬起课，得“[PERSON#650]”，断为旧宅有伏虎作怪，傍晚得病，但最终算出有贵神救解，谓之“[PERSON#651]”，结论为“先忧后喜”。[PERSON#828]的占卦结果，直接导致了[LOCATION#63]设立驱妖坛以镇鬼。此后[PERSON#452]等人也相继病倒，再无人敢进[LOCATION#20]。
PERSON#493,邢大舅,其他,邢大舅是《红楼梦》及其衍生作品中的虚拟人物，原名邢德全，为贾赦之妻邢夫人的兄长。该角色在小说中因亲属关系表述矛盾引发关注，第四十九回提及的‘邢夫人兄嫂’携邢岫烟投奔贾府，与第七十五回邢德全自述‘三姐妹中年最长者’存在年龄逻辑冲突。邢德全于小说第七十五回正式出场，但第六十四回已有‘邢大舅’之称谓提及。邢德全长期寄居贾府，性格放浪嗜赌，与薛蟠、贾珍等人在宁国府聚赌娈童，被称为‘傻大舅’。因邢夫人作为长姐出嫁后把持邢家家产，导致其用度受限，邢德全常向贾珍等人抱怨邢夫人吝啬，称自己只是想要回邢家家私以供花费。在癸酉本《石头记》后续情节中，邢德全曾于贾府宴饮时醉酒闹事。该角色关联邢岫烟身世之谜，反映了邢家内部财产纠葛与亲属关系的模糊性。邢德全在抱怨中只提及三位姐姐而从未提到兄长邢忠，进一步加深了邢家亲属关系的矛盾。,[PERSON#493]是[BOOK#38]及其衍生作品中的虚拟人物，原名[PERSON#921]，为[PERSON#926]之妻[PERSON#95]的[PERSON#34]长。该角色在小说中因亲属关系表述矛盾引发关注，第四十九回提及的‘[PERSON#95][PERSON#34]嫂’携[PERSON#586]投奔[LOCATION#63]，与第七十五回[PERSON#921]自述‘三姐妹中年最长者’存在年龄逻辑冲突。[PERSON#921]于小说第七十五回正式出场，但第六十四回已有‘[PERSON#493]’之称谓提及。[PERSON#921]长期寄居[LOCATION#63]，性格放浪嗜赌，与[PERSON#346]、[PERSON#452]等人在[LOCATION#28]聚赌娈童，被称为‘[PERSON#30]’。因[PERSON#95]作为长姐出嫁后把持[PERSON#598]家家产，导致其用度受限，[PERSON#921]常向[PERSON#452]等人抱怨[PERSON#95]吝啬，称自己只是想要回[PERSON#598]家家私以供[PERSON#464][PERSON#531]。在癸酉本[BOOK#33]后续情节中，[PERSON#921]曾于[LOCATION#63]宴饮时醉酒闹事。该角色关联[PERSON#586]身世之谜，反映了[PERSON#598]家内部财产纠葛与亲属关系的模糊性。[PERSON#921]在抱怨中只提及三位姐姐而从未提到[PERSON#34]长[PERSON#599]，进一步加深了[PERSON#598]家亲属关系的矛盾。
PERSON#730,张友士,其他,张友士是小说《红楼梦》中的人物，男性身份，职业为医生，第十回经冯紫英推荐为秦可卿诊治。张友士通过切脉诊断秦可卿病症为忧思伤脾、肝木过旺导致月经不调，开出以四君子汤与四物汤为基础的益气养荣补脾和肝汤，药方含土炒白术、醋制柴胡等药材，强调道地药材选用与炮制方法。后续采用益肾调肝法缓解症状但未愈。张友士未询问病史即通过脉象（左寸沉数、左关沉伏等）结合五行理论指出脾土被肝木克制，认为秦可卿病情已入沉疴仅有三分治愈把握。其医术特点包括否定太医误诊、批评前期治疗延误、强调医缘重要性，通过对比其他医者凸显其脉诊精准。相关情节被学者王蒙解读为"富有游戏性"的写作手法，体现曹雪芹通过业余与专业医生的认知反差构建间离效果，成为解析秦可卿病因与社会隐喻的重要线索。,[PERSON#730]是小说[BOOK#38]中的人物，男性身份，职业为医生，第十回经[PERSON#7]推荐为[PERSON#548]诊治。[PERSON#730]通过切脉诊断[PERSON#548]病症为忧思伤脾、肝木过旺导致月经不调，开出以四君子汤与四物汤为基础的益气养荣补脾和肝汤，药方含土炒[PERSON#385]术、醋制柴胡等药材，强调道地药材选用与炮制方法。后续采用益肾调肝法缓解症状但未愈。[PERSON#730]未询问病史即通过脉象（左寸沉数、左关沉伏等）结合五行理论指出脾土被肝木克制，认为[PERSON#548]病情已入沉疴仅有三分治愈把握。其医术特点包括否定太医误诊、批评前期治疗延误、强调医缘重要性，通过对比其他医者凸显其脉诊精准。相关情节被学者[PERSON#361]解读为"富有游戏性"的写作手法，体现[PERSON#263]通过业余与专业医生的认知反差构建间离效果，成为解析[PERSON#548]病因与社会隐喻的重要线索。
PERSON#95,邢夫人,荣国府,邢夫人是中国古典小说《红楼梦》中的虚构人物，贾赦续弦妻子，荣国府长房儿媳，侄女为邢岫烟。其角色在1987年央视版《红楼梦》电视剧中由夏明辉饰演，另有王馥荔、陈鸿梅等演员在不同影视版本中塑造过这一形象。作为填房夫人，邢夫人在贾府地位尴尬，虽为长媳却无实权，常与王夫人、王熙凤产生矛盾。性格愚犟刻薄，常奉承贾赦并配合其恶行，曾为贾赦求娶贾母侍女鸳鸯遭斥责。借绣春囊事件引发抄检大观园，导致王夫人与探春等人冲突。在贾母丧礼期间把控财政刁难王熙凤，对继子贾琏、儿媳王熙凤及娘家亲眷均冷酷无情。最终因贾赦获罪被革职抄家，邢夫人随之失去诰命身份沦为罪属。该角色通过依附丈夫、压制晚辈等行为，展现了封建家族中续弦夫人的生存困境。,[PERSON#95]是[LOCATION#3]古典小说[BOOK#38]中的虚构人物，[PERSON#926]续弦妻子，[LOCATION#56]长房儿媳，侄女为[PERSON#586]。其角色在1987年央视版[BOOK#38]电视剧中由[PERSON#116]饰演，另有[PERSON#364]、[PERSON#633]等演员在不同影视版本中塑造过这一形象。作为填房夫人，[PERSON#95]在[LOCATION#63]地位尴尬，虽为长媳却无实权，常与[PERSON#15_1]、[PERSON#433]产生矛盾。性格愚犟刻薄，常奉承[PERSON#926]并配合其恶行，曾为[PERSON#926]求娶[PERSON#972]侍女[PERSON#654]遭斥责。借绣春囊事件引发抄检[LOCATION#20]，导致[PERSON#15_1]与[PERSON#237]等人冲突。在[PERSON#972]丧礼期间把控财政刁难[PERSON#433]，对继子[PERSON#186_1]、儿媳[PERSON#433]及娘家亲眷均冷酷无情。最终因[PERSON#926]获罪被革职抄家，[PERSON#95]随之失去诰命身份沦为罪属。该角色通过依附丈夫、压制晚辈等行为，展现了封建家族中续弦夫人的生存困境。
PERSON#231,痴梦仙姑,其他,痴梦仙姑是小说《红楼梦》中的虚拟人物，为太虚幻境中的仙姑，常被视为林黛玉的化身，与钟情大士、引愁金女、度恨菩提并称四位仙姑。其名号与佛道相关，在贾宝玉神游太虚幻境的情节中出现，暗喻贾宝玉人生中四次情爱历程。根据文本分析，四仙姑命名隐喻贾宝玉童年性幻想（对应痴梦仙姑）、断袖癖倾向（对应钟情大士）等具体情爱阶段变化，并关联金陵十二钗正册中对其命运起关键作用的四位女性。该角色在故事中具有双重属性：既承担贾宝玉情感历程的象征功能，又在太虚幻境日常事务中执行文书修订、宴会筹办等具体职责，其形象从传统认知中的柔弱女子转化为具有实际职权的仙班成员。,[PERSON#231]是小说[BOOK#38]中的虚拟人物，为[LOCATION#25]中的仙姑，常被视为[PERSON#41]的[PERSON#62]身，与[PERSON#619]、[PERSON#183]、[PERSON#181]并称四位仙姑。其名号与佛道相关，在[PERSON#733_1]神游[LOCATION#25]的情节中出现，暗喻[PERSON#733_1]人生中四次情爱历程。根据文本分析，四仙姑命名隐喻[PERSON#733_1]童年性幻想（对应[PERSON#231]）、断袖癖倾向（对应[PERSON#619]）等具体情爱阶段变[PERSON#62]，并关联[LOCATION#72][PERSON#65]正册中对其命运起关键作用的四位女性。该角色在故事中具有双重属性：既承担[PERSON#733_1]情感历程的象征功能，又在[LOCATION#25]日常事务中执行文书修订、宴会筹办等具体职责，其形象从传统认知中的柔弱女子转[PERSON#62]为具有实际职权的仙班成员。
PERSON#185,扫红,荣国府,扫红是清代小说《红楼梦》中的虚拟角色，贾宝玉的四位小厮之一，排名第四。扫红首次登场于第九回，曾与茗烟、墨雨、锄药等人共同殴打过金荣。后随贾宝玉前往探望其舅王子腾，常与位列第三的小厮伴鹤对弈。该角色在书中着墨较少，无独立台词及重要情节，主要作为次要人物推动叙事焦点回归至贾宝玉。,[PERSON#185]是清代小说[BOOK#38]中的虚拟角色，[PERSON#733_1]的四位小厮之一，排名第四。[PERSON#185]首次登场于第九回，曾与[PERSON#217]、[PERSON#593]、[PERSON#776]等人共同殴打过[PERSON#857]。后随[PERSON#733_1]前往探望其舅[PERSON#196]，常与位列第三的小厮[PERSON#13]对弈。该角色在书中着墨较少，无独立台词及重要情节，主要作为次要人物推动叙事焦点回归至[PERSON#733_1]。
PERSON#259_1,水溶,其他,水溶，曹雪芹创作的小说《红楼梦》及其衍生作品中的角色，北静王，首见第十四回。年未弱冠，形容秀美，性情谦和。因祖上与贾府有世交之谊，故从未以异姓相见，更不以王位自居。秦可卿出丧，他特设路祭，在路旁高搭彩棚，设席张筵，和音奏乐，哀悼吊唁。又专请贾宝玉相见。他对通灵宝玉“称奇道异”了一番，夸奖宝玉果然如“宝”似“玉”，“真乃龙驹凤雏”，并把皇上亲赐之鹡鸰念珠一串赠与宝玉。贾宝玉素厌官僚权贵，但平日闻得北静王风流潇洒，不为官俗国体所缚，每思相会，所以相见之下，彼此都有惺惺相惜之意。,[PERSON#259_1]，[PERSON#263]创作的小说[BOOK#38]及其衍生作品中的角色，[PERSON#63]，首见第十四回。年未弱冠，形容秀美，性情谦和。因祖上与[LOCATION#63]有世交之谊，故从未以异姓相见，更不以[PERSON#339]位自居。[PERSON#548]出丧，他特设路祭，在路旁高搭彩棚，设席[PERSON#188]筵，和音奏乐，哀悼吊唁。又专请[PERSON#733_1]相见。他对[PERSON#596]“称奇道异”了一番，夸奖[PERSON#157]果然如“宝”似“[PERSON#336]”，“真乃龙驹凤雏”，并把皇上亲赐之鹡鸰念珠一串赠与[PERSON#157]。[PERSON#733_1]素厌[PERSON#152]僚权贵，但平日闻得[PERSON#63]风流潇洒，不为[PERSON#152]俗国体所缚，每思相会，所以相见之下，彼此都有惺惺相惜之意。
PERSON#762,静虚,其他,静虚是清代小说《红楼梦》中的人物，身为水月庵主持，在第十五回中挑唆王熙凤干预张金哥的婚姻官司，导致张金哥及其未婚夫双双自尽。她虽为宗教人士，却攀附权贵、参与世俗纷争，其虚伪庸俗的形象体现了小说对宗教人士伪善本质的批判。,[PERSON#762]是清代小说[BOOK#38]中的人物，身为[LOCATION#41]主持，在第十五回中挑唆[PERSON#433]干预[PERSON#207]的婚姻[PERSON#152]司，导致[PERSON#207]及其未婚夫双双自尽。她虽为宗教人士，却攀附权贵、参与世俗纷争，其虚伪庸俗的形象体现了小说对宗教人士伪善本质的批判。
PERSON#92,单聘仁,荣国府,单聘仁是清代小说《红楼梦》中的虚构人物，首次出现于第八回，为贾政门下清客相公，与詹光、单聘仁、卜固修、程日兴并称贾府四清客。该角色由金仲舜在1987年版电视剧《红楼梦》中饰演。单聘仁以阿谀奉承贾宝玉为主要特征，其名“单聘仁”谐音“善骗人”。在小说中，单聘仁参与筹备元妃省亲事宜，并随贾蔷赴姑苏负责聘请教习、采买戏班女伶及置办乐器行头等事务。,[PERSON#92]是清代小说[BOOK#38]中的虚构人物，首次出现于第八回，为[PERSON#357]门下清客相公，与[PERSON#920]、[PERSON#92]、[PERSON#68]、[PERSON#39]并称[LOCATION#63]四清客。该角色由[PERSON#604]在1987年版电视剧[BOOK#38]中饰演。[PERSON#92]以阿谀奉承[PERSON#733_1]为主要特征，其名“[PERSON#92]”谐音“善骗人”。在小说中，[PERSON#92]参与筹备[PERSON#32]省亲事宜，并随[PERSON#615]赴[LOCATION#26]负责聘请教习、采买戏班女伶及置办乐器行头等事务。
PERSON#803,渺渺真人,其他,渺渺真人系中国古典名著《红楼梦》核心仙道人物之一，与茫茫大士（癞头和尚）共同构成贯穿全书的超自然叙事线索。其本为太虚幻境仙人，以跛足道人的化身示人，在书中第一回便将女娲补天石带入红尘，并参与铺设太虚幻境，推动"通灵宝玉"历劫的核心情节。该角色通过点化贾瑞、甄士隐等人物，直接干预故事发展轨迹，其言语暗藏人物命运玄机，名字"渺渺"与"茫茫"相呼应，体现万物皆空、繁华易逝的哲学思想。,[PERSON#803]系[LOCATION#3]古典名著[BOOK#38]核心仙道人物之一，与[PERSON#477]（[PERSON#384]）共同构成贯穿全书的超自然叙事线索。其本为[LOCATION#25]仙人，以跛足道人的[PERSON#62]身示人，在书中第一回便将[PERSON#129]补天石带入红尘，并参与铺设[LOCATION#25]，推动"[PERSON#596]"历劫的核心情节。该角色通过点[PERSON#62][PERSON#223]、[PERSON#374]等人物，直接干预故事发展轨迹，其言语暗藏人物命运玄机，名字"[PERSON#316]"与"[PERSON#474]"相呼应，体现万物皆空、繁华易逝的哲学思想。
PERSON#144,葵官,荣国府,葵官是曹雪芹小说《红楼梦》中贾府十二官之一，艺名含清代伶人命名习俗。原属梨香院戏班，工大花面行当，因王夫人遣散优伶获自由，后被分拨给史湘云为丫鬟，改名“韦大英”取“惟大英雄能本色”之意。她性格爽利，具反抗意识。曾与其他戏子联手对抗赵姨娘，被史湘云扮作男装，以“韦大英”之名凸显英气本色。抄检大观园时因未居园内未遭驱逐，但书中未交代其最终去向，成为十二官中结局成谜的角色之一。作为红楼优伶群体的典型，葵官的命运映射了贾府伶人阶层的生存境遇。其改名情节既暗含对性别身份的思考，亦通过“韦大英”之名与史湘云性格形成互文，成为《红楼梦》人物塑造中突破传统范式的案例。,[PERSON#144]是[PERSON#263]小说[BOOK#38]中[LOCATION#63]十二[PERSON#152]之一，艺名含清代伶人命名习俗。原属[LOCATION#39]戏班，工大[PERSON#464]面行当，因[PERSON#15_1]遣散优伶获自由，后被分拨给[PERSON#660]为丫鬟，改名“[PERSON#637]”取“惟大英雄能本色”之意。她性格爽利，具反抗意识。曾与其他戏子联手对抗[PERSON#234]，被[PERSON#660]扮作男装，以“[PERSON#637]”之名凸显英气本色。抄检[LOCATION#20]时因未居园内未遭驱逐，但书中未交代其最终去向，成为十二[PERSON#152]中结局成谜的角色之一。作为红楼优伶群体的典型，[PERSON#144]的命运映射了[LOCATION#63]伶人阶层的生存境遇。其改名情节既暗含对性别身份的思考，亦通过“[PERSON#637]”之名与[PERSON#660]性格形成互文，成为[BOOK#38]人物塑造中突破传统范式的案例。
PERSON#779,宝官,荣国府,宝官是清代小说《红楼梦》中的虚拟角色，贾府梨香院女伶，属红楼十二官之一。该角色首次出现于小说第三十回，在梨香院戏班中饰小生，与芳官搭档。第三十回时，宝官与正旦玉官正在怡红院和袭人玩笑，因大雨被阻在院内。宝官与玉官常到怡红院玩耍。至第三十六回，宝玉到梨香院时遇见宝官、玉官，宝官告知宝玉“只略等一等，蔷二爷来了叫他唱，是必唱的”。贾府戏班解散后，宝官不愿留下，出去了。作为梨香院女伶群体成员，宝官经历与十二官命运轨迹一致。“红楼十二官”中，宝官是不愿留下、出去了的三人之一。角色功能性大于独立性，主要作为群体符号存在于叙事中。,[PERSON#779]是清代小说[BOOK#38]中的虚拟角色，[LOCATION#63][LOCATION#39]女伶，属[PERSON#425]之一。该角色首次出现于小说第三十回，在[LOCATION#39]戏班中饰小生，与[PERSON#791]搭档。第三十回时，[PERSON#779]与正旦[PERSON#448]正在[LOCATION#36]和[PERSON#512]玩笑，因大雨被阻在院内。[PERSON#779]与[PERSON#448]常到[LOCATION#36]玩耍。至第三十六回，[PERSON#157]到[LOCATION#39]时遇见[PERSON#779]、[PERSON#448]，[PERSON#779]告知[PERSON#157]“只略等一等，[PERSON#491]二[PERSON#334]来了叫他唱，是必唱的”。[LOCATION#63]戏班解散后，[PERSON#779]不愿留下，出去了。作为[LOCATION#39]女伶群体成员，[PERSON#779]经历与十二[PERSON#152]命运轨迹一致。“[PERSON#425]”中，[PERSON#779]是不愿留下、出去了的三人之一。角色功能性大于独立性，主要作为群体符号存在于叙事中。
PERSON#403,宋嬷嬷,荣国府,宋嬷嬷是《红楼梦》中荣国府仆役群体的代表人物，属于贾宝玉怡红院体系中负责日常事务的老嬷嬷。作为"四婆子"群体成员，其与刘姥姥、马道婆、张妈妈等共同构成贾府底层仆役群体的缩影。在人物体系中明确隶属贾政一脉的仆从层级，与李嬷嬷、赵嬷嬷等共同承担宝玉院中杂务管理。其职能主要体现在处理院内琐事及充当人际传信角色，虽未参与重大情节，但通过日常细节展现出贾府仆役系统运作的微观图景。,[PERSON#403]是[BOOK#38]中[LOCATION#56]仆役群体的代表人物，属于[PERSON#733_1][LOCATION#36]体系中负责日常事务的老嬷嬷。作为"[PERSON#107]"群体成员，其与[PERSON#456]、[PERSON#733]、[PERSON#195]等共同构成[LOCATION#63]底层仆役群体的缩影。在人物体系中明确隶属[PERSON#357]一脉的仆从层级，与[PERSON#262]、[PERSON#752]等共同承担[PERSON#157]院中杂务管理。其职能主要体现在处理院内琐事及充当人际传信角色，虽未参与重大情节，但通过日常细节展现出[LOCATION#63]仆役系统运作的微观图景。
PERSON#687,王子腾的夫人,其他,王子腾的夫人在《红楼梦》中是一个被尊称为“老舅太太”但从未正式出场的背景人物。她是王夫人、薛姨妈的嫂子，凤姐的婶娘，属于四大家族中王家的核心女眷。其形象仅通过凤姐与贾蓉的对话间接呈现：她曾将一架珍贵的玻璃炕屏赠予凤姐，这件礼物不仅是姑侄间亲密关系的体现，更是王家富贵与权势的象征。贾蓉特意来借这件摆设以招待“要紧的客”，恰恰说明了王家之物在贾府社交场合中代表的体面与分量。这位夫人虽无具体事迹，但其存在强化了王家与贾府之间盘根错节的姻亲纽带，并作为王家财富的一个符号，侧面烘托出“东海缺少白玉床，龙王来请金陵王”的家族气象。,[PERSON#687]在[BOOK#38]中是一个被尊称为“[PERSON#443][PERSON#911]”但从未正式出场的背景人物。她是[PERSON#15_1]、[PERSON#390]的嫂子，[PERSON#53]的婶娘，属于四大家族中[PERSON#339]家的核心女眷。其形象仅通过[PERSON#53]与[PERSON#88]的对话间接呈现：她曾将一架珍贵的玻璃炕屏赠予[PERSON#53]，这件礼物不仅是姑侄间亲密关系的体现，更是[PERSON#339]家富贵与权势的象征。[PERSON#88]特意来借这件摆设以招待“要紧的客”，恰恰说明了[PERSON#339]家之物在[LOCATION#63]社交场合中代表的体面与分量。这位夫人虽无具体事迹，但其存在强[PERSON#62]了[PERSON#339]家与[LOCATION#63]之间盘根错节的姻亲纽带，并作为[PERSON#339]家财富的一个符号，侧面烘托出“[LOCATION#2]缺少[PERSON#386]，[PERSON#668]来请[LOCATION#72][PERSON#339]”的家族气象。
PERSON#745,赖尚荣,荣国府,赖尚荣是古典小说《红楼梦》中的虚构人物，赖嬷嬷之孙，出生于贾府家生奴仆家庭，自幼被放出奴籍成为自由人，1987版电视剧《红楼梦》中其扮演者不详。作为荣国府总管赖大之子，他依托贾府势力在二十岁捐得监生资格，三十岁获任知县，成为奴才阶层跻身仕途的典型代表。他早年受贾府荫庇享公子待遇，读书捐官皆赖主家扶持。任知县期间贪腐成风，贾府衰败后，贾政南下途中向其借银五百两，仅得五十两敷衍。遭拒后虽补赠至百两仍被贾政退还，最终选择告病辞官。祖母赖嬷嬷曾训诫其恪守本分，但其沉溺奢靡生活，逐渐背离主仆恩义。从受惠者到背叛者的转变，既折射封建家族的人情依附网络，亦揭示利己者忘恩本质。其仕途起落与贾府兴衰形成对照，最终以辞官避祸收场。,[PERSON#745]是古典小说[BOOK#38]中的虚构人物，[PERSON#812]之孙，出生于[LOCATION#63]家生奴仆家庭，自幼被放出奴籍成为自由人，1987版电视剧[BOOK#38]中其扮演者不详。作为[LOCATION#56]总管[PERSON#346_1]之子，他依托[LOCATION#63]势力在二十岁捐得监生资格，三十岁获任知县，成为奴才阶层跻身仕途的典型代表。他早年受[LOCATION#63]荫庇享公子待遇，读书捐[PERSON#152]皆赖主家扶持。任知县期间贪腐成风，[LOCATION#63]衰败后，[PERSON#357]南下途中向其借银五百两，仅得五十两敷衍。遭拒后虽补赠至百两仍被[PERSON#357]退还，最终选择告病辞[PERSON#152]。祖母[PERSON#812]曾训诫其恪守本分，但其沉溺奢靡生活，逐渐背离主仆恩义。从受惠者到背叛者的转变，既折射封建家族的人情依附网络，亦揭示利己者忘恩本质。其仕途起落与[LOCATION#63]兴衰形成对照，最终以辞[PERSON#152]避祸收场。
PERSON#575,智通,其他,智通，女，小说《红楼梦》中人物，登场于第七十七回《俏丫鬟抱屈夭风流 美优伶斩情归水月》，为水月庵尼姑。八月十五日，智通与地藏庵圆心借送供尖暂居贾府，期间有人向王夫人进言称芳官、蕊官、藕官无依无靠，出家可修来世。王夫人经考量后同意此善举，并亲自询问三人意愿。智通收芳官为徒，圆心带走蕊官、藕官，三人叩拜辞行前获王夫人赠礼，随后随尼姑离去。此事件暴露佛门人物世俗算计，暗合书中悲剧基调，亦反映贾府管理混乱及封建势力对下人命运的随意处置。智通利用王夫人善心达成目的，其行为本质为趁机攫取劳动力，侧面印证贾府衰败迹象。,[PERSON#575]，女，小说[BOOK#38]中人物，登场于第七十七回[BOOK#5]，为[LOCATION#41]尼姑。八月十五日，[PERSON#575]与[LOCATION#17][PERSON#710]借送供尖暂居[LOCATION#63]，期间有人向[PERSON#15_1]进言称[PERSON#791]、[PERSON#554]、[PERSON#176]无依无靠，出家可修来世。[PERSON#15_1]经考量后同意此善举，并亲自询问三人意愿。[PERSON#575]收[PERSON#791]为徒，[PERSON#710]带走[PERSON#554]、[PERSON#176]，三人叩拜辞行前获[PERSON#15_1]赠礼，随后随尼姑离去。此事件暴露佛门人物世俗算计，暗合书中悲剧基调，亦反映[LOCATION#63]管理混乱及封建势力对下人命运的随意处置。[PERSON#575]利用[PERSON#15_1]善心达成目的，其行为本质为趁机攫取劳动力，侧面印证[LOCATION#63]衰败迹象。
PERSON#710,圆心,其他,圆心是清代曹雪芹所著长篇小说《红楼梦》中的次要人物。作为地藏庵尼姑，她在第七十七回借中秋送供之机滞留贾府，与智通共同游说王夫人允准芳官等优伶出家。以“佛法平等”“苦海回头”等言辞打动王夫人，最终将芳官、蕊官、藕官分别收入水月庵和地藏庵为徒。该情节通过宗教人士介入贵族府邸的描写，折射出贾府衰败期仆役群体的生存困境。姑子们以度化之名行役使之实的言行，既展现佛门世俗化现象，也暗示芳官等人逃离贵族牢笼后仍难获真正解脱的命运轨迹。,[PERSON#710]是清代[PERSON#263]所著长篇小说[BOOK#38]中的次要人物。作为[LOCATION#17]尼姑，她在第七十七回借中秋送供之机滞留[LOCATION#63]，与[PERSON#575]共同游说[PERSON#15_1]允准[PERSON#791]等优伶出家。以“佛法平等”“苦海回头”等言辞打动[PERSON#15_1]，最终将[PERSON#791]、[PERSON#554]、[PERSON#176]分别收入[LOCATION#41]和[LOCATION#17]为徒。该情节通过宗教人士介入贵族府邸的描写，折射出[LOCATION#63]衰败期仆役群体的生存困境。姑子们以度[PERSON#62]之名行役使之实的言行，既展现佛门世俗[PERSON#62]现象，也暗示[PERSON#791]等人逃离贵族牢笼后仍难获真正解脱的命运轨迹。
PERSON#469,太平县知县,其他,太平县知县在《红楼梦》中是一个典型的贪赃枉法、趋炎附势的清代地方官形象。他在审理薛蟠打死酒保张三一案时，起初按程序传集人证、核对口供；但在薛家通过薛蝌等人重金贿赂后，他便与刑房书吏串通，篡改尸格、翻供翻案，将薛蟠 “故意杀人” 改为 “一时失手、磕碰致死”，最终轻判薛蟠，让其逍遥法外。他明知书吏改轻案情、尸亲张王氏喊冤，却不驳诘、胡乱画供，完全无视人命与律法，只为收受钱财、巴结权贵，是《红楼梦》中刻画清代官场黑暗、司法腐败的典型人物。,[LOCATION#24]知县在[BOOK#38]中是一个典型的贪赃枉法、趋炎附势的清代地方[PERSON#152]形象。他在审理[PERSON#346]打死酒保[PERSON#189]一案时，起初按程序传集人证、核对口供；但在[PERSON#503]通过[PERSON#684]等人重金贿赂后，他便与刑房书吏串通，篡改尸格、翻供翻案，将[PERSON#346] “故意杀人” 改为 “一时失手、磕碰致死”，最终轻判[PERSON#346]，让其逍遥法外。他明知书吏改轻案情、尸亲[PERSON#19]喊冤，却不驳诘、胡乱画供，完全无视人命与律法，只为收受钱财、巴结权贵，是[BOOK#38]中刻画清代[PERSON#152]场黑暗、司法腐败的典型人物。
PERSON#50,空空道人,其他,空空道人是清代古典小说《红楼梦》中的幻异人物，男性仙人角色，主要登场于第一回、第十二回和第二十五回。该人物原为仙界角色，后将顽石幻化为通灵宝玉介入人间，并因参悟色空之道易名为情僧，被研究者视为作者思想表达的化身。该角色在第十二回展现超现实干预能力，其名号“空空”源自儒释经典概念。霍克思英译本将其名译为拉丁文“Vanitas”，呼应《圣经·传道书》中“虚空的虚空”意象，并与萨克雷《名利场》及西方虚空画艺术形成跨文化对照。作为勾连神话框架与现实叙事的关键符号，空空道人既承担推动情节的功能，又暗合小说“万境归空”的核心主题。该人物最终完成从“道人”到“情僧”的身份转变，折射出文本哲学层面的色空观照。,[PERSON#50]是清代古典小说[BOOK#38]中的幻异人物，男性仙人角色，主要登场于第一回、第十二回和第二十五回。该人物原为仙界角色，后将[PERSON#639]幻[PERSON#62]为[PERSON#596]介入人间，并因参悟[PERSON#459]之道易名为[PERSON#220]，被研究者视为作者思想表达的[PERSON#62]身。该角色在第十二回展现超现实干预能力，其名号“[PERSON#415]”源自儒释经典概念。霍克思英译本将其名译为拉丁文“Vanitas”，呼应[BOOK#13]中“虚空的虚空”意象，并与萨克雷[BOOK#9]及西方虚空画艺术形成跨文[PERSON#62]对照。作为勾连神话框架与现实叙事的关键符号，[PERSON#50]既承担推动情节的功能，又暗合小说“万境归空”的核心主题。该人物最终完成从“道人”到“[PERSON#220]”的身份转变，折射出文本哲学层面的[PERSON#459]观照。
PERSON#522,贾兰,荣国府,贾兰，中国古典小说《红楼梦》中的人物，始见于小说第四回“薄命女偏逢薄命郎 葫芦僧乱判葫芦案”，贾珠与李纨之子，贾政与王夫人之孙。贾兰自幼丧父，与母亲生活在贾府。五岁便进入学堂，众顽童闹学堂期间，贾兰劝阻贾菌不要参与。贾元春归省时，贾兰获得赏赐。之后，贾兰文武兼修，尤其在经济文章方面有自己的见解，并考试中举。据学者推测，贾兰功成不久便离世。贾兰虽然在原著中着墨不多，但作为荣国府的嫡系子孙，他通过刻苦努力考中了举人，暗合了甄士隐预言的“兰桂齐芳”，未来可能带领家族复兴。贾兰的形象还出现在诸多衍生作品中，如电视剧《红楼梦》。,[PERSON#522]，[LOCATION#3]古典小说[BOOK#38]中的人物，始见于小说第四回“[PERSON#497]偏逢[PERSON#499] [PERSON#484]乱判[PERSON#485]”，[PERSON#325]与[PERSON#315]之子，[PERSON#357]与[PERSON#15_1]之孙。[PERSON#522]自幼丧父，与母亲生活在[LOCATION#63]。五岁便进入[LOCATION#27]，众顽童闹[LOCATION#27]期间，[PERSON#522]劝阻[PERSON#46]不要参与。[PERSON#904]归省时，[PERSON#522]获得赏赐。之后，[PERSON#522]文武兼修，尤其在经济文章方面有自己的见解，并考试中举。据学者推测，[PERSON#522]功成不久便离世。[PERSON#522]虽然在原著中着墨不多，但作为[LOCATION#56]的嫡系子孙，他通过刻苦努力考中了举人，暗合了[PERSON#374]预言的“兰桂齐芳”，未来可能带领家族复兴。[PERSON#522]的形象还出现在诸多衍生作品中，如电视剧[BOOK#38]。
PERSON#475,甄应嘉,其他,甄应嘉：《红楼梦》（首见第二回）甄宝玉之父，表字友忠，金陵人氏，功勋之后。曾任钦差金陵省体仁院总裁。,[PERSON#475]：[BOOK#38]（首见第二回）[PERSON#376]之父，表字[PERSON#70]，[LOCATION#72]人氏，功勋之后。曾任钦差[LOCATION#74]体仁院总裁。
